topic,topic_count,producer_e2e_ms,produce_completion_ms,e2e_completion_remainder_ms,wait_on_metadata_ms,run_dir
test_topic_0,1,138.000,119.726,18.274,9.964,experiments/output/disabled_with_jfr/run_20260131_153100
test_topic_1,2,52.000,36.238,15.762,3.462,experiments/output/disabled_with_jfr/run_20260131_153100
test_topic_2,3,85.000,72.596,12.404,9.181,experiments/output/disabled_with_jfr/run_20260131_153100
test_topic_3,4,41.000,33.338,7.662,4.574,experiments/output/disabled_with_jfr/run_20260131_153100
test_topic_4,5,38.000,31.111,6.889,4.693,experiments/output/disabled_with_jfr/run_20260131_153100
test_topic_5,6,42.000,33.029,8.971,4.674,experiments/output/disabled_with_jfr/run_20260131_153100
test_topic_6,7,36.000,28.445,7.555,3.608,experiments/output/disabled_with_jfr/run_20260131_153100
test_topic_7,8,94.000,79.088,14.912,6.321,experiments/output/disabled_with_jfr/run_20260131_153100
test_topic_8,9,72.000,35.275,36.725,31.347,experiments/output/disabled_with_jfr/run_20260131_153100
test_topic_9,10,46.000,35.497,10.503,6.812,experiments/output/disabled_with_jfr/run_20260131_153100
test_topic_10,11,58.000,46.786,11.214,7.804,experiments/output/disabled_with_jfr/run_20260131_153100
test_topic_11,12,38.000,30.667,7.334,4.438,experiments/output/disabled_with_jfr/run_20260131_153100
test_topic_12,13,33.000,27.430,5.570,3.074,experiments/output/disabled_with_jfr/run_20260131_153100
test_topic_13,14,34.000,29.411,4.589,1.988,experiments/output/disabled_with_jfr/run_20260131_153100
test_topic_14,15,34.000,29.439,4.561,2.880,experiments/output/disabled_with_jfr/run_20260131_153100
test_topic_15,16,32.000,27.649,4.351,2.612,experiments/output/disabled_with_jfr/run_20260131_153100
test_topic_16,17,34.000,29.579,4.421,1.962,experiments/output/disabled_with_jfr/run_20260131_153100
test_topic_17,18,35.000,29.445,5.555,3.384,experiments/output/disabled_with_jfr/run_20260131_153100
test_topic_18,19,35.000,30.077,4.923,2.163,experiments/output/disabled_with_jfr/run_20260131_153100
test_topic_19,20,35.000,29.603,5.397,2.087,experiments/output/disabled_with_jfr/run_20260131_153100
test_topic_20,21,35.000,30.465,4.535,1.841,experiments/output/disabled_with_jfr/run_20260131_153100
test_topic_21,22,38.000,34.512,3.488,1.379,experiments/output/disabled_with_jfr/run_20260131_153100
test_topic_22,23,34.000,27.607,6.393,4.040,experiments/output/disabled_with_jfr/run_20260131_153100
test_topic_23,24,37.000,32.568,4.432,2.335,experiments/output/disabled_with_jfr/run_20260131_153100
test_topic_24,25,32.000,26.646,5.354,3.004,experiments/output/disabled_with_jfr/run_20260131_153100
test_topic_25,26,34.000,27.056,6.944,4.471,experiments/output/disabled_with_jfr/run_20260131_153100
test_topic_26,27,34.000,29.084,4.916,1.849,experiments/output/disabled_with_jfr/run_20260131_153100
test_topic_27,28,107.000,100.544,6.456,3.425,experiments/output/disabled_with_jfr/run_20260131_153100
test_topic_28,29,33.000,29.495,3.505,1.311,experiments/output/disabled_with_jfr/run_20260131_153100
test_topic_29,30,33.000,29.498,3.502,1.440,experiments/output/disabled_with_jfr/run_20260131_153100
test_topic_30,31,33.000,28.210,4.790,3.264,experiments/output/disabled_with_jfr/run_20260131_153100
test_topic_31,32,34.000,29.710,4.290,2.054,experiments/output/disabled_with_jfr/run_20260131_153100
test_topic_32,33,32.000,28.016,3.984,1.208,experiments/output/disabled_with_jfr/run_20260131_153100
test_topic_33,34,33.000,28.149,4.851,2.440,experiments/output/disabled_with_jfr/run_20260131_153100
test_topic_34,35,33.000,28.947,4.053,1.966,experiments/output/disabled_with_jfr/run_20260131_153100
test_topic_35,36,37.000,32.198,4.802,2.159,experiments/output/disabled_with_jfr/run_20260131_153100
test_topic_36,37,31.000,27.570,3.430,1.644,experiments/output/disabled_with_jfr/run_20260131_153100
test_topic_37,38,32.000,28.276,3.724,1.914,experiments/output/disabled_with_jfr/run_20260131_153100
test_topic_38,39,34.000,27.955,6.045,3.255,experiments/output/disabled_with_jfr/run_20260131_153100
test_topic_39,40,30.000,27.166,2.834,1.256,experiments/output/disabled_with_jfr/run_20260131_153100
test_topic_40,41,32.000,28.293,3.707,1.505,experiments/output/disabled_with_jfr/run_20260131_153100
test_topic_41,42,34.000,28.740,5.260,3.140,experiments/output/disabled_with_jfr/run_20260131_153100
test_topic_42,43,35.000,30.524,4.476,1.837,experiments/output/disabled_with_jfr/run_20260131_153100
test_topic_43,44,34.000,28.756,5.244,1.528,experiments/output/disabled_with_jfr/run_20260131_153100
test_topic_44,45,41.000,35.611,5.389,1.759,experiments/output/disabled_with_jfr/run_20260131_153100
test_topic_45,46,31.000,27.186,3.814,1.368,experiments/output/disabled_with_jfr/run_20260131_153100
test_topic_46,47,33.000,28.096,4.904,2.629,experiments/output/disabled_with_jfr/run_20260131_153100
test_topic_47,48,33.000,29.471,3.529,1.771,experiments/output/disabled_with_jfr/run_20260131_153100
test_topic_48,49,34.000,29.340,4.660,2.465,experiments/output/disabled_with_jfr/run_20260131_153100
test_topic_49,50,32.000,27.923,4.077,1.624,experiments/output/disabled_with_jfr/run_20260131_153100
test_topic_50,51,33.000,28.486,4.514,2.176,experiments/output/disabled_with_jfr/run_20260131_153100
test_topic_51,52,30.000,26.888,3.112,1.470,experiments/output/disabled_with_jfr/run_20260131_153100
test_topic_52,53,32.000,27.880,4.120,1.918,experiments/output/disabled_with_jfr/run_20260131_153100
test_topic_53,54,33.000,29.395,3.605,1.690,experiments/output/disabled_with_jfr/run_20260131_153100
test_topic_54,55,35.000,28.447,6.553,3.040,experiments/output/disabled_with_jfr/run_20260131_153100
test_topic_55,56,33.000,28.737,4.263,2.113,experiments/output/disabled_with_jfr/run_20260131_153100
test_topic_56,57,38.000,30.317,7.683,3.780,experiments/output/disabled_with_jfr/run_20260131_153100
test_topic_57,58,35.000,28.781,6.219,2.437,experiments/output/disabled_with_jfr/run_20260131_153100
test_topic_58,59,33.000,27.421,5.579,3.289,experiments/output/disabled_with_jfr/run_20260131_153100
test_topic_59,60,35.000,30.074,4.926,2.446,experiments/output/disabled_with_jfr/run_20260131_153100
test_topic_60,61,36.000,30.435,5.565,2.757,experiments/output/disabled_with_jfr/run_20260131_153100
test_topic_61,62,33.000,28.174,4.826,2.690,experiments/output/disabled_with_jfr/run_20260131_153100
test_topic_62,63,37.000,30.488,6.512,3.080,experiments/output/disabled_with_jfr/run_20260131_153100
test_topic_63,64,43.000,34.026,8.974,5.062,experiments/output/disabled_with_jfr/run_20260131_153100
test_topic_64,65,89.000,81.970,7.030,3.250,experiments/output/disabled_with_jfr/run_20260131_153100
test_topic_65,66,32.000,28.176,3.824,1.996,experiments/output/disabled_with_jfr/run_20260131_153100
test_topic_66,67,2032.000,2027.544,4.456,2.741,experiments/output/disabled_with_jfr/run_20260131_153100
test_topic_67,68,41.000,32.628,8.372,3.166,experiments/output/disabled_with_jfr/run_20260131_153100
test_topic_68,69,47.000,39.239,7.761,2.670,experiments/output/disabled_with_jfr/run_20260131_153100
test_topic_69,70,34.000,28.568,5.433,2.266,experiments/output/disabled_with_jfr/run_20260131_153100
test_topic_70,71,33.000,27.984,5.016,1.530,experiments/output/disabled_with_jfr/run_20260131_153100
test_topic_71,72,33.000,29.090,3.910,2.003,experiments/output/disabled_with_jfr/run_20260131_153100
test_topic_72,73,37.000,32.252,4.748,1.834,experiments/output/disabled_with_jfr/run_20260131_153100
test_topic_73,74,35.000,30.540,4.460,1.535,experiments/output/disabled_with_jfr/run_20260131_153100
test_topic_74,75,34.000,29.778,4.222,1.349,experiments/output/disabled_with_jfr/run_20260131_153100
test_topic_75,76,34.000,29.754,4.246,1.366,experiments/output/disabled_with_jfr/run_20260131_153100
test_topic_76,77,35.000,29.865,5.135,1.229,experiments/output/disabled_with_jfr/run_20260131_153100
test_topic_77,78,39.000,33.520,5.480,2.734,experiments/output/disabled_with_jfr/run_20260131_153100
test_topic_78,79,37.000,30.786,6.214,3.502,experiments/output/disabled_with_jfr/run_20260131_153100
test_topic_79,80,36.000,31.888,4.112,2.187,experiments/output/disabled_with_jfr/run_20260131_153100
test_topic_80,81,33.000,29.733,3.267,1.282,experiments/output/disabled_with_jfr/run_20260131_153100
test_topic_81,82,35.000,29.938,5.062,2.370,experiments/output/disabled_with_jfr/run_20260131_153100
test_topic_82,83,37.000,30.211,6.789,4.208,experiments/output/disabled_with_jfr/run_20260131_153100
test_topic_83,84,35.000,29.918,5.082,1.351,experiments/output/disabled_with_jfr/run_20260131_153100
test_topic_84,85,37.000,29.483,7.517,4.062,experiments/output/disabled_with_jfr/run_20260131_153100
test_topic_85,86,38.000,32.733,5.267,2.812,experiments/output/disabled_with_jfr/run_20260131_153100
test_topic_86,87,37.000,32.864,4.136,1.408,experiments/output/disabled_with_jfr/run_20260131_153100
test_topic_87,88,33.000,29.652,3.348,1.376,experiments/output/disabled_with_jfr/run_20260131_153100
test_topic_88,89,77.000,71.767,5.233,3.023,experiments/output/disabled_with_jfr/run_20260131_153100
test_topic_89,90,95.000,89.557,5.443,2.492,experiments/output/disabled_with_jfr/run_20260131_153100
test_topic_90,91,108.000,102.309,5.691,2.543,experiments/output/disabled_with_jfr/run_20260131_153100
test_topic_91,92,199.000,185.906,13.094,9.154,experiments/output/disabled_with_jfr/run_20260131_153100
test_topic_92,93,200.000,192.806,7.194,5.174,experiments/output/disabled_with_jfr/run_20260131_153100
test_topic_93,94,174.000,168.541,5.459,3.267,experiments/output/disabled_with_jfr/run_20260131_153100
test_topic_94,95,167.000,96.475,70.525,67.720,experiments/output/disabled_with_jfr/run_20260131_153100
test_topic_95,96,166.000,158.920,7.080,4.335,experiments/output/disabled_with_jfr/run_20260131_153100
test_topic_96,97,100.000,31.424,68.576,65.278,experiments/output/disabled_with_jfr/run_20260131_153100
test_topic_97,98,37.000,30.746,6.254,2.747,experiments/output/disabled_with_jfr/run_20260131_153100
test_topic_98,99,43.000,38.730,4.270,1.837,experiments/output/disabled_with_jfr/run_20260131_153100
test_topic_99,100,44.000,38.293,5.707,2.185,experiments/output/disabled_with_jfr/run_20260131_153100
test_topic_100,101,37.000,30.549,6.451,2.703,experiments/output/disabled_with_jfr/run_20260131_153100
test_topic_101,102,34.000,30.041,3.959,1.768,experiments/output/disabled_with_jfr/run_20260131_153100
test_topic_102,103,33.000,28.604,4.396,1.463,experiments/output/disabled_with_jfr/run_20260131_153100
test_topic_103,104,32.000,28.561,3.439,1.445,experiments/output/disabled_with_jfr/run_20260131_153100
test_topic_104,105,48.000,45.007,2.993,1.016,experiments/output/disabled_with_jfr/run_20260131_153100
test_topic_105,106,32.000,27.600,4.400,2.299,experiments/output/disabled_with_jfr/run_20260131_153100
test_topic_106,107,31.000,27.749,3.251,1.387,experiments/output/disabled_with_jfr/run_20260131_153100
test_topic_107,108,32.000,28.965,3.035,1.268,experiments/output/disabled_with_jfr/run_20260131_153100
test_topic_108,109,34.000,29.180,4.820,1.697,experiments/output/disabled_with_jfr/run_20260131_153100
test_topic_109,110,31.000,27.446,3.554,1.137,experiments/output/disabled_with_jfr/run_20260131_153100
test_topic_110,111,34.000,28.948,5.052,2.304,experiments/output/disabled_with_jfr/run_20260131_153100
test_topic_111,112,34.000,29.654,4.346,1.056,experiments/output/disabled_with_jfr/run_20260131_153100
test_topic_112,113,34.000,29.138,4.862,1.739,experiments/output/disabled_with_jfr/run_20260131_153100
test_topic_113,114,31.000,27.004,3.996,1.380,experiments/output/disabled_with_jfr/run_20260131_153100
test_topic_114,115,32.000,27.702,4.298,1.351,experiments/output/disabled_with_jfr/run_20260131_153100
test_topic_115,116,33.000,28.609,4.391,1.542,experiments/output/disabled_with_jfr/run_20260131_153100
test_topic_116,117,31.000,27.287,3.713,1.108,experiments/output/disabled_with_jfr/run_20260131_153100
test_topic_117,118,30.000,27.488,2.512,0.000,experiments/output/disabled_with_jfr/run_20260131_153100
test_topic_118,119,36.000,32.047,3.953,1.300,experiments/output/disabled_with_jfr/run_20260131_153100
test_topic_119,120,34.000,29.805,4.195,1.466,experiments/output/disabled_with_jfr/run_20260131_153100
test_topic_120,121,33.000,28.676,4.324,1.311,experiments/output/disabled_with_jfr/run_20260131_153100
test_topic_121,122,34.000,28.945,5.055,1.009,experiments/output/disabled_with_jfr/run_20260131_153100
test_topic_122,123,33.000,29.644,3.356,1.006,experiments/output/disabled_with_jfr/run_20260131_153100
test_topic_123,124,35.000,30.378,4.622,1.456,experiments/output/disabled_with_jfr/run_20260131_153100
test_topic_124,125,34.000,29.277,4.724,2.013,experiments/output/disabled_with_jfr/run_20260131_153100
test_topic_125,126,35.000,29.931,5.069,1.672,experiments/output/disabled_with_jfr/run_20260131_153100
test_topic_126,127,35.000,29.751,5.249,2.218,experiments/output/disabled_with_jfr/run_20260131_153100
test_topic_127,128,33.000,28.334,4.666,1.293,experiments/output/disabled_with_jfr/run_20260131_153100
test_topic_128,129,34.000,28.488,5.512,2.226,experiments/output/disabled_with_jfr/run_20260131_153100
test_topic_129,130,35.000,30.687,4.313,1.059,experiments/output/disabled_with_jfr/run_20260131_153100
test_topic_130,131,34.000,29.748,4.252,1.030,experiments/output/disabled_with_jfr/run_20260131_153100
test_topic_131,132,33.000,29.091,3.909,1.077,experiments/output/disabled_with_jfr/run_20260131_153100
test_topic_132,133,34.000,29.617,4.383,1.067,experiments/output/disabled_with_jfr/run_20260131_153100
test_topic_133,134,36.000,31.195,4.805,1.502,experiments/output/disabled_with_jfr/run_20260131_153100
test_topic_134,135,37.000,31.052,5.948,1.306,experiments/output/disabled_with_jfr/run_20260131_153100
test_topic_135,136,34.000,29.395,4.605,1.940,experiments/output/disabled_with_jfr/run_20260131_153100
test_topic_136,137,35.000,31.182,3.818,1.848,experiments/output/disabled_with_jfr/run_20260131_153100
test_topic_137,138,101.000,96.563,4.437,1.504,experiments/output/disabled_with_jfr/run_20260131_153100
test_topic_138,139,94.000,88.965,5.035,2.093,experiments/output/disabled_with_jfr/run_20260131_153100
test_topic_139,140,32.000,28.924,3.076,0.000,experiments/output/disabled_with_jfr/run_20260131_153100
test_topic_140,141,31.000,27.691,3.309,1.014,experiments/output/disabled_with_jfr/run_20260131_153100
test_topic_141,142,30.000,27.398,2.602,0.000,experiments/output/disabled_with_jfr/run_20260131_153100
test_topic_142,143,32.000,28.307,3.693,1.029,experiments/output/disabled_with_jfr/run_20260131_153100
test_topic_143,144,52.000,47.864,4.136,1.309,experiments/output/disabled_with_jfr/run_20260131_153100
test_topic_144,145,34.000,29.038,4.962,1.837,experiments/output/disabled_with_jfr/run_20260131_153100
test_topic_145,146,31.000,27.909,3.091,1.043,experiments/output/disabled_with_jfr/run_20260131_153100
test_topic_146,147,32.000,28.346,3.654,1.260,experiments/output/disabled_with_jfr/run_20260131_153100
test_topic_147,148,34.000,29.448,4.552,1.020,experiments/output/disabled_with_jfr/run_20260131_153100
test_topic_148,149,35.000,30.148,4.852,1.356,experiments/output/disabled_with_jfr/run_20260131_153100
test_topic_149,150,36.000,30.515,5.485,1.884,experiments/output/disabled_with_jfr/run_20260131_153100
test_topic_150,151,34.000,30.400,3.600,1.034,experiments/output/disabled_with_jfr/run_20260131_153100
test_topic_151,152,42.000,32.570,9.430,6.063,experiments/output/disabled_with_jfr/run_20260131_153100
test_topic_152,153,42.000,36.665,5.335,2.281,experiments/output/disabled_with_jfr/run_20260131_153100
test_topic_153,154,34.000,29.191,4.809,1.482,experiments/output/disabled_with_jfr/run_20260131_153100
test_topic_154,155,32.000,28.471,3.529,1.107,experiments/output/disabled_with_jfr/run_20260131_153100
test_topic_155,156,32.000,28.741,3.259,1.250,experiments/output/disabled_with_jfr/run_20260131_153100
test_topic_156,157,32.000,29.383,2.617,0.000,experiments/output/disabled_with_jfr/run_20260131_153100
test_topic_157,158,33.000,28.710,4.290,1.842,experiments/output/disabled_with_jfr/run_20260131_153100
test_topic_158,159,36.000,32.290,3.710,1.028,experiments/output/disabled_with_jfr/run_20260131_153100
test_topic_159,160,34.000,29.480,4.520,1.384,experiments/output/disabled_with_jfr/run_20260131_153100
test_topic_160,161,36.000,31.373,4.627,1.127,experiments/output/disabled_with_jfr/run_20260131_153100
test_topic_161,162,35.000,30.311,4.689,1.990,experiments/output/disabled_with_jfr/run_20260131_153100
test_topic_162,163,35.000,30.135,4.865,1.672,experiments/output/disabled_with_jfr/run_20260131_153100
test_topic_163,164,35.000,30.895,4.105,1.467,experiments/output/disabled_with_jfr/run_20260131_153100
test_topic_164,165,37.000,33.273,3.727,0.000,experiments/output/disabled_with_jfr/run_20260131_153100
test_topic_165,166,36.000,31.407,4.593,1.666,experiments/output/disabled_with_jfr/run_20260131_153100
test_topic_166,167,37.000,31.097,5.903,1.835,experiments/output/disabled_with_jfr/run_20260131_153100
test_topic_167,168,37.000,32.373,4.627,1.469,experiments/output/disabled_with_jfr/run_20260131_153100
test_topic_168,169,40.000,30.069,9.931,3.610,experiments/output/disabled_with_jfr/run_20260131_153100
test_topic_169,170,42.000,37.271,4.729,1.423,experiments/output/disabled_with_jfr/run_20260131_153100
test_topic_170,171,1294.000,1289.847,4.153,1.333,experiments/output/disabled_with_jfr/run_20260131_153100
test_topic_171,172,40.000,32.237,7.763,2.783,experiments/output/disabled_with_jfr/run_20260131_153100
test_topic_172,173,37.000,30.813,6.187,1.286,experiments/output/disabled_with_jfr/run_20260131_153100
test_topic_173,174,37.000,32.495,4.505,1.707,experiments/output/disabled_with_jfr/run_20260131_153100
test_topic_174,175,36.000,30.616,5.384,2.237,experiments/output/disabled_with_jfr/run_20260131_153100
test_topic_175,176,39.000,31.783,7.218,3.448,experiments/output/disabled_with_jfr/run_20260131_153100
test_topic_176,177,34.000,29.939,4.061,0.000,experiments/output/disabled_with_jfr/run_20260131_153100
test_topic_177,178,33.000,28.383,4.617,1.027,experiments/output/disabled_with_jfr/run_20260131_153100
test_topic_178,179,35.000,30.128,4.872,2.039,experiments/output/disabled_with_jfr/run_20260131_153100
test_topic_179,180,35.000,28.877,6.123,1.759,experiments/output/disabled_with_jfr/run_20260131_153100
test_topic_180,181,34.000,29.547,4.453,1.107,experiments/output/disabled_with_jfr/run_20260131_153100
test_topic_181,182,34.000,29.917,4.083,1.309,experiments/output/disabled_with_jfr/run_20260131_153100
test_topic_182,183,34.000,30.325,3.675,0.000,experiments/output/disabled_with_jfr/run_20260131_153100
test_topic_183,184,36.000,31.070,4.930,1.437,experiments/output/disabled_with_jfr/run_20260131_153100
test_topic_184,185,35.000,30.213,4.787,0.000,experiments/output/disabled_with_jfr/run_20260131_153100
test_topic_185,186,37.000,30.690,6.310,1.409,experiments/output/disabled_with_jfr/run_20260131_153100
test_topic_186,187,34.000,29.564,4.436,1.141,experiments/output/disabled_with_jfr/run_20260131_153100
test_topic_187,188,33.000,28.720,4.280,0.000,experiments/output/disabled_with_jfr/run_20260131_153100
test_topic_188,189,34.000,30.003,3.997,0.000,experiments/output/disabled_with_jfr/run_20260131_153100
test_topic_189,190,32.000,27.491,4.509,1.403,experiments/output/disabled_with_jfr/run_20260131_153100
test_topic_190,191,37.000,30.335,6.665,3.260,experiments/output/disabled_with_jfr/run_20260131_153100
test_topic_191,192,41.000,33.146,7.854,2.348,experiments/output/disabled_with_jfr/run_20260131_153100
test_topic_192,193,34.000,28.590,5.410,1.484,experiments/output/disabled_with_jfr/run_20260131_153100
test_topic_193,194,34.000,29.363,4.637,1.088,experiments/output/disabled_with_jfr/run_20260131_153100
test_topic_194,195,35.000,29.900,5.100,2.168,experiments/output/disabled_with_jfr/run_20260131_153100
test_topic_195,196,40.000,34.709,5.291,2.356,experiments/output/disabled_with_jfr/run_20260131_153100
test_topic_196,197,36.000,30.504,5.496,1.982,experiments/output/disabled_with_jfr/run_20260131_153100
test_topic_197,198,36.000,30.906,5.094,1.428,experiments/output/disabled_with_jfr/run_20260131_153100
test_topic_198,199,37.000,29.498,7.502,2.213,experiments/output/disabled_with_jfr/run_20260131_153100
test_topic_199,200,33.000,28.795,4.205,0.000,experiments/output/disabled_with_jfr/run_20260131_153100
test_topic_200,201,33.000,28.714,4.286,1.003,experiments/output/disabled_with_jfr/run_20260131_153100
test_topic_201,202,33.000,28.592,4.408,1.112,experiments/output/disabled_with_jfr/run_20260131_153100
test_topic_202,203,34.000,29.780,4.220,0.000,experiments/output/disabled_with_jfr/run_20260131_153100
test_topic_203,204,33.000,28.843,4.157,0.000,experiments/output/disabled_with_jfr/run_20260131_153100
test_topic_204,205,33.000,28.915,4.085,0.000,experiments/output/disabled_with_jfr/run_20260131_153100
test_topic_205,206,34.000,30.042,3.958,0.000,experiments/output/disabled_with_jfr/run_20260131_153100
test_topic_206,207,36.000,31.895,4.105,1.131,experiments/output/disabled_with_jfr/run_20260131_153100
test_topic_207,208,35.000,31.201,3.799,1.030,experiments/output/disabled_with_jfr/run_20260131_153100
test_topic_208,209,34.000,28.937,5.063,1.895,experiments/output/disabled_with_jfr/run_20260131_153100
test_topic_209,210,36.000,31.684,4.316,1.208,experiments/output/disabled_with_jfr/run_20260131_153100
test_topic_210,211,42.000,36.040,5.960,1.802,experiments/output/disabled_with_jfr/run_20260131_153100
test_topic_211,212,37.000,31.149,5.851,1.666,experiments/output/disabled_with_jfr/run_20260131_153100
test_topic_212,213,35.000,30.440,4.560,1.286,experiments/output/disabled_with_jfr/run_20260131_153100
test_topic_213,214,2077.000,2072.515,4.485,1.742,experiments/output/disabled_with_jfr/run_20260131_153100
test_topic_214,215,102.000,95.354,6.646,2.785,experiments/output/disabled_with_jfr/run_20260131_153100
test_topic_215,216,110.000,103.399,6.601,2.991,experiments/output/disabled_with_jfr/run_20260131_153100
test_topic_216,217,108.000,100.342,7.659,1.572,experiments/output/disabled_with_jfr/run_20260131_153100
test_topic_217,218,110.000,105.133,4.867,1.667,experiments/output/disabled_with_jfr/run_20260131_153100
test_topic_218,219,115.000,104.785,10.215,5.352,experiments/output/disabled_with_jfr/run_20260131_153100
test_topic_219,220,98.000,89.800,8.201,2.472,experiments/output/disabled_with_jfr/run_20260131_153100
test_topic_220,221,108.000,100.919,7.081,3.202,experiments/output/disabled_with_jfr/run_20260131_153100
test_topic_221,222,103.000,95.165,7.835,4.066,experiments/output/disabled_with_jfr/run_20260131_153100
test_topic_222,223,96.000,28.120,67.880,65.086,experiments/output/disabled_with_jfr/run_20260131_153100
test_topic_223,224,96.000,90.199,5.801,3.452,experiments/output/disabled_with_jfr/run_20260131_153100
test_topic_224,225,35.000,29.669,5.331,1.174,experiments/output/disabled_with_jfr/run_20260131_153100
test_topic_225,226,34.000,29.747,4.253,0.000,experiments/output/disabled_with_jfr/run_20260131_153100
test_topic_226,227,35.000,30.349,4.651,1.285,experiments/output/disabled_with_jfr/run_20260131_153100
test_topic_227,228,34.000,30.043,3.957,1.043,experiments/output/disabled_with_jfr/run_20260131_153100
test_topic_228,229,34.000,29.542,4.458,0.000,experiments/output/disabled_with_jfr/run_20260131_153100
test_topic_229,230,34.000,29.659,4.342,0.000,experiments/output/disabled_with_jfr/run_20260131_153100
test_topic_230,231,35.000,30.388,4.612,1.238,experiments/output/disabled_with_jfr/run_20260131_153100
test_topic_231,232,37.000,32.635,4.365,1.213,experiments/output/disabled_with_jfr/run_20260131_153100
test_topic_232,233,35.000,30.700,4.300,1.049,experiments/output/disabled_with_jfr/run_20260131_153100
test_topic_233,234,34.000,30.146,3.854,0.000,experiments/output/disabled_with_jfr/run_20260131_153100
test_topic_234,235,35.000,30.538,4.462,1.006,experiments/output/disabled_with_jfr/run_20260131_153100
test_topic_235,236,35.000,30.937,4.063,1.084,experiments/output/disabled_with_jfr/run_20260131_153100
test_topic_236,237,35.000,30.135,4.865,1.184,experiments/output/disabled_with_jfr/run_20260131_153100
test_topic_237,238,35.000,29.533,5.467,1.146,experiments/output/disabled_with_jfr/run_20260131_153100
test_topic_238,239,34.000,30.160,3.840,1.012,experiments/output/disabled_with_jfr/run_20260131_153100
test_topic_239,240,34.000,29.821,4.179,0.000,experiments/output/disabled_with_jfr/run_20260131_153100
test_topic_240,241,34.000,29.454,4.546,1.016,experiments/output/disabled_with_jfr/run_20260131_153100
test_topic_241,242,33.000,28.533,4.467,1.226,experiments/output/disabled_with_jfr/run_20260131_153100
test_topic_242,243,35.000,30.263,4.737,1.708,experiments/output/disabled_with_jfr/run_20260131_153100
test_topic_243,244,35.000,30.223,4.777,1.108,experiments/output/disabled_with_jfr/run_20260131_153100
test_topic_244,245,37.000,31.989,5.011,1.059,experiments/output/disabled_with_jfr/run_20260131_153100
test_topic_245,246,37.000,31.964,5.036,2.192,experiments/output/disabled_with_jfr/run_20260131_153100
test_topic_246,247,34.000,29.088,4.912,1.947,experiments/output/disabled_with_jfr/run_20260131_153100
test_topic_247,248,42.000,37.914,4.086,1.021,experiments/output/disabled_with_jfr/run_20260131_153100
test_topic_248,249,35.000,30.520,4.480,1.090,experiments/output/disabled_with_jfr/run_20260131_153100
test_topic_249,250,34.000,29.169,4.831,1.406,experiments/output/disabled_with_jfr/run_20260131_153100
test_topic_250,251,35.000,29.863,5.137,0.000,experiments/output/disabled_with_jfr/run_20260131_153100
test_topic_251,252,35.000,30.799,4.201,1.449,experiments/output/disabled_with_jfr/run_20260131_153100
test_topic_252,253,34.000,30.128,3.872,1.426,experiments/output/disabled_with_jfr/run_20260131_153100
test_topic_253,254,35.000,29.980,5.020,2.423,experiments/output/disabled_with_jfr/run_20260131_153100
test_topic_254,255,34.000,29.377,4.623,1.348,experiments/output/disabled_with_jfr/run_20260131_153100
test_topic_255,256,36.000,30.096,5.904,3.036,experiments/output/disabled_with_jfr/run_20260131_153100
test_topic_256,257,34.000,29.156,4.844,1.297,experiments/output/disabled_with_jfr/run_20260131_153100
test_topic_257,258,2064.000,2060.072,3.928,0.000,experiments/output/disabled_with_jfr/run_20260131_153100
test_topic_258,259,45.000,34.301,10.699,4.006,experiments/output/disabled_with_jfr/run_20260131_153100
test_topic_259,260,34.000,28.284,5.716,2.220,experiments/output/disabled_with_jfr/run_20260131_153100
test_topic_260,261,36.000,31.280,4.720,1.127,experiments/output/disabled_with_jfr/run_20260131_153100
test_topic_261,262,36.000,29.395,6.605,2.410,experiments/output/disabled_with_jfr/run_20260131_153100
test_topic_262,263,34.000,30.078,3.922,1.230,experiments/output/disabled_with_jfr/run_20260131_153100
test_topic_263,264,37.000,29.104,7.896,1.537,experiments/output/disabled_with_jfr/run_20260131_153100
test_topic_264,265,34.000,29.590,4.410,1.165,experiments/output/disabled_with_jfr/run_20260131_153100
test_topic_265,266,35.000,30.776,4.224,1.013,experiments/output/disabled_with_jfr/run_20260131_153100
test_topic_266,267,33.000,28.310,4.690,1.637,experiments/output/disabled_with_jfr/run_20260131_153100
test_topic_267,268,33.000,28.832,4.168,0.000,experiments/output/disabled_with_jfr/run_20260131_153100
test_topic_268,269,33.000,28.142,4.858,1.286,experiments/output/disabled_with_jfr/run_20260131_153100
test_topic_269,270,34.000,30.064,3.936,1.352,experiments/output/disabled_with_jfr/run_20260131_153100
test_topic_270,271,35.000,30.333,4.667,1.545,experiments/output/disabled_with_jfr/run_20260131_153100
test_topic_271,272,36.000,31.579,4.421,1.327,experiments/output/disabled_with_jfr/run_20260131_153100
test_topic_272,273,35.000,30.057,4.943,1.233,experiments/output/disabled_with_jfr/run_20260131_153100
test_topic_273,274,42.000,36.987,5.013,1.532,experiments/output/disabled_with_jfr/run_20260131_153100
test_topic_274,275,33.000,29.309,3.691,1.253,experiments/output/disabled_with_jfr/run_20260131_153100
test_topic_275,276,32.000,27.868,4.132,0.000,experiments/output/disabled_with_jfr/run_20260131_153100
test_topic_276,277,34.000,28.804,5.196,0.000,experiments/output/disabled_with_jfr/run_20260131_153100
test_topic_277,278,31.000,27.269,3.731,0.000,experiments/output/disabled_with_jfr/run_20260131_153100
test_topic_278,279,33.000,29.168,3.832,0.000,experiments/output/disabled_with_jfr/run_20260131_153100
test_topic_279,280,33.000,29.352,3.648,0.000,experiments/output/disabled_with_jfr/run_20260131_153100
test_topic_280,281,33.000,28.880,4.121,0.000,experiments/output/disabled_with_jfr/run_20260131_153100
test_topic_281,282,36.000,31.266,4.734,1.038,experiments/output/disabled_with_jfr/run_20260131_153100
test_topic_282,283,33.000,28.316,4.684,1.917,experiments/output/disabled_with_jfr/run_20260131_153100
test_topic_283,284,33.000,29.328,3.672,0.000,experiments/output/disabled_with_jfr/run_20260131_153100
test_topic_284,285,35.000,30.773,4.227,0.000,experiments/output/disabled_with_jfr/run_20260131_153100
test_topic_285,286,33.000,29.570,3.430,0.000,experiments/output/disabled_with_jfr/run_20260131_153100
test_topic_286,287,34.000,29.520,4.480,1.004,experiments/output/disabled_with_jfr/run_20260131_153100
test_topic_287,288,34.000,30.130,3.870,0.000,experiments/output/disabled_with_jfr/run_20260131_153100
test_topic_288,289,40.000,34.096,5.904,1.613,experiments/output/disabled_with_jfr/run_20260131_153100
test_topic_289,290,2055.000,2049.806,5.194,1.125,experiments/output/disabled_with_jfr/run_20260131_153100
test_topic_290,291,46.000,36.538,9.462,4.071,experiments/output/disabled_with_jfr/run_20260131_153100
test_topic_291,292,33.000,29.112,3.889,1.151,experiments/output/disabled_with_jfr/run_20260131_153100
test_topic_292,293,31.000,28.085,2.915,0.000,experiments/output/disabled_with_jfr/run_20260131_153100
test_topic_293,294,35.000,30.847,4.153,0.000,experiments/output/disabled_with_jfr/run_20260131_153100
test_topic_294,295,34.000,29.656,4.344,0.000,experiments/output/disabled_with_jfr/run_20260131_153100
test_topic_295,296,38.000,31.928,6.072,1.802,experiments/output/disabled_with_jfr/run_20260131_153100
test_topic_296,297,36.000,30.886,5.114,1.405,experiments/output/disabled_with_jfr/run_20260131_153100
test_topic_297,298,34.000,29.374,4.626,1.303,experiments/output/disabled_with_jfr/run_20260131_153100
test_topic_298,299,36.000,32.531,3.469,0.000,experiments/output/disabled_with_jfr/run_20260131_153100
test_topic_299,300,43.000,38.555,4.445,0.000,experiments/output/disabled_with_jfr/run_20260131_153100
test_topic_300,301,34.000,29.605,4.395,1.028,experiments/output/disabled_with_jfr/run_20260131_153100
test_topic_301,302,34.000,30.023,3.977,1.505,experiments/output/disabled_with_jfr/run_20260131_153100
test_topic_302,303,35.000,30.291,4.709,0.000,experiments/output/disabled_with_jfr/run_20260131_153100
test_topic_303,304,33.000,29.355,3.645,0.000,experiments/output/disabled_with_jfr/run_20260131_153100
test_topic_304,305,37.000,32.830,4.170,0.000,experiments/output/disabled_with_jfr/run_20260131_153100
test_topic_305,306,35.000,31.087,3.913,1.177,experiments/output/disabled_with_jfr/run_20260131_153100
test_topic_306,307,38.000,33.114,4.886,1.353,experiments/output/disabled_with_jfr/run_20260131_153100
test_topic_307,308,35.000,30.905,4.095,1.151,experiments/output/disabled_with_jfr/run_20260131_153100
test_topic_308,309,34.000,29.651,4.349,1.195,experiments/output/disabled_with_jfr/run_20260131_153100
test_topic_309,310,40.000,34.141,5.859,1.845,experiments/output/disabled_with_jfr/run_20260131_153100
test_topic_310,311,38.000,34.411,3.589,1.059,experiments/output/disabled_with_jfr/run_20260131_153100
test_topic_311,312,81.000,76.788,4.212,1.328,experiments/output/disabled_with_jfr/run_20260131_153100
test_topic_312,313,32.000,29.485,2.515,0.000,experiments/output/disabled_with_jfr/run_20260131_153100
test_topic_313,314,33.000,29.791,3.209,1.251,experiments/output/disabled_with_jfr/run_20260131_153100
test_topic_314,315,33.000,29.133,3.867,2.160,experiments/output/disabled_with_jfr/run_20260131_153100
test_topic_315,316,62.000,56.136,5.864,2.052,experiments/output/disabled_with_jfr/run_20260131_153100
test_topic_316,317,53.000,48.136,4.864,1.946,experiments/output/disabled_with_jfr/run_20260131_153100
test_topic_317,318,31.000,28.471,2.529,0.000,experiments/output/disabled_with_jfr/run_20260131_153100
test_topic_318,319,36.000,31.913,4.087,1.784,experiments/output/disabled_with_jfr/run_20260131_153100
test_topic_319,320,44.000,40.467,3.533,1.158,experiments/output/disabled_with_jfr/run_20260131_153100
test_topic_320,321,83.000,79.723,3.277,1.030,experiments/output/disabled_with_jfr/run_20260131_153100
test_topic_321,322,106.000,102.102,3.898,1.434,experiments/output/disabled_with_jfr/run_20260131_153100
test_topic_322,323,108.000,99.780,8.221,4.916,experiments/output/disabled_with_jfr/run_20260131_153100
test_topic_323,324,98.000,89.311,8.689,6.074,experiments/output/disabled_with_jfr/run_20260131_153100
test_topic_324,325,108.000,100.436,7.564,2.530,experiments/output/disabled_with_jfr/run_20260131_153100
test_topic_325,326,121.000,115.261,5.739,2.715,experiments/output/disabled_with_jfr/run_20260131_153100
test_topic_326,327,92.000,88.820,3.180,0.000,experiments/output/disabled_with_jfr/run_20260131_153100
test_topic_327,328,32.000,27.543,4.457,2.348,experiments/output/disabled_with_jfr/run_20260131_153100
test_topic_328,329,97.000,92.446,4.554,1.403,experiments/output/disabled_with_jfr/run_20260131_153100
test_topic_329,330,38.000,32.444,5.556,1.515,experiments/output/disabled_with_jfr/run_20260131_153100
test_topic_330,331,93.000,88.529,4.471,2.488,experiments/output/disabled_with_jfr/run_20260131_153100
test_topic_331,332,80.000,64.626,15.374,7.894,experiments/output/disabled_with_jfr/run_20260131_153100
test_topic_332,333,32.000,28.218,3.782,0.000,experiments/output/disabled_with_jfr/run_20260131_153100
test_topic_333,334,32.000,27.981,4.019,1.496,experiments/output/disabled_with_jfr/run_20260131_153100
test_topic_334,335,34.000,29.713,4.287,1.376,experiments/output/disabled_with_jfr/run_20260131_153100
test_topic_335,336,35.000,30.361,4.639,1.426,experiments/output/disabled_with_jfr/run_20260131_153100
test_topic_336,337,38.000,33.265,4.735,1.526,experiments/output/disabled_with_jfr/run_20260131_153100
test_topic_337,338,56.000,31.388,24.612,20.503,experiments/output/disabled_with_jfr/run_20260131_153100
test_topic_338,339,35.000,30.359,4.641,1.542,experiments/output/disabled_with_jfr/run_20260131_153100
test_topic_339,340,32.000,28.011,3.989,1.567,experiments/output/disabled_with_jfr/run_20260131_153100
test_topic_340,341,31.000,27.404,3.596,1.523,experiments/output/disabled_with_jfr/run_20260131_153100
test_topic_341,342,36.000,28.992,7.008,3.823,experiments/output/disabled_with_jfr/run_20260131_153100
test_topic_342,343,33.000,27.602,5.398,1.764,experiments/output/disabled_with_jfr/run_20260131_153100
test_topic_343,344,32.000,27.873,4.127,1.482,experiments/output/disabled_with_jfr/run_20260131_153100
test_topic_344,345,35.000,30.917,4.084,1.147,experiments/output/disabled_with_jfr/run_20260131_153100
test_topic_345,346,35.000,30.437,4.563,1.222,experiments/output/disabled_with_jfr/run_20260131_153100
test_topic_346,347,35.000,30.246,4.754,1.224,experiments/output/disabled_with_jfr/run_20260131_153100
test_topic_347,348,35.000,28.038,6.962,1.953,experiments/output/disabled_with_jfr/run_20260131_153100
test_topic_348,349,34.000,28.976,5.024,1.818,experiments/output/disabled_with_jfr/run_20260131_153100
test_topic_349,350,34.000,29.819,4.181,1.543,experiments/output/disabled_with_jfr/run_20260131_153100
test_topic_350,351,33.000,28.933,4.067,1.116,experiments/output/disabled_with_jfr/run_20260131_153100
test_topic_351,352,40.000,35.867,4.133,1.131,experiments/output/disabled_with_jfr/run_20260131_153100
test_topic_352,353,34.000,30.611,3.390,1.024,experiments/output/disabled_with_jfr/run_20260131_153100
test_topic_353,354,32.000,27.430,4.570,1.459,experiments/output/disabled_with_jfr/run_20260131_153100
test_topic_354,355,32.000,28.785,3.215,0.000,experiments/output/disabled_with_jfr/run_20260131_153100
test_topic_355,356,34.000,29.466,4.534,1.584,experiments/output/disabled_with_jfr/run_20260131_153100
test_topic_356,357,34.000,30.146,3.854,0.000,experiments/output/disabled_with_jfr/run_20260131_153100
test_topic_357,358,36.000,30.105,5.895,1.868,experiments/output/disabled_with_jfr/run_20260131_153100
test_topic_358,359,33.000,29.313,3.687,0.000,experiments/output/disabled_with_jfr/run_20260131_153100
test_topic_359,360,31.000,28.108,2.892,0.000,experiments/output/disabled_with_jfr/run_20260131_153100
test_topic_360,361,35.000,30.427,4.573,0.000,experiments/output/disabled_with_jfr/run_20260131_153100
test_topic_361,362,35.000,30.619,4.381,1.185,experiments/output/disabled_with_jfr/run_20260131_153100
test_topic_362,363,34.000,30.198,3.802,0.000,experiments/output/disabled_with_jfr/run_20260131_153100
test_topic_363,364,35.000,30.310,4.690,1.122,experiments/output/disabled_with_jfr/run_20260131_153100
test_topic_364,365,2036.000,2031.132,4.868,1.266,experiments/output/disabled_with_jfr/run_20260131_153100
test_topic_365,366,42.000,35.938,6.062,3.829,experiments/output/disabled_with_jfr/run_20260131_153100
test_topic_366,367,35.000,31.319,3.681,1.293,experiments/output/disabled_with_jfr/run_20260131_153100
test_topic_367,368,33.000,30.420,2.580,1.120,experiments/output/disabled_with_jfr/run_20260131_153100
test_topic_368,369,35.000,32.188,2.812,1.690,experiments/output/disabled_with_jfr/run_20260131_153100
test_topic_369,370,35.000,30.378,4.622,1.919,experiments/output/disabled_with_jfr/run_20260131_153100
test_topic_370,371,34.000,31.541,2.459,0.000,experiments/output/disabled_with_jfr/run_20260131_153100
test_topic_371,372,32.000,28.741,3.259,1.902,experiments/output/disabled_with_jfr/run_20260131_153100
test_topic_372,373,31.000,28.378,2.622,0.000,experiments/output/disabled_with_jfr/run_20260131_153100
test_topic_373,374,33.000,28.907,4.093,0.000,experiments/output/disabled_with_jfr/run_20260131_153100
test_topic_374,375,32.000,28.564,3.436,1.774,experiments/output/disabled_with_jfr/run_20260131_153100
test_topic_375,376,31.000,28.589,2.411,0.000,experiments/output/disabled_with_jfr/run_20260131_153100
test_topic_376,377,33.000,30.315,2.686,0.000,experiments/output/disabled_with_jfr/run_20260131_153100
test_topic_377,378,42.000,39.375,2.625,0.000,experiments/output/disabled_with_jfr/run_20260131_153100
test_topic_378,379,31.000,29.022,1.978,0.000,experiments/output/disabled_with_jfr/run_20260131_153100
test_topic_379,380,34.000,30.319,3.681,0.000,experiments/output/disabled_with_jfr/run_20260131_153100
test_topic_380,381,36.000,32.291,3.709,1.168,experiments/output/disabled_with_jfr/run_20260131_153100
test_topic_381,382,42.000,37.984,4.016,1.885,experiments/output/disabled_with_jfr/run_20260131_153100
test_topic_382,383,34.000,30.231,3.769,2.389,experiments/output/disabled_with_jfr/run_20260131_153100
test_topic_383,384,32.000,28.769,3.231,1.992,experiments/output/disabled_with_jfr/run_20260131_153100
test_topic_384,385,34.000,32.039,1.961,1.135,experiments/output/disabled_with_jfr/run_20260131_153100
test_topic_385,386,33.000,29.975,3.025,1.680,experiments/output/disabled_with_jfr/run_20260131_153100
test_topic_386,387,32.000,29.982,2.018,1.127,experiments/output/disabled_with_jfr/run_20260131_153100
test_topic_387,388,35.000,32.133,2.867,1.230,experiments/output/disabled_with_jfr/run_20260131_153100
test_topic_388,389,33.000,29.788,3.212,1.180,experiments/output/disabled_with_jfr/run_20260131_153100
test_topic_389,390,34.000,31.422,2.578,0.000,experiments/output/disabled_with_jfr/run_20260131_153100
test_topic_390,391,33.000,30.262,2.738,1.064,experiments/output/disabled_with_jfr/run_20260131_153100
test_topic_391,392,33.000,30.278,2.722,1.027,experiments/output/disabled_with_jfr/run_20260131_153100
test_topic_392,393,35.000,31.236,3.764,1.118,experiments/output/disabled_with_jfr/run_20260131_153100
test_topic_393,394,31.000,28.734,2.266,0.000,experiments/output/disabled_with_jfr/run_20260131_153100
test_topic_394,395,31.000,28.972,2.028,0.000,experiments/output/disabled_with_jfr/run_20260131_153100
test_topic_395,396,31.000,28.500,2.500,0.000,experiments/output/disabled_with_jfr/run_20260131_153100
test_topic_396,397,33.000,30.009,2.991,1.090,experiments/output/disabled_with_jfr/run_20260131_153100
test_topic_397,398,238.000,235.513,2.488,0.000,experiments/output/disabled_with_jfr/run_20260131_153100
test_topic_398,399,115.000,112.665,2.335,1.219,experiments/output/disabled_with_jfr/run_20260131_153100
test_topic_399,400,29.000,27.543,1.457,0.000,experiments/output/disabled_with_jfr/run_20260131_153100
test_topic_400,401,29.000,28.182,0.818,0.000,experiments/output/disabled_with_jfr/run_20260131_153100
test_topic_401,402,29.000,27.578,1.422,0.000,experiments/output/disabled_with_jfr/run_20260131_153100
test_topic_402,403,28.000,26.867,1.133,0.000,experiments/output/disabled_with_jfr/run_20260131_153100
test_topic_403,404,41.000,38.977,2.023,0.000,experiments/output/disabled_with_jfr/run_20260131_153100
test_topic_404,405,32.000,29.490,2.510,0.000,experiments/output/disabled_with_jfr/run_20260131_153100
test_topic_405,406,34.000,30.407,3.593,0.000,experiments/output/disabled_with_jfr/run_20260131_153100
test_topic_406,407,32.000,29.774,2.226,0.000,experiments/output/disabled_with_jfr/run_20260131_153100
test_topic_407,408,35.000,31.579,3.421,1.485,experiments/output/disabled_with_jfr/run_20260131_153100
test_topic_408,409,33.000,30.540,2.460,1.035,experiments/output/disabled_with_jfr/run_20260131_153100
test_topic_409,410,45.000,41.642,3.358,1.442,experiments/output/disabled_with_jfr/run_20260131_153100
test_topic_410,411,38.000,33.696,4.304,3.404,experiments/output/disabled_with_jfr/run_20260131_153100
test_topic_411,412,36.000,33.771,2.229,1.436,experiments/output/disabled_with_jfr/run_20260131_153100
test_topic_412,413,32.000,29.046,2.954,1.513,experiments/output/disabled_with_jfr/run_20260131_153100
test_topic_413,414,31.000,28.347,2.653,1.103,experiments/output/disabled_with_jfr/run_20260131_153100
test_topic_414,415,30.000,27.785,2.215,1.094,experiments/output/disabled_with_jfr/run_20260131_153100
test_topic_415,416,32.000,29.922,2.078,0.000,experiments/output/disabled_with_jfr/run_20260131_153100
test_topic_416,417,33.000,30.905,2.095,0.000,experiments/output/disabled_with_jfr/run_20260131_153100
test_topic_417,418,32.000,28.812,3.188,2.071,experiments/output/disabled_with_jfr/run_20260131_153100
test_topic_418,419,35.000,31.541,3.459,0.000,experiments/output/disabled_with_jfr/run_20260131_153100
test_topic_419,420,34.000,29.532,4.468,2.653,experiments/output/disabled_with_jfr/run_20260131_153100
test_topic_420,421,37.000,34.393,2.607,0.000,experiments/output/disabled_with_jfr/run_20260131_153100
test_topic_421,422,34.000,31.569,2.431,1.665,experiments/output/disabled_with_jfr/run_20260131_153100
test_topic_422,423,33.000,30.569,2.431,1.167,experiments/output/disabled_with_jfr/run_20260131_153100
test_topic_423,424,35.000,31.755,3.245,2.246,experiments/output/disabled_with_jfr/run_20260131_153100
test_topic_424,425,34.000,29.121,4.879,1.260,experiments/output/disabled_with_jfr/run_20260131_153100
test_topic_425,426,72.000,70.366,1.634,0.000,experiments/output/disabled_with_jfr/run_20260131_153100
test_topic_426,427,95.000,93.302,1.698,1.091,experiments/output/disabled_with_jfr/run_20260131_153100
test_topic_427,428,76.000,74.045,1.955,0.000,experiments/output/disabled_with_jfr/run_20260131_153100
test_topic_428,429,34.000,31.325,2.675,1.551,experiments/output/disabled_with_jfr/run_20260131_153100
test_topic_429,430,43.000,39.970,3.030,1.729,experiments/output/disabled_with_jfr/run_20260131_153100
test_topic_430,431,76.000,73.575,2.425,1.388,experiments/output/disabled_with_jfr/run_20260131_153100
test_topic_431,432,31.000,29.084,1.916,1.075,experiments/output/disabled_with_jfr/run_20260131_153100
test_topic_432,433,32.000,29.747,2.253,1.057,experiments/output/disabled_with_jfr/run_20260131_153100
test_topic_433,434,31.000,29.398,1.602,1.024,experiments/output/disabled_with_jfr/run_20260131_153100
test_topic_434,435,34.000,32.040,1.960,1.155,experiments/output/disabled_with_jfr/run_20260131_153100
test_topic_435,436,33.000,30.220,2.780,2.008,experiments/output/disabled_with_jfr/run_20260131_153100
test_topic_436,437,79.000,74.421,4.579,0.000,experiments/output/disabled_with_jfr/run_20260131_153100
test_topic_437,438,78.000,75.417,2.583,0.000,experiments/output/disabled_with_jfr/run_20260131_153100
test_topic_438,439,36.000,32.531,3.469,1.398,experiments/output/disabled_with_jfr/run_20260131_153100
test_topic_439,440,80.000,77.213,2.787,1.124,experiments/output/disabled_with_jfr/run_20260131_153100
test_topic_440,441,35.000,32.573,2.427,1.338,experiments/output/disabled_with_jfr/run_20260131_153100
test_topic_441,442,38.000,34.064,3.936,1.510,experiments/output/disabled_with_jfr/run_20260131_153100
test_topic_442,443,34.000,31.470,2.530,1.152,experiments/output/disabled_with_jfr/run_20260131_153100
test_topic_443,444,82.000,78.989,3.011,0.000,experiments/output/disabled_with_jfr/run_20260131_153100
test_topic_444,445,39.000,34.920,4.080,1.599,experiments/output/disabled_with_jfr/run_20260131_153100
test_topic_445,446,38.000,34.324,3.676,1.421,experiments/output/disabled_with_jfr/run_20260131_153100
test_topic_446,447,78.000,74.275,3.725,2.250,experiments/output/disabled_with_jfr/run_20260131_153100
test_topic_447,448,39.000,35.998,3.002,2.117,experiments/output/disabled_with_jfr/run_20260131_153100
test_topic_448,449,38.000,33.608,4.392,3.153,experiments/output/disabled_with_jfr/run_20260131_153100
test_topic_449,450,34.000,31.263,2.737,1.203,experiments/output/disabled_with_jfr/run_20260131_153100
test_topic_450,451,35.000,30.941,4.059,2.016,experiments/output/disabled_with_jfr/run_20260131_153100
test_topic_451,452,34.000,31.451,2.549,1.425,experiments/output/disabled_with_jfr/run_20260131_153100
test_topic_452,453,36.000,32.189,3.811,2.309,experiments/output/disabled_with_jfr/run_20260131_153100
test_topic_453,454,30.000,27.209,2.791,1.582,experiments/output/disabled_with_jfr/run_20260131_153100
test_topic_454,455,76.000,73.081,2.919,2.087,experiments/output/disabled_with_jfr/run_20260131_153100
test_topic_455,456,174.000,170.593,3.407,2.650,experiments/output/disabled_with_jfr/run_20260131_153100
test_topic_456,457,99.000,96.730,2.270,1.713,experiments/output/disabled_with_jfr/run_20260131_153100
test_topic_457,458,172.000,106.378,65.622,64.415,experiments/output/disabled_with_jfr/run_20260131_153100
test_topic_458,459,178.000,103.984,74.016,72.405,experiments/output/disabled_with_jfr/run_20260131_153100
test_topic_459,460,100.000,93.520,6.480,5.434,experiments/output/disabled_with_jfr/run_20260131_153100
test_topic_460,461,108.000,104.036,3.964,3.370,experiments/output/disabled_with_jfr/run_20260131_153100
test_topic_461,462,29.000,26.235,2.765,1.338,experiments/output/disabled_with_jfr/run_20260131_153100
test_topic_462,463,98.000,95.946,2.054,0.000,experiments/output/disabled_with_jfr/run_20260131_153100
test_topic_463,464,170.000,104.692,65.308,64.500,experiments/output/disabled_with_jfr/run_20260131_153100
test_topic_464,465,32.000,30.028,1.972,1.006,experiments/output/disabled_with_jfr/run_20260131_153100
test_topic_465,466,31.000,28.859,2.141,1.399,experiments/output/disabled_with_jfr/run_20260131_153100
test_topic_466,467,30.000,28.099,1.901,0.000,experiments/output/disabled_with_jfr/run_20260131_153100
test_topic_467,468,31.000,28.898,2.102,0.000,experiments/output/disabled_with_jfr/run_20260131_153100
test_topic_468,469,32.000,29.808,2.192,1.210,experiments/output/disabled_with_jfr/run_20260131_153100
test_topic_469,470,33.000,30.339,2.661,0.000,experiments/output/disabled_with_jfr/run_20260131_153100
test_topic_470,471,32.000,29.365,2.635,0.000,experiments/output/disabled_with_jfr/run_20260131_153100
test_topic_471,472,32.000,29.505,2.495,0.000,experiments/output/disabled_with_jfr/run_20260131_153100
test_topic_472,473,32.000,29.194,2.806,0.000,experiments/output/disabled_with_jfr/run_20260131_153100
test_topic_473,474,32.000,30.106,1.894,0.000,experiments/output/disabled_with_jfr/run_20260131_153100
test_topic_474,475,31.000,28.460,2.540,0.000,experiments/output/disabled_with_jfr/run_20260131_153100
test_topic_475,476,31.000,28.602,2.398,0.000,experiments/output/disabled_with_jfr/run_20260131_153100
test_topic_476,477,33.000,30.430,2.570,1.445,experiments/output/disabled_with_jfr/run_20260131_153100
test_topic_477,478,33.000,29.245,3.755,2.459,experiments/output/disabled_with_jfr/run_20260131_153100
test_topic_478,479,31.000,28.633,2.367,0.000,experiments/output/disabled_with_jfr/run_20260131_153100
test_topic_479,480,31.000,28.996,2.004,0.000,experiments/output/disabled_with_jfr/run_20260131_153100
test_topic_480,481,41.000,37.665,3.335,0.000,experiments/output/disabled_with_jfr/run_20260131_153100
test_topic_481,482,35.000,31.520,3.480,1.179,experiments/output/disabled_with_jfr/run_20260131_153100
test_topic_482,483,31.000,28.457,2.543,1.064,experiments/output/disabled_with_jfr/run_20260131_153100
test_topic_483,484,31.000,28.639,2.361,0.000,experiments/output/disabled_with_jfr/run_20260131_153100
test_topic_484,485,33.000,30.289,2.711,0.000,experiments/output/disabled_with_jfr/run_20260131_153100
test_topic_485,486,31.000,28.709,2.291,0.000,experiments/output/disabled_with_jfr/run_20260131_153100
test_topic_486,487,32.000,28.702,3.298,0.000,experiments/output/disabled_with_jfr/run_20260131_153100
test_topic_487,488,32.000,29.121,2.879,1.291,experiments/output/disabled_with_jfr/run_20260131_153100
test_topic_488,489,31.000,27.364,3.636,1.546,experiments/output/disabled_with_jfr/run_20260131_153100
test_topic_489,490,30.000,28.074,1.926,0.000,experiments/output/disabled_with_jfr/run_20260131_153100
test_topic_490,491,31.000,29.509,1.491,0.000,experiments/output/disabled_with_jfr/run_20260131_153100
test_topic_491,492,32.000,29.583,2.417,0.000,experiments/output/disabled_with_jfr/run_20260131_153100
test_topic_492,493,33.000,29.077,3.923,0.000,experiments/output/disabled_with_jfr/run_20260131_153100
test_topic_493,494,32.000,30.086,1.914,0.000,experiments/output/disabled_with_jfr/run_20260131_153100
test_topic_494,495,32.000,29.898,2.102,0.000,experiments/output/disabled_with_jfr/run_20260131_153100
test_topic_495,496,32.000,29.586,2.414,0.000,experiments/output/disabled_with_jfr/run_20260131_153100
test_topic_496,497,32.000,30.017,1.983,0.000,experiments/output/disabled_with_jfr/run_20260131_153100
test_topic_497,498,916.000,914.158,1.842,0.000,experiments/output/disabled_with_jfr/run_20260131_153100
test_topic_498,499,30.000,28.695,1.305,0.000,experiments/output/disabled_with_jfr/run_20260131_153100
test_topic_499,500,31.000,29.719,1.281,0.000,experiments/output/disabled_with_jfr/run_20260131_153100
test_topic_500,501,32.000,30.191,1.809,1.363,experiments/output/disabled_with_jfr/run_20260131_153100
test_topic_501,502,32.000,29.288,2.712,0.000,experiments/output/disabled_with_jfr/run_20260131_153100
test_topic_502,503,32.000,28.935,3.065,0.000,experiments/output/disabled_with_jfr/run_20260131_153100
test_topic_503,504,30.000,27.908,2.092,0.000,experiments/output/disabled_with_jfr/run_20260131_153100
test_topic_504,505,30.000,28.143,1.857,0.000,experiments/output/disabled_with_jfr/run_20260131_153100
test_topic_505,506,32.000,28.917,3.083,0.000,experiments/output/disabled_with_jfr/run_20260131_153100
test_topic_506,507,44.000,41.124,2.877,0.000,experiments/output/disabled_with_jfr/run_20260131_153100
test_topic_507,508,34.000,30.929,3.071,1.059,experiments/output/disabled_with_jfr/run_20260131_153100
test_topic_508,509,39.000,34.965,4.035,2.436,experiments/output/disabled_with_jfr/run_20260131_153100
test_topic_509,510,35.000,31.518,3.482,1.698,experiments/output/disabled_with_jfr/run_20260131_153100
test_topic_510,511,33.000,29.804,3.196,1.676,experiments/output/disabled_with_jfr/run_20260131_153100
test_topic_511,512,38.000,31.380,6.620,1.219,experiments/output/disabled_with_jfr/run_20260131_153100
test_topic_512,513,34.000,31.244,2.756,1.094,experiments/output/disabled_with_jfr/run_20260131_153100
test_topic_513,514,36.000,31.842,4.159,2.483,experiments/output/disabled_with_jfr/run_20260131_153100
test_topic_514,515,33.000,30.323,2.677,1.524,experiments/output/disabled_with_jfr/run_20260131_153100
test_topic_515,516,35.000,31.638,3.362,2.053,experiments/output/disabled_with_jfr/run_20260131_153100
test_topic_516,517,57.000,54.046,2.954,1.443,experiments/output/disabled_with_jfr/run_20260131_153100
test_topic_517,518,32.000,29.040,2.960,1.337,experiments/output/disabled_with_jfr/run_20260131_153100
test_topic_518,519,30.000,28.596,1.404,0.000,experiments/output/disabled_with_jfr/run_20260131_153100
test_topic_519,520,30.000,28.048,1.952,0.000,experiments/output/disabled_with_jfr/run_20260131_153100
test_topic_520,521,31.000,28.037,2.963,1.035,experiments/output/disabled_with_jfr/run_20260131_153100
test_topic_521,522,32.000,30.171,1.829,1.018,experiments/output/disabled_with_jfr/run_20260131_153100
test_topic_522,523,31.000,28.717,2.283,0.000,experiments/output/disabled_with_jfr/run_20260131_153100
test_topic_523,524,31.000,28.959,2.041,0.000,experiments/output/disabled_with_jfr/run_20260131_153100
test_topic_524,525,36.000,31.288,4.712,1.423,experiments/output/disabled_with_jfr/run_20260131_153100
test_topic_525,526,34.000,30.953,3.047,1.843,experiments/output/disabled_with_jfr/run_20260131_153100
test_topic_526,527,35.000,31.108,3.892,1.642,experiments/output/disabled_with_jfr/run_20260131_153100
test_topic_527,528,34.000,31.269,2.731,2.086,experiments/output/disabled_with_jfr/run_20260131_153100
test_topic_528,529,39.000,34.457,4.543,3.283,experiments/output/disabled_with_jfr/run_20260131_153100
test_topic_529,530,35.000,32.352,2.648,1.285,experiments/output/disabled_with_jfr/run_20260131_153100
test_topic_530,531,37.000,33.577,3.423,1.512,experiments/output/disabled_with_jfr/run_20260131_153100
test_topic_531,532,34.000,31.226,2.774,0.000,experiments/output/disabled_with_jfr/run_20260131_153100
test_topic_532,533,43.000,40.207,2.793,1.128,experiments/output/disabled_with_jfr/run_20260131_153100
test_topic_533,534,33.000,30.588,2.412,1.037,experiments/output/disabled_with_jfr/run_20260131_153100
test_topic_534,535,31.000,27.914,3.086,1.056,experiments/output/disabled_with_jfr/run_20260131_153100
test_topic_535,536,33.000,29.890,3.110,1.571,experiments/output/disabled_with_jfr/run_20260131_153100
test_topic_536,537,33.000,30.990,2.010,1.468,experiments/output/disabled_with_jfr/run_20260131_153100
test_topic_537,538,32.000,28.624,3.376,1.084,experiments/output/disabled_with_jfr/run_20260131_153100
test_topic_538,539,31.000,28.276,2.724,0.000,experiments/output/disabled_with_jfr/run_20260131_153100
test_topic_539,540,31.000,28.729,2.271,0.000,experiments/output/disabled_with_jfr/run_20260131_153100
test_topic_540,541,32.000,29.805,2.195,0.000,experiments/output/disabled_with_jfr/run_20260131_153100
test_topic_541,542,32.000,29.206,2.794,0.000,experiments/output/disabled_with_jfr/run_20260131_153100
test_topic_542,543,35.000,32.873,2.127,0.000,experiments/output/disabled_with_jfr/run_20260131_153100
test_topic_543,544,35.000,32.577,2.423,1.069,experiments/output/disabled_with_jfr/run_20260131_153100
test_topic_544,545,34.000,31.524,2.476,1.030,experiments/output/disabled_with_jfr/run_20260131_153100
test_topic_545,546,32.000,29.791,2.209,0.000,experiments/output/disabled_with_jfr/run_20260131_153100
test_topic_546,547,45.000,41.641,3.359,2.367,experiments/output/disabled_with_jfr/run_20260131_153100
test_topic_547,548,2054.000,2051.856,2.144,1.142,experiments/output/disabled_with_jfr/run_20260131_153100
test_topic_548,549,47.000,38.983,8.017,3.349,experiments/output/disabled_with_jfr/run_20260131_153100
test_topic_549,550,45.000,40.838,4.162,2.425,experiments/output/disabled_with_jfr/run_20260131_153100
test_topic_550,551,38.000,32.843,5.157,1.321,experiments/output/disabled_with_jfr/run_20260131_153100
test_topic_551,552,35.000,31.556,3.444,1.198,experiments/output/disabled_with_jfr/run_20260131_153100
test_topic_552,553,35.000,31.141,3.859,1.679,experiments/output/disabled_with_jfr/run_20260131_153100
test_topic_553,554,32.000,29.545,2.456,1.177,experiments/output/disabled_with_jfr/run_20260131_153100
test_topic_554,555,33.000,30.889,2.111,1.203,experiments/output/disabled_with_jfr/run_20260131_153100
test_topic_555,556,34.000,32.214,1.786,0.000,experiments/output/disabled_with_jfr/run_20260131_153100
test_topic_556,557,32.000,27.272,4.728,2.166,experiments/output/disabled_with_jfr/run_20260131_153100
test_topic_557,558,29.000,27.173,1.827,1.291,experiments/output/disabled_with_jfr/run_20260131_153100
test_topic_558,559,41.000,39.164,1.836,0.000,experiments/output/disabled_with_jfr/run_20260131_153100
test_topic_559,560,30.000,28.069,1.931,0.000,experiments/output/disabled_with_jfr/run_20260131_153100
test_topic_560,561,32.000,29.509,2.491,1.607,experiments/output/disabled_with_jfr/run_20260131_153100
test_topic_561,562,32.000,29.042,2.958,1.450,experiments/output/disabled_with_jfr/run_20260131_153100
test_topic_562,563,30.000,27.856,2.144,1.624,experiments/output/disabled_with_jfr/run_20260131_153100
test_topic_563,564,30.000,28.064,1.936,0.000,experiments/output/disabled_with_jfr/run_20260131_153100
test_topic_564,565,31.000,29.433,1.567,1.097,experiments/output/disabled_with_jfr/run_20260131_153100
test_topic_565,566,32.000,29.537,2.463,1.077,experiments/output/disabled_with_jfr/run_20260131_153100
test_topic_566,567,32.000,29.643,2.357,0.000,experiments/output/disabled_with_jfr/run_20260131_153100
test_topic_567,568,32.000,29.384,2.616,0.000,experiments/output/disabled_with_jfr/run_20260131_153100
test_topic_568,569,32.000,29.790,2.210,0.000,experiments/output/disabled_with_jfr/run_20260131_153100
test_topic_569,570,33.000,30.674,2.326,0.000,experiments/output/disabled_with_jfr/run_20260131_153100
test_topic_570,571,32.000,30.256,1.744,0.000,experiments/output/disabled_with_jfr/run_20260131_153100
test_topic_571,572,30.000,28.104,1.896,0.000,experiments/output/disabled_with_jfr/run_20260131_153100
test_topic_572,573,33.000,30.306,2.694,0.000,experiments/output/disabled_with_jfr/run_20260131_153100
test_topic_573,574,31.000,28.572,2.428,0.000,experiments/output/disabled_with_jfr/run_20260131_153100
test_topic_574,575,37.000,32.396,4.604,1.986,experiments/output/disabled_with_jfr/run_20260131_153100
test_topic_575,576,47.000,40.356,6.644,2.283,experiments/output/disabled_with_jfr/run_20260131_153100
test_topic_576,577,37.000,31.468,5.532,1.813,experiments/output/disabled_with_jfr/run_20260131_153100
test_topic_577,578,34.000,30.182,3.818,1.794,experiments/output/disabled_with_jfr/run_20260131_153100
test_topic_578,579,32.000,30.030,1.970,1.134,experiments/output/disabled_with_jfr/run_20260131_153100
test_topic_579,580,31.000,29.635,1.365,0.000,experiments/output/disabled_with_jfr/run_20260131_153100
test_topic_580,581,2053.000,2050.847,2.153,1.104,experiments/output/disabled_with_jfr/run_20260131_153100
test_topic_581,582,104.000,101.322,2.678,1.666,experiments/output/disabled_with_jfr/run_20260131_153100
test_topic_582,583,117.000,110.802,6.198,3.081,experiments/output/disabled_with_jfr/run_20260131_153100
test_topic_583,584,108.000,103.643,4.357,3.660,experiments/output/disabled_with_jfr/run_20260131_153100
test_topic_584,585,105.000,102.170,2.830,2.320,experiments/output/disabled_with_jfr/run_20260131_153100
test_topic_585,586,83.000,81.816,1.184,0.000,experiments/output/disabled_with_jfr/run_20260131_153100
test_topic_586,587,99.000,96.140,2.860,1.269,experiments/output/disabled_with_jfr/run_20260131_153100
test_topic_587,588,82.000,78.133,3.867,2.908,experiments/output/disabled_with_jfr/run_20260131_153100
test_topic_588,589,30.000,26.472,3.528,2.764,experiments/output/disabled_with_jfr/run_20260131_153100
test_topic_589,590,98.000,95.700,2.300,1.292,experiments/output/disabled_with_jfr/run_20260131_153100
test_topic_590,591,31.000,29.112,1.888,0.000,experiments/output/disabled_with_jfr/run_20260131_153100
test_topic_591,592,32.000,29.846,2.154,1.352,experiments/output/disabled_with_jfr/run_20260131_153100
test_topic_592,593,32.000,29.586,2.414,0.000,experiments/output/disabled_with_jfr/run_20260131_153100
test_topic_593,594,34.000,31.062,2.938,1.240,experiments/output/disabled_with_jfr/run_20260131_153100
test_topic_594,595,36.000,32.196,3.804,1.939,experiments/output/disabled_with_jfr/run_20260131_153100
test_topic_595,596,35.000,30.795,4.205,1.117,experiments/output/disabled_with_jfr/run_20260131_153100
test_topic_596,597,32.000,29.601,2.399,0.000,experiments/output/disabled_with_jfr/run_20260131_153100
test_topic_597,598,32.000,28.744,3.256,1.393,experiments/output/disabled_with_jfr/run_20260131_153100
test_topic_598,599,32.000,29.933,2.067,0.000,experiments/output/disabled_with_jfr/run_20260131_153100
test_topic_599,600,33.000,30.139,2.861,1.019,experiments/output/disabled_with_jfr/run_20260131_153100
test_topic_600,601,37.000,33.517,3.483,1.674,experiments/output/disabled_with_jfr/run_20260131_153100
test_topic_601,602,36.000,30.903,5.098,1.058,experiments/output/disabled_with_jfr/run_20260131_153100
test_topic_602,603,36.000,32.203,3.797,2.137,experiments/output/disabled_with_jfr/run_20260131_153100
test_topic_603,604,30.000,28.082,1.918,1.288,experiments/output/disabled_with_jfr/run_20260131_153100
test_topic_604,605,30.000,28.494,1.506,0.000,experiments/output/disabled_with_jfr/run_20260131_153100
test_topic_605,606,33.000,29.558,3.442,2.396,experiments/output/disabled_with_jfr/run_20260131_153100
test_topic_606,607,30.000,28.385,1.615,1.042,experiments/output/disabled_with_jfr/run_20260131_153100
test_topic_607,608,30.000,28.336,1.664,1.200,experiments/output/disabled_with_jfr/run_20260131_153100
test_topic_608,609,35.000,32.375,2.625,1.744,experiments/output/disabled_with_jfr/run_20260131_153100
test_topic_609,610,44.000,40.940,3.060,1.850,experiments/output/disabled_with_jfr/run_20260131_153100
test_topic_610,611,30.000,28.287,1.713,1.062,experiments/output/disabled_with_jfr/run_20260131_153100
test_topic_611,612,32.000,30.025,1.975,0.000,experiments/output/disabled_with_jfr/run_20260131_153100
test_topic_612,613,33.000,30.387,2.613,0.000,experiments/output/disabled_with_jfr/run_20260131_153100
test_topic_613,614,33.000,31.283,1.717,0.000,experiments/output/disabled_with_jfr/run_20260131_153100
test_topic_614,615,33.000,29.734,3.266,0.000,experiments/output/disabled_with_jfr/run_20260131_153100
test_topic_615,616,32.000,29.563,2.437,0.000,experiments/output/disabled_with_jfr/run_20260131_153100
test_topic_616,617,32.000,29.557,2.443,1.052,experiments/output/disabled_with_jfr/run_20260131_153100
test_topic_617,618,33.000,30.931,2.069,0.000,experiments/output/disabled_with_jfr/run_20260131_153100
test_topic_618,619,31.000,28.680,2.320,0.000,experiments/output/disabled_with_jfr/run_20260131_153100
test_topic_619,620,33.000,31.166,1.834,0.000,experiments/output/disabled_with_jfr/run_20260131_153100
test_topic_620,621,34.000,31.000,3.000,0.000,experiments/output/disabled_with_jfr/run_20260131_153100
test_topic_621,622,32.000,29.671,2.329,0.000,experiments/output/disabled_with_jfr/run_20260131_153100
test_topic_622,623,31.000,28.569,2.431,0.000,experiments/output/disabled_with_jfr/run_20260131_153100
test_topic_623,624,31.000,29.108,1.892,0.000,experiments/output/disabled_with_jfr/run_20260131_153100
test_topic_624,625,32.000,30.000,2.000,0.000,experiments/output/disabled_with_jfr/run_20260131_153100
test_topic_625,626,31.000,29.145,1.855,0.000,experiments/output/disabled_with_jfr/run_20260131_153100
test_topic_626,627,35.000,31.108,3.892,1.378,experiments/output/disabled_with_jfr/run_20260131_153100
test_topic_627,628,30.000,28.071,1.929,0.000,experiments/output/disabled_with_jfr/run_20260131_153100
test_topic_628,629,32.000,29.931,2.069,0.000,experiments/output/disabled_with_jfr/run_20260131_153100
test_topic_629,630,31.000,28.133,2.867,0.000,experiments/output/disabled_with_jfr/run_20260131_153100
test_topic_630,631,31.000,29.246,1.754,0.000,experiments/output/disabled_with_jfr/run_20260131_153100
test_topic_631,632,2061.000,2058.548,2.452,0.000,experiments/output/disabled_with_jfr/run_20260131_153100
test_topic_632,633,48.000,36.294,11.706,2.716,experiments/output/disabled_with_jfr/run_20260131_153100
test_topic_633,634,32.000,30.128,1.872,0.000,experiments/output/disabled_with_jfr/run_20260131_153100
test_topic_634,635,31.000,29.260,1.740,0.000,experiments/output/disabled_with_jfr/run_20260131_153100
test_topic_635,636,45.000,42.710,2.290,1.009,experiments/output/disabled_with_jfr/run_20260131_153100
test_topic_636,637,30.000,28.413,1.587,0.000,experiments/output/disabled_with_jfr/run_20260131_153100
test_topic_637,638,31.000,29.090,1.910,0.000,experiments/output/disabled_with_jfr/run_20260131_153100
test_topic_638,639,32.000,29.310,2.690,0.000,experiments/output/disabled_with_jfr/run_20260131_153100
test_topic_639,640,34.000,30.473,3.527,1.688,experiments/output/disabled_with_jfr/run_20260131_153100
test_topic_640,641,31.000,28.046,2.954,0.000,experiments/output/disabled_with_jfr/run_20260131_153100
test_topic_641,642,34.000,31.176,2.824,0.000,experiments/output/disabled_with_jfr/run_20260131_153100
test_topic_642,643,30.000,28.203,1.797,1.107,experiments/output/disabled_with_jfr/run_20260131_153100
test_topic_643,644,32.000,29.595,2.405,1.022,experiments/output/disabled_with_jfr/run_20260131_153100
test_topic_644,645,30.000,28.351,1.649,0.000,experiments/output/disabled_with_jfr/run_20260131_153100
test_topic_645,646,35.000,31.247,3.753,0.000,experiments/output/disabled_with_jfr/run_20260131_153100
test_topic_646,647,32.000,29.355,2.645,0.000,experiments/output/disabled_with_jfr/run_20260131_153100
test_topic_647,648,30.000,28.124,1.876,0.000,experiments/output/disabled_with_jfr/run_20260131_153100
test_topic_648,649,33.000,30.638,2.362,0.000,experiments/output/disabled_with_jfr/run_20260131_153100
test_topic_649,650,32.000,29.393,2.607,0.000,experiments/output/disabled_with_jfr/run_20260131_153100
test_topic_650,651,32.000,29.933,2.067,0.000,experiments/output/disabled_with_jfr/run_20260131_153100
test_topic_651,652,34.000,30.218,3.782,0.000,experiments/output/disabled_with_jfr/run_20260131_153100
test_topic_652,653,31.000,28.850,2.150,0.000,experiments/output/disabled_with_jfr/run_20260131_153100
test_topic_653,654,30.000,28.346,1.654,0.000,experiments/output/disabled_with_jfr/run_20260131_153100
test_topic_654,655,30.000,27.914,2.086,0.000,experiments/output/disabled_with_jfr/run_20260131_153100
test_topic_655,656,30.000,28.499,1.501,0.000,experiments/output/disabled_with_jfr/run_20260131_153100
test_topic_656,657,31.000,28.477,2.523,1.602,experiments/output/disabled_with_jfr/run_20260131_153100
test_topic_657,658,32.000,29.861,2.139,0.000,experiments/output/disabled_with_jfr/run_20260131_153100
test_topic_658,659,31.000,28.626,2.374,1.462,experiments/output/disabled_with_jfr/run_20260131_153100
test_topic_659,660,32.000,28.766,3.234,1.317,experiments/output/disabled_with_jfr/run_20260131_153100
test_topic_660,661,33.000,29.718,3.282,1.622,experiments/output/disabled_with_jfr/run_20260131_153100
test_topic_661,662,39.000,36.732,2.268,0.000,experiments/output/disabled_with_jfr/run_20260131_153100
test_topic_662,663,28.000,26.088,1.912,0.000,experiments/output/disabled_with_jfr/run_20260131_153100
test_topic_663,664,30.000,27.805,2.195,1.652,experiments/output/disabled_with_jfr/run_20260131_153100
test_topic_664,665,2085.000,2081.719,3.281,0.000,experiments/output/disabled_with_jfr/run_20260131_153100
test_topic_665,666,40.000,34.624,5.376,2.968,experiments/output/disabled_with_jfr/run_20260131_153100
test_topic_666,667,34.000,29.921,4.079,2.036,experiments/output/disabled_with_jfr/run_20260131_153100
test_topic_667,668,32.000,29.666,2.334,1.039,experiments/output/disabled_with_jfr/run_20260131_153100
test_topic_668,669,33.000,30.718,2.282,1.368,experiments/output/disabled_with_jfr/run_20260131_153100
test_topic_669,670,34.000,31.539,2.461,0.000,experiments/output/disabled_with_jfr/run_20260131_153100
test_topic_670,671,43.000,34.429,8.571,4.790,experiments/output/disabled_with_jfr/run_20260131_153100
test_topic_671,672,30.000,27.519,2.481,1.046,experiments/output/disabled_with_jfr/run_20260131_153100
test_topic_672,673,29.000,28.030,0.970,0.000,experiments/output/disabled_with_jfr/run_20260131_153100
test_topic_673,674,30.000,28.025,1.975,0.000,experiments/output/disabled_with_jfr/run_20260131_153100
test_topic_674,675,28.000,27.178,0.822,0.000,experiments/output/disabled_with_jfr/run_20260131_153100
test_topic_675,676,31.000,28.991,2.009,0.000,experiments/output/disabled_with_jfr/run_20260131_153100
test_topic_676,677,31.000,28.540,2.460,0.000,experiments/output/disabled_with_jfr/run_20260131_153100
test_topic_677,678,33.000,29.106,3.894,0.000,experiments/output/disabled_with_jfr/run_20260131_153100
test_topic_678,679,31.000,28.807,2.193,0.000,experiments/output/disabled_with_jfr/run_20260131_153100
test_topic_679,680,31.000,28.619,2.381,0.000,experiments/output/disabled_with_jfr/run_20260131_153100
test_topic_680,681,32.000,29.320,2.680,0.000,experiments/output/disabled_with_jfr/run_20260131_153100
test_topic_681,682,32.000,29.710,2.290,0.000,experiments/output/disabled_with_jfr/run_20260131_153100
test_topic_682,683,31.000,28.531,2.469,0.000,experiments/output/disabled_with_jfr/run_20260131_153100
test_topic_683,684,36.000,31.911,4.089,0.000,experiments/output/disabled_with_jfr/run_20260131_153100
test_topic_684,685,32.000,30.280,1.721,0.000,experiments/output/disabled_with_jfr/run_20260131_153100
test_topic_685,686,33.000,31.087,1.913,0.000,experiments/output/disabled_with_jfr/run_20260131_153100
test_topic_686,687,42.000,39.941,2.059,0.000,experiments/output/disabled_with_jfr/run_20260131_153100
test_topic_687,688,61.000,59.338,1.662,0.000,experiments/output/disabled_with_jfr/run_20260131_153100
test_topic_688,689,118.000,115.756,2.244,0.000,experiments/output/disabled_with_jfr/run_20260131_153100
test_topic_689,690,33.000,30.336,2.664,0.000,experiments/output/disabled_with_jfr/run_20260131_153100
test_topic_690,691,83.000,27.973,55.027,53.926,experiments/output/disabled_with_jfr/run_20260131_153100
test_topic_691,692,109.000,104.636,4.364,3.519,experiments/output/disabled_with_jfr/run_20260131_153100
test_topic_692,693,109.000,105.491,3.509,1.599,experiments/output/disabled_with_jfr/run_20260131_153100
test_topic_693,694,106.000,102.735,3.265,2.022,experiments/output/disabled_with_jfr/run_20260131_153100
test_topic_694,695,105.000,102.707,2.293,1.718,experiments/output/disabled_with_jfr/run_20260131_153100
test_topic_695,696,110.000,105.922,4.078,2.167,experiments/output/disabled_with_jfr/run_20260131_153100
test_topic_696,697,36.000,32.488,3.512,1.817,experiments/output/disabled_with_jfr/run_20260131_153100
test_topic_697,698,95.000,92.109,2.891,2.156,experiments/output/disabled_with_jfr/run_20260131_153100
test_topic_698,699,119.000,112.368,6.632,5.618,experiments/output/disabled_with_jfr/run_20260131_153100
test_topic_699,700,81.000,76.739,4.261,1.874,experiments/output/disabled_with_jfr/run_20260131_153100
test_topic_700,701,83.000,80.352,2.648,1.113,experiments/output/disabled_with_jfr/run_20260131_153100
test_topic_701,702,118.000,116.424,1.576,1.424,experiments/output/disabled_with_jfr/run_20260131_153100
test_topic_702,703,34.000,27.641,6.359,3.925,experiments/output/disabled_with_jfr/run_20260131_153100
test_topic_703,704,28.000,26.586,1.414,0.000,experiments/output/disabled_with_jfr/run_20260131_153100
test_topic_704,705,32.000,30.051,1.949,0.000,experiments/output/disabled_with_jfr/run_20260131_153100
test_topic_705,706,33.000,30.612,2.388,0.000,experiments/output/disabled_with_jfr/run_20260131_153100
test_topic_706,707,32.000,29.198,2.802,1.114,experiments/output/disabled_with_jfr/run_20260131_153100
test_topic_707,708,32.000,29.793,2.207,1.315,experiments/output/disabled_with_jfr/run_20260131_153100
test_topic_708,709,30.000,28.084,1.916,0.000,experiments/output/disabled_with_jfr/run_20260131_153100
test_topic_709,710,29.000,27.390,1.610,0.000,experiments/output/disabled_with_jfr/run_20260131_153100
test_topic_710,711,30.000,28.168,1.832,0.000,experiments/output/disabled_with_jfr/run_20260131_153100
test_topic_711,712,41.000,38.896,2.104,0.000,experiments/output/disabled_with_jfr/run_20260131_153100
test_topic_712,713,31.000,28.269,2.731,0.000,experiments/output/disabled_with_jfr/run_20260131_153100
test_topic_713,714,33.000,29.059,3.941,1.787,experiments/output/disabled_with_jfr/run_20260131_153100
test_topic_714,715,31.000,28.147,2.853,0.000,experiments/output/disabled_with_jfr/run_20260131_153100
test_topic_715,716,32.000,27.862,4.138,0.000,experiments/output/disabled_with_jfr/run_20260131_153100
test_topic_716,717,30.000,27.951,2.049,1.015,experiments/output/disabled_with_jfr/run_20260131_153100
test_topic_717,718,31.000,29.110,1.890,0.000,experiments/output/disabled_with_jfr/run_20260131_153100
test_topic_718,719,31.000,29.146,1.854,0.000,experiments/output/disabled_with_jfr/run_20260131_153100
test_topic_719,720,32.000,29.864,2.136,0.000,experiments/output/disabled_with_jfr/run_20260131_153100
test_topic_720,721,31.000,28.295,2.705,0.000,experiments/output/disabled_with_jfr/run_20260131_153100
test_topic_721,722,30.000,28.287,1.713,0.000,experiments/output/disabled_with_jfr/run_20260131_153100
test_topic_722,723,33.000,30.820,2.180,0.000,experiments/output/disabled_with_jfr/run_20260131_153100
test_topic_723,724,33.000,30.243,2.757,0.000,experiments/output/disabled_with_jfr/run_20260131_153100
test_topic_724,725,31.000,29.156,1.844,0.000,experiments/output/disabled_with_jfr/run_20260131_153100
test_topic_725,726,32.000,30.261,1.739,0.000,experiments/output/disabled_with_jfr/run_20260131_153100
test_topic_726,727,33.000,30.573,2.427,0.000,experiments/output/disabled_with_jfr/run_20260131_153100
test_topic_727,728,33.000,30.203,2.797,0.000,experiments/output/disabled_with_jfr/run_20260131_153100
test_topic_728,729,33.000,29.405,3.595,1.054,experiments/output/disabled_with_jfr/run_20260131_153100
test_topic_729,730,34.000,31.588,2.412,0.000,experiments/output/disabled_with_jfr/run_20260131_153100
test_topic_730,731,31.000,28.818,2.182,1.044,experiments/output/disabled_with_jfr/run_20260131_153100
test_topic_731,732,32.000,28.968,3.032,0.000,experiments/output/disabled_with_jfr/run_20260131_153100
test_topic_732,733,32.000,29.542,2.458,0.000,experiments/output/disabled_with_jfr/run_20260131_153100
test_topic_733,734,33.000,31.068,1.932,0.000,experiments/output/disabled_with_jfr/run_20260131_153100
test_topic_734,735,34.000,29.798,4.202,0.000,experiments/output/disabled_with_jfr/run_20260131_153100
test_topic_735,736,32.000,29.091,2.909,1.342,experiments/output/disabled_with_jfr/run_20260131_153100
test_topic_736,737,45.000,42.571,2.429,1.250,experiments/output/disabled_with_jfr/run_20260131_153100
test_topic_737,738,34.000,31.550,2.450,1.107,experiments/output/disabled_with_jfr/run_20260131_153100
test_topic_738,739,2081.000,2078.454,2.546,1.367,experiments/output/disabled_with_jfr/run_20260131_153100
test_topic_739,740,43.000,38.327,4.673,1.747,experiments/output/disabled_with_jfr/run_20260131_153100
test_topic_740,741,30.000,27.175,2.826,1.097,experiments/output/disabled_with_jfr/run_20260131_153100
test_topic_741,742,30.000,28.886,1.114,0.000,experiments/output/disabled_with_jfr/run_20260131_153100
test_topic_742,743,29.000,27.845,1.155,0.000,experiments/output/disabled_with_jfr/run_20260131_153100
test_topic_743,744,28.000,26.376,1.624,1.003,experiments/output/disabled_with_jfr/run_20260131_153100
test_topic_744,745,30.000,28.749,1.251,0.000,experiments/output/disabled_with_jfr/run_20260131_153100
test_topic_745,746,30.000,28.537,1.463,1.032,experiments/output/disabled_with_jfr/run_20260131_153100
test_topic_746,747,29.000,27.227,1.773,0.000,experiments/output/disabled_with_jfr/run_20260131_153100
test_topic_747,748,30.000,28.206,1.794,0.000,experiments/output/disabled_with_jfr/run_20260131_153100
test_topic_748,749,31.000,28.706,2.294,0.000,experiments/output/disabled_with_jfr/run_20260131_153100
test_topic_749,750,30.000,28.334,1.666,0.000,experiments/output/disabled_with_jfr/run_20260131_153100
test_topic_750,751,31.000,29.073,1.927,0.000,experiments/output/disabled_with_jfr/run_20260131_153100
test_topic_751,752,31.000,29.370,1.630,0.000,experiments/output/disabled_with_jfr/run_20260131_153100
test_topic_752,753,30.000,27.692,2.308,0.000,experiments/output/disabled_with_jfr/run_20260131_153100
test_topic_753,754,32.000,28.943,3.057,0.000,experiments/output/disabled_with_jfr/run_20260131_153100
test_topic_754,755,29.000,26.988,2.012,0.000,experiments/output/disabled_with_jfr/run_20260131_153100
test_topic_755,756,29.000,27.710,1.290,0.000,experiments/output/disabled_with_jfr/run_20260131_153100
test_topic_756,757,30.000,28.322,1.678,0.000,experiments/output/disabled_with_jfr/run_20260131_153100
test_topic_757,758,30.000,28.096,1.904,0.000,experiments/output/disabled_with_jfr/run_20260131_153100
test_topic_758,759,29.000,27.024,1.976,0.000,experiments/output/disabled_with_jfr/run_20260131_153100
test_topic_759,760,30.000,27.603,2.398,0.000,experiments/output/disabled_with_jfr/run_20260131_153100
test_topic_760,761,28.000,26.855,1.145,0.000,experiments/output/disabled_with_jfr/run_20260131_153100
test_topic_761,762,40.000,39.007,0.993,0.000,experiments/output/disabled_with_jfr/run_20260131_153100
test_topic_762,763,30.000,28.335,1.665,0.000,experiments/output/disabled_with_jfr/run_20260131_153100
test_topic_763,764,30.000,28.762,1.238,0.000,experiments/output/disabled_with_jfr/run_20260131_153100
test_topic_764,765,33.000,30.342,2.658,0.000,experiments/output/disabled_with_jfr/run_20260131_153100
test_topic_765,766,33.000,29.598,3.402,0.000,experiments/output/disabled_with_jfr/run_20260131_153100
test_topic_766,767,31.000,28.828,2.172,0.000,experiments/output/disabled_with_jfr/run_20260131_153100
test_topic_767,768,32.000,28.240,3.760,2.126,experiments/output/disabled_with_jfr/run_20260131_153100
test_topic_768,769,30.000,28.377,1.623,0.000,experiments/output/disabled_with_jfr/run_20260131_153100
test_topic_769,770,30.000,28.108,1.892,0.000,experiments/output/disabled_with_jfr/run_20260131_153100
test_topic_770,771,30.000,27.648,2.352,1.119,experiments/output/disabled_with_jfr/run_20260131_153100
test_topic_771,772,31.000,27.710,3.290,0.000,experiments/output/disabled_with_jfr/run_20260131_153100
test_topic_772,773,32.000,30.335,1.665,0.000,experiments/output/disabled_with_jfr/run_20260131_153100
test_topic_773,774,1410.000,1408.102,1.898,0.000,experiments/output/disabled_with_jfr/run_20260131_153100
test_topic_774,775,40.000,35.253,4.747,2.729,experiments/output/disabled_with_jfr/run_20260131_153100
test_topic_775,776,35.000,32.294,2.706,1.036,experiments/output/disabled_with_jfr/run_20260131_153100
test_topic_776,777,32.000,30.095,1.905,0.000,experiments/output/disabled_with_jfr/run_20260131_153100
test_topic_777,778,36.000,33.902,2.099,0.000,experiments/output/disabled_with_jfr/run_20260131_153100
test_topic_778,779,32.000,29.919,2.081,0.000,experiments/output/disabled_with_jfr/run_20260131_153100
test_topic_779,780,30.000,28.554,1.446,0.000,experiments/output/disabled_with_jfr/run_20260131_153100
test_topic_780,781,31.000,28.831,2.169,0.000,experiments/output/disabled_with_jfr/run_20260131_153100
test_topic_781,782,30.000,28.645,1.355,0.000,experiments/output/disabled_with_jfr/run_20260131_153100
test_topic_782,783,32.000,29.240,2.760,1.598,experiments/output/disabled_with_jfr/run_20260131_153100
test_topic_783,784,32.000,30.015,1.985,0.000,experiments/output/disabled_with_jfr/run_20260131_153100
test_topic_784,785,33.000,29.522,3.478,0.000,experiments/output/disabled_with_jfr/run_20260131_153100
test_topic_785,786,31.000,29.075,1.925,0.000,experiments/output/disabled_with_jfr/run_20260131_153100
test_topic_786,787,47.000,43.935,3.065,1.415,experiments/output/disabled_with_jfr/run_20260131_153100
test_topic_787,788,34.000,31.746,2.254,0.000,experiments/output/disabled_with_jfr/run_20260131_153100
test_topic_788,789,34.000,30.780,3.220,1.629,experiments/output/disabled_with_jfr/run_20260131_153100
test_topic_789,790,30.000,27.917,2.083,0.000,experiments/output/disabled_with_jfr/run_20260131_153100
test_topic_790,791,31.000,29.247,1.753,0.000,experiments/output/disabled_with_jfr/run_20260131_153100
test_topic_791,792,32.000,30.100,1.900,0.000,experiments/output/disabled_with_jfr/run_20260131_153100
test_topic_792,793,32.000,29.986,2.014,0.000,experiments/output/disabled_with_jfr/run_20260131_153100
test_topic_793,794,32.000,30.199,1.801,0.000,experiments/output/disabled_with_jfr/run_20260131_153100
test_topic_794,795,32.000,30.120,1.881,0.000,experiments/output/disabled_with_jfr/run_20260131_153100
test_topic_795,796,33.000,30.673,2.327,0.000,experiments/output/disabled_with_jfr/run_20260131_153100
test_topic_796,797,32.000,29.449,2.551,0.000,experiments/output/disabled_with_jfr/run_20260131_153100
test_topic_797,798,35.000,31.052,3.948,0.000,experiments/output/disabled_with_jfr/run_20260131_153100
test_topic_798,799,31.000,28.572,2.428,0.000,experiments/output/disabled_with_jfr/run_20260131_153100
test_topic_799,800,32.000,29.613,2.387,0.000,experiments/output/disabled_with_jfr/run_20260131_153100
test_topic_800,801,32.000,30.224,1.776,0.000,experiments/output/disabled_with_jfr/run_20260131_153100
test_topic_801,802,32.000,29.376,2.624,0.000,experiments/output/disabled_with_jfr/run_20260131_153100
test_topic_802,803,33.000,30.485,2.515,1.136,experiments/output/disabled_with_jfr/run_20260131_153100
test_topic_803,804,32.000,29.640,2.360,0.000,experiments/output/disabled_with_jfr/run_20260131_153100
test_topic_804,805,36.000,32.198,3.802,2.043,experiments/output/disabled_with_jfr/run_20260131_153100
test_topic_805,806,33.000,30.860,2.140,0.000,experiments/output/disabled_with_jfr/run_20260131_153100
test_topic_806,807,31.000,29.174,1.826,0.000,experiments/output/disabled_with_jfr/run_20260131_153100
test_topic_807,808,41.000,38.594,2.406,1.035,experiments/output/disabled_with_jfr/run_20260131_153100
test_topic_808,809,34.000,31.538,2.462,0.000,experiments/output/disabled_with_jfr/run_20260131_153100
test_topic_809,810,32.000,30.127,1.873,0.000,experiments/output/disabled_with_jfr/run_20260131_153100
test_topic_810,811,33.000,30.573,2.427,0.000,experiments/output/disabled_with_jfr/run_20260131_153100
test_topic_811,812,43.000,41.238,1.762,0.000,experiments/output/disabled_with_jfr/run_20260131_153100
test_topic_812,813,31.000,29.404,1.596,0.000,experiments/output/disabled_with_jfr/run_20260131_153100
test_topic_813,814,32.000,30.004,1.996,0.000,experiments/output/disabled_with_jfr/run_20260131_153100
test_topic_814,815,32.000,29.713,2.287,1.182,experiments/output/disabled_with_jfr/run_20260131_153100
test_topic_815,816,33.000,29.882,3.118,1.069,experiments/output/disabled_with_jfr/run_20260131_153100
test_topic_816,817,2067.000,2018.625,48.375,46.501,experiments/output/disabled_with_jfr/run_20260131_153100
test_topic_817,818,112.000,104.472,7.528,4.070,experiments/output/disabled_with_jfr/run_20260131_153100
test_topic_818,819,109.000,106.075,2.925,1.768,experiments/output/disabled_with_jfr/run_20260131_153100
test_topic_819,820,105.000,101.235,3.765,2.472,experiments/output/disabled_with_jfr/run_20260131_153100
test_topic_820,821,99.000,96.834,2.166,1.096,experiments/output/disabled_with_jfr/run_20260131_153100
test_topic_821,822,89.000,87.338,1.662,1.129,experiments/output/disabled_with_jfr/run_20260131_153100
test_topic_822,823,32.000,28.398,3.602,1.947,experiments/output/disabled_with_jfr/run_20260131_153100
test_topic_823,824,28.000,26.573,1.427,1.072,experiments/output/disabled_with_jfr/run_20260131_153100
test_topic_824,825,72.000,26.576,45.424,44.789,experiments/output/disabled_with_jfr/run_20260131_153100
test_topic_825,826,103.000,101.414,1.586,1.002,experiments/output/disabled_with_jfr/run_20260131_153100
test_topic_826,827,30.000,27.308,2.692,1.551,experiments/output/disabled_with_jfr/run_20260131_153100
test_topic_827,828,32.000,30.076,1.924,0.000,experiments/output/disabled_with_jfr/run_20260131_153100
test_topic_828,829,34.000,31.621,2.379,0.000,experiments/output/disabled_with_jfr/run_20260131_153100
test_topic_829,830,33.000,30.749,2.251,0.000,experiments/output/disabled_with_jfr/run_20260131_153100
test_topic_830,831,65.000,62.951,2.049,0.000,experiments/output/disabled_with_jfr/run_20260131_153100
test_topic_831,832,28.000,26.980,1.020,0.000,experiments/output/disabled_with_jfr/run_20260131_153100
test_topic_832,833,30.000,28.475,1.526,0.000,experiments/output/disabled_with_jfr/run_20260131_153100
test_topic_833,834,29.000,28.042,0.958,0.000,experiments/output/disabled_with_jfr/run_20260131_153100
test_topic_834,835,31.000,29.393,1.607,0.000,experiments/output/disabled_with_jfr/run_20260131_153100
test_topic_835,836,33.000,29.214,3.786,0.000,experiments/output/disabled_with_jfr/run_20260131_153100
test_topic_836,837,44.000,41.710,2.290,0.000,experiments/output/disabled_with_jfr/run_20260131_153100
test_topic_837,838,31.000,28.397,2.603,1.116,experiments/output/disabled_with_jfr/run_20260131_153100
test_topic_838,839,31.000,28.465,2.535,0.000,experiments/output/disabled_with_jfr/run_20260131_153100
test_topic_839,840,48.000,46.047,1.953,0.000,experiments/output/disabled_with_jfr/run_20260131_153100
test_topic_840,841,99.000,95.983,3.017,0.000,experiments/output/disabled_with_jfr/run_20260131_153100
test_topic_841,842,33.000,31.127,1.873,0.000,experiments/output/disabled_with_jfr/run_20260131_153100
test_topic_842,843,31.000,28.826,2.174,0.000,experiments/output/disabled_with_jfr/run_20260131_153100
test_topic_843,844,30.000,28.186,1.814,0.000,experiments/output/disabled_with_jfr/run_20260131_153100
test_topic_844,845,34.000,33.189,0.811,0.000,experiments/output/disabled_with_jfr/run_20260131_153100
test_topic_845,846,36.000,34.585,1.415,0.000,experiments/output/disabled_with_jfr/run_20260131_153100
test_topic_846,847,32.000,30.699,1.302,0.000,experiments/output/disabled_with_jfr/run_20260131_153100
test_topic_847,848,34.000,32.059,1.941,0.000,experiments/output/disabled_with_jfr/run_20260131_153100
test_topic_848,849,33.000,30.851,2.149,0.000,experiments/output/disabled_with_jfr/run_20260131_153100
test_topic_849,850,32.000,30.271,1.729,0.000,experiments/output/disabled_with_jfr/run_20260131_153100
test_topic_850,851,38.000,36.014,1.986,0.000,experiments/output/disabled_with_jfr/run_20260131_153100
test_topic_851,852,34.000,31.590,2.410,0.000,experiments/output/disabled_with_jfr/run_20260131_153100
test_topic_852,853,33.000,29.392,3.608,1.993,experiments/output/disabled_with_jfr/run_20260131_153100
test_topic_853,854,32.000,29.771,2.229,0.000,experiments/output/disabled_with_jfr/run_20260131_153100
test_topic_854,855,34.000,30.255,3.745,0.000,experiments/output/disabled_with_jfr/run_20260131_153100
test_topic_855,856,31.000,28.669,2.331,0.000,experiments/output/disabled_with_jfr/run_20260131_153100
test_topic_856,857,32.000,29.870,2.130,0.000,experiments/output/disabled_with_jfr/run_20260131_153100
test_topic_857,858,29.000,27.082,1.918,0.000,experiments/output/disabled_with_jfr/run_20260131_153100
test_topic_858,859,28.000,26.984,1.016,0.000,experiments/output/disabled_with_jfr/run_20260131_153100
test_topic_859,860,30.000,28.837,1.163,0.000,experiments/output/disabled_with_jfr/run_20260131_153100
test_topic_860,861,32.000,29.341,2.659,0.000,experiments/output/disabled_with_jfr/run_20260131_153100
test_topic_861,862,45.000,42.835,2.166,0.000,experiments/output/disabled_with_jfr/run_20260131_153100
test_topic_862,863,31.000,28.903,2.097,0.000,experiments/output/disabled_with_jfr/run_20260131_153100
test_topic_863,864,31.000,29.807,1.193,0.000,experiments/output/disabled_with_jfr/run_20260131_153100
test_topic_864,865,37.000,35.062,1.938,0.000,experiments/output/disabled_with_jfr/run_20260131_153100
test_topic_865,866,44.000,36.520,7.480,5.251,experiments/output/disabled_with_jfr/run_20260131_153100
test_topic_866,867,28.000,26.373,1.627,0.000,experiments/output/disabled_with_jfr/run_20260131_153100
test_topic_867,868,28.000,26.692,1.308,0.000,experiments/output/disabled_with_jfr/run_20260131_153100
test_topic_868,869,30.000,28.476,1.524,1.164,experiments/output/disabled_with_jfr/run_20260131_153100
test_topic_869,870,29.000,27.293,1.707,0.000,experiments/output/disabled_with_jfr/run_20260131_153100
test_topic_870,871,28.000,26.929,1.071,0.000,experiments/output/disabled_with_jfr/run_20260131_153100
test_topic_871,872,30.000,28.503,1.497,0.000,experiments/output/disabled_with_jfr/run_20260131_153100
test_topic_872,873,30.000,28.494,1.506,0.000,experiments/output/disabled_with_jfr/run_20260131_153100
test_topic_873,874,32.000,29.400,2.600,0.000,experiments/output/disabled_with_jfr/run_20260131_153100
test_topic_874,875,33.000,30.474,2.526,0.000,experiments/output/disabled_with_jfr/run_20260131_153100
test_topic_875,876,33.000,31.147,1.853,0.000,experiments/output/disabled_with_jfr/run_20260131_153100
test_topic_876,877,31.000,29.426,1.574,0.000,experiments/output/disabled_with_jfr/run_20260131_153100
test_topic_877,878,33.000,30.831,2.169,1.400,experiments/output/disabled_with_jfr/run_20260131_153100
test_topic_878,879,32.000,30.153,1.847,0.000,experiments/output/disabled_with_jfr/run_20260131_153100
test_topic_879,880,33.000,30.642,2.358,0.000,experiments/output/disabled_with_jfr/run_20260131_153100
test_topic_880,881,31.000,28.979,2.021,0.000,experiments/output/disabled_with_jfr/run_20260131_153100
test_topic_881,882,32.000,30.284,1.716,0.000,experiments/output/disabled_with_jfr/run_20260131_153100
test_topic_882,883,31.000,28.820,2.180,0.000,experiments/output/disabled_with_jfr/run_20260131_153100
test_topic_883,884,32.000,30.293,1.707,0.000,experiments/output/disabled_with_jfr/run_20260131_153100
test_topic_884,885,33.000,30.749,2.251,0.000,experiments/output/disabled_with_jfr/run_20260131_153100
test_topic_885,886,33.000,28.893,4.107,0.000,experiments/output/disabled_with_jfr/run_20260131_153100
test_topic_886,887,42.000,40.405,1.595,0.000,experiments/output/disabled_with_jfr/run_20260131_153100
test_topic_887,888,67.000,64.912,2.088,0.000,experiments/output/disabled_with_jfr/run_20260131_153100
test_topic_888,889,71.000,67.715,3.285,1.985,experiments/output/disabled_with_jfr/run_20260131_153100
test_topic_889,890,30.000,28.705,1.295,0.000,experiments/output/disabled_with_jfr/run_20260131_153100
test_topic_890,891,29.000,27.900,1.100,0.000,experiments/output/disabled_with_jfr/run_20260131_153100
test_topic_891,892,31.000,29.012,1.988,0.000,experiments/output/disabled_with_jfr/run_20260131_153100
test_topic_892,893,30.000,28.345,1.655,0.000,experiments/output/disabled_with_jfr/run_20260131_153100
test_topic_893,894,32.000,30.053,1.947,0.000,experiments/output/disabled_with_jfr/run_20260131_153100
test_topic_894,895,31.000,28.951,2.049,0.000,experiments/output/disabled_with_jfr/run_20260131_153100
test_topic_895,896,32.000,29.568,2.432,0.000,experiments/output/disabled_with_jfr/run_20260131_153100
test_topic_896,897,34.000,30.569,3.431,1.377,experiments/output/disabled_with_jfr/run_20260131_153100
test_topic_897,898,32.000,29.499,2.501,0.000,experiments/output/disabled_with_jfr/run_20260131_153100
test_topic_898,899,244.000,241.512,2.488,1.102,experiments/output/disabled_with_jfr/run_20260131_153100
test_topic_899,900,149.000,145.839,3.161,1.345,experiments/output/disabled_with_jfr/run_20260131_153100
test_topic_900,901,31.000,29.706,1.294,0.000,experiments/output/disabled_with_jfr/run_20260131_153100
test_topic_901,902,29.000,27.587,1.413,0.000,experiments/output/disabled_with_jfr/run_20260131_153100
test_topic_902,903,31.000,29.855,1.145,0.000,experiments/output/disabled_with_jfr/run_20260131_153100
test_topic_903,904,31.000,28.814,2.186,0.000,experiments/output/disabled_with_jfr/run_20260131_153100
test_topic_904,905,32.000,29.135,2.865,0.000,experiments/output/disabled_with_jfr/run_20260131_153100
test_topic_905,906,33.000,31.058,1.942,0.000,experiments/output/disabled_with_jfr/run_20260131_153100
test_topic_906,907,31.000,29.154,1.846,0.000,experiments/output/disabled_with_jfr/run_20260131_153100
test_topic_907,908,31.000,29.181,1.819,0.000,experiments/output/disabled_with_jfr/run_20260131_153100
test_topic_908,909,30.000,28.657,1.343,0.000,experiments/output/disabled_with_jfr/run_20260131_153100
test_topic_909,910,31.000,29.597,1.403,0.000,experiments/output/disabled_with_jfr/run_20260131_153100
test_topic_910,911,31.000,29.030,1.970,0.000,experiments/output/disabled_with_jfr/run_20260131_153100
test_topic_911,912,48.000,43.877,4.123,1.656,experiments/output/disabled_with_jfr/run_20260131_153100
test_topic_912,913,32.000,29.369,2.631,1.077,experiments/output/disabled_with_jfr/run_20260131_153100
test_topic_913,914,31.000,28.601,2.399,0.000,experiments/output/disabled_with_jfr/run_20260131_153100
test_topic_914,915,31.000,28.595,2.405,0.000,experiments/output/disabled_with_jfr/run_20260131_153100
test_topic_915,916,32.000,29.568,2.432,0.000,experiments/output/disabled_with_jfr/run_20260131_153100
test_topic_916,917,33.000,30.325,2.675,0.000,experiments/output/disabled_with_jfr/run_20260131_153100
test_topic_917,918,32.000,28.726,3.274,0.000,experiments/output/disabled_with_jfr/run_20260131_153100
test_topic_918,919,31.000,28.726,2.274,0.000,experiments/output/disabled_with_jfr/run_20260131_153100
test_topic_919,920,31.000,28.655,2.345,0.000,experiments/output/disabled_with_jfr/run_20260131_153100
test_topic_920,921,31.000,28.556,2.444,0.000,experiments/output/disabled_with_jfr/run_20260131_153100
test_topic_921,922,31.000,28.679,2.321,0.000,experiments/output/disabled_with_jfr/run_20260131_153100
test_topic_922,923,32.000,30.574,1.426,0.000,experiments/output/disabled_with_jfr/run_20260131_153100
test_topic_923,924,32.000,29.278,2.722,0.000,experiments/output/disabled_with_jfr/run_20260131_153100
test_topic_924,925,30.000,28.365,1.635,0.000,experiments/output/disabled_with_jfr/run_20260131_153100
test_topic_925,926,30.000,28.258,1.742,0.000,experiments/output/disabled_with_jfr/run_20260131_153100
test_topic_926,927,31.000,29.048,1.952,0.000,experiments/output/disabled_with_jfr/run_20260131_153100
test_topic_927,928,33.000,30.899,2.101,0.000,experiments/output/disabled_with_jfr/run_20260131_153100
test_topic_928,929,2053.000,2050.155,2.845,0.000,experiments/output/disabled_with_jfr/run_20260131_153100
test_topic_929,930,46.000,38.462,7.538,2.233,experiments/output/disabled_with_jfr/run_20260131_153100
test_topic_930,931,33.000,30.244,2.756,1.085,experiments/output/disabled_with_jfr/run_20260131_153100
test_topic_931,932,31.000,29.715,1.285,0.000,experiments/output/disabled_with_jfr/run_20260131_153100
test_topic_932,933,34.000,31.905,2.095,0.000,experiments/output/disabled_with_jfr/run_20260131_153100
test_topic_933,934,31.000,29.256,1.744,0.000,experiments/output/disabled_with_jfr/run_20260131_153100
test_topic_934,935,33.000,30.974,2.026,0.000,experiments/output/disabled_with_jfr/run_20260131_153100
test_topic_935,936,32.000,29.565,2.435,0.000,experiments/output/disabled_with_jfr/run_20260131_153100
test_topic_936,937,46.000,42.215,3.785,0.000,experiments/output/disabled_with_jfr/run_20260131_153100
test_topic_937,938,31.000,28.760,2.240,0.000,experiments/output/disabled_with_jfr/run_20260131_153100
test_topic_938,939,30.000,28.289,1.711,0.000,experiments/output/disabled_with_jfr/run_20260131_153100
test_topic_939,940,31.000,28.424,2.576,0.000,experiments/output/disabled_with_jfr/run_20260131_153100
test_topic_940,941,32.000,29.986,2.014,0.000,experiments/output/disabled_with_jfr/run_20260131_153100
test_topic_941,942,33.000,30.586,2.414,0.000,experiments/output/disabled_with_jfr/run_20260131_153100
test_topic_942,943,33.000,29.553,3.447,1.520,experiments/output/disabled_with_jfr/run_20260131_153100
test_topic_943,944,34.000,30.919,3.081,1.221,experiments/output/disabled_with_jfr/run_20260131_153100
test_topic_944,945,36.000,32.572,3.428,1.887,experiments/output/disabled_with_jfr/run_20260131_153100
test_topic_945,946,30.000,27.625,2.375,1.402,experiments/output/disabled_with_jfr/run_20260131_153100
test_topic_946,947,29.000,27.393,1.607,0.000,experiments/output/disabled_with_jfr/run_20260131_153100
test_topic_947,948,29.000,27.332,1.668,0.000,experiments/output/disabled_with_jfr/run_20260131_153100
test_topic_948,949,29.000,27.364,1.636,0.000,experiments/output/disabled_with_jfr/run_20260131_153100
test_topic_949,950,29.000,27.141,1.859,0.000,experiments/output/disabled_with_jfr/run_20260131_153100
test_topic_950,951,29.000,27.375,1.625,0.000,experiments/output/disabled_with_jfr/run_20260131_153100
test_topic_951,952,31.000,29.058,1.942,0.000,experiments/output/disabled_with_jfr/run_20260131_153100
test_topic_952,953,33.000,31.398,1.602,0.000,experiments/output/disabled_with_jfr/run_20260131_153100
test_topic_953,954,31.000,29.556,1.444,0.000,experiments/output/disabled_with_jfr/run_20260131_153100
test_topic_954,955,31.000,29.356,1.644,0.000,experiments/output/disabled_with_jfr/run_20260131_153100
test_topic_955,956,35.000,31.236,3.764,0.000,experiments/output/disabled_with_jfr/run_20260131_153100
test_topic_956,957,60.000,57.940,2.060,0.000,experiments/output/disabled_with_jfr/run_20260131_153100
test_topic_957,958,29.000,27.393,1.607,1.011,experiments/output/disabled_with_jfr/run_20260131_153100
test_topic_958,959,1886.000,1882.712,3.288,2.477,experiments/output/disabled_with_jfr/run_20260131_153100
test_topic_959,960,100.000,98.207,1.793,0.000,experiments/output/disabled_with_jfr/run_20260131_153100
test_topic_960,961,100.000,97.920,2.080,1.382,experiments/output/disabled_with_jfr/run_20260131_153100
test_topic_961,962,104.000,101.515,2.485,1.835,experiments/output/disabled_with_jfr/run_20260131_153100
test_topic_962,963,30.000,28.145,1.855,0.000,experiments/output/disabled_with_jfr/run_20260131_153100
test_topic_963,964,28.000,26.877,1.123,0.000,experiments/output/disabled_with_jfr/run_20260131_153100
test_topic_964,965,104.000,102.464,1.536,0.000,experiments/output/disabled_with_jfr/run_20260131_153100
test_topic_965,966,96.000,90.679,5.321,4.728,experiments/output/disabled_with_jfr/run_20260131_153100
test_topic_966,967,30.000,28.246,1.754,0.000,experiments/output/disabled_with_jfr/run_20260131_153100
test_topic_967,968,35.000,28.762,6.238,5.396,experiments/output/disabled_with_jfr/run_20260131_153100
test_topic_968,969,33.000,29.163,3.837,1.013,experiments/output/disabled_with_jfr/run_20260131_153100
test_topic_969,970,30.000,28.126,1.874,0.000,experiments/output/disabled_with_jfr/run_20260131_153100
test_topic_970,971,29.000,27.881,1.119,0.000,experiments/output/disabled_with_jfr/run_20260131_153100
test_topic_971,972,28.000,26.663,1.337,0.000,experiments/output/disabled_with_jfr/run_20260131_153100
test_topic_972,973,29.000,27.310,1.690,0.000,experiments/output/disabled_with_jfr/run_20260131_153100
test_topic_973,974,28.000,26.924,1.076,0.000,experiments/output/disabled_with_jfr/run_20260131_153100
test_topic_974,975,28.000,26.990,1.010,0.000,experiments/output/disabled_with_jfr/run_20260131_153100
test_topic_975,976,28.000,26.589,1.411,0.000,experiments/output/disabled_with_jfr/run_20260131_153100
test_topic_976,977,28.000,26.232,1.768,0.000,experiments/output/disabled_with_jfr/run_20260131_153100
test_topic_977,978,28.000,26.161,1.839,0.000,experiments/output/disabled_with_jfr/run_20260131_153100
test_topic_978,979,28.000,26.373,1.627,0.000,experiments/output/disabled_with_jfr/run_20260131_153100
test_topic_979,980,27.000,26.185,0.815,0.000,experiments/output/disabled_with_jfr/run_20260131_153100
test_topic_980,981,29.000,27.061,1.939,0.000,experiments/output/disabled_with_jfr/run_20260131_153100
test_topic_981,982,29.000,26.214,2.786,0.000,experiments/output/disabled_with_jfr/run_20260131_153100
test_topic_982,983,34.000,31.536,2.464,0.000,experiments/output/disabled_with_jfr/run_20260131_153100
test_topic_983,984,31.000,29.040,1.960,1.117,experiments/output/disabled_with_jfr/run_20260131_153100
test_topic_984,985,35.000,30.626,4.374,2.331,experiments/output/disabled_with_jfr/run_20260131_153100
test_topic_985,986,32.000,29.632,2.368,0.000,experiments/output/disabled_with_jfr/run_20260131_153100
test_topic_986,987,44.000,42.033,1.967,0.000,experiments/output/disabled_with_jfr/run_20260131_153100
test_topic_987,988,31.000,29.492,1.508,0.000,experiments/output/disabled_with_jfr/run_20260131_153100
test_topic_988,989,2039.000,2037.350,1.650,0.000,experiments/output/disabled_with_jfr/run_20260131_153100
test_topic_989,990,47.000,40.786,6.214,1.992,experiments/output/disabled_with_jfr/run_20260131_153100
test_topic_990,991,37.000,33.357,3.643,1.159,experiments/output/disabled_with_jfr/run_20260131_153100
test_topic_991,992,32.000,29.232,2.768,0.000,experiments/output/disabled_with_jfr/run_20260131_153100
test_topic_992,993,32.000,30.263,1.737,0.000,experiments/output/disabled_with_jfr/run_20260131_153100
test_topic_993,994,32.000,29.751,2.249,0.000,experiments/output/disabled_with_jfr/run_20260131_153100
test_topic_994,995,33.000,30.452,2.548,0.000,experiments/output/disabled_with_jfr/run_20260131_153100
test_topic_995,996,32.000,29.993,2.007,0.000,experiments/output/disabled_with_jfr/run_20260131_153100
test_topic_996,997,32.000,29.895,2.105,0.000,experiments/output/disabled_with_jfr/run_20260131_153100
test_topic_997,998,32.000,30.137,1.863,0.000,experiments/output/disabled_with_jfr/run_20260131_153100
test_topic_998,999,32.000,30.235,1.765,0.000,experiments/output/disabled_with_jfr/run_20260131_153100
test_topic_999,1000,35.000,32.256,2.744,0.000,experiments/output/disabled_with_jfr/run_20260131_153100
test_topic_1000,1001,37.000,32.648,4.352,0.000,experiments/output/disabled_with_jfr/run_20260131_153100
test_topic_1001,1002,34.000,31.327,2.673,0.000,experiments/output/disabled_with_jfr/run_20260131_153100
test_topic_1002,1003,32.000,29.905,2.095,0.000,experiments/output/disabled_with_jfr/run_20260131_153100
test_topic_1003,1004,34.000,31.279,2.721,0.000,experiments/output/disabled_with_jfr/run_20260131_153100
test_topic_1004,1005,32.000,30.259,1.741,0.000,experiments/output/disabled_with_jfr/run_20260131_153100
test_topic_1005,1006,32.000,30.000,2.000,0.000,experiments/output/disabled_with_jfr/run_20260131_153100
test_topic_1006,1007,34.000,30.497,3.503,0.000,experiments/output/disabled_with_jfr/run_20260131_153100
test_topic_1007,1008,31.000,28.856,2.144,0.000,experiments/output/disabled_with_jfr/run_20260131_153100
test_topic_1008,1009,32.000,29.669,2.331,0.000,experiments/output/disabled_with_jfr/run_20260131_153100
test_topic_1009,1010,33.000,30.842,2.158,0.000,experiments/output/disabled_with_jfr/run_20260131_153100
test_topic_1010,1011,31.000,29.221,1.779,0.000,experiments/output/disabled_with_jfr/run_20260131_153100
test_topic_1011,1012,47.000,45.287,1.713,0.000,experiments/output/disabled_with_jfr/run_20260131_153100
test_topic_1012,1013,34.000,30.874,3.126,0.000,experiments/output/disabled_with_jfr/run_20260131_153100
test_topic_1013,1014,32.000,30.364,1.636,0.000,experiments/output/disabled_with_jfr/run_20260131_153100
test_topic_1014,1015,32.000,30.403,1.597,0.000,experiments/output/disabled_with_jfr/run_20260131_153100
test_topic_1015,1016,30.000,28.383,1.617,0.000,experiments/output/disabled_with_jfr/run_20260131_153100
test_topic_1016,1017,32.000,29.705,2.295,0.000,experiments/output/disabled_with_jfr/run_20260131_153100
test_topic_1017,1018,34.000,31.402,2.598,0.000,experiments/output/disabled_with_jfr/run_20260131_153100
test_topic_1018,1019,33.000,30.705,2.295,0.000,experiments/output/disabled_with_jfr/run_20260131_153100
test_topic_1019,1020,32.000,30.193,1.807,0.000,experiments/output/disabled_with_jfr/run_20260131_153100
test_topic_1020,1021,32.000,29.755,2.245,0.000,experiments/output/disabled_with_jfr/run_20260131_153100
test_topic_1021,1022,1780.000,1777.487,2.513,0.000,experiments/output/disabled_with_jfr/run_20260131_153100
test_topic_1022,1023,36.000,31.043,4.957,2.255,experiments/output/disabled_with_jfr/run_20260131_153100
test_topic_1023,1024,32.000,29.881,2.119,0.000,experiments/output/disabled_with_jfr/run_20260131_153100
test_topic_1024,1025,31.000,28.793,2.207,0.000,experiments/output/disabled_with_jfr/run_20260131_153100
test_topic_1025,1026,33.000,30.086,2.914,0.000,experiments/output/disabled_with_jfr/run_20260131_153100
test_topic_1026,1027,31.000,29.149,1.851,0.000,experiments/output/disabled_with_jfr/run_20260131_153100
test_topic_1027,1028,32.000,30.676,1.324,0.000,experiments/output/disabled_with_jfr/run_20260131_153100
test_topic_1028,1029,31.000,29.406,1.594,0.000,experiments/output/disabled_with_jfr/run_20260131_153100
test_topic_1029,1030,31.000,29.418,1.582,0.000,experiments/output/disabled_with_jfr/run_20260131_153100
test_topic_1030,1031,31.000,28.609,2.391,0.000,experiments/output/disabled_with_jfr/run_20260131_153100
test_topic_1031,1032,33.000,29.194,3.806,0.000,experiments/output/disabled_with_jfr/run_20260131_153100
test_topic_1032,1033,31.000,29.456,1.544,0.000,experiments/output/disabled_with_jfr/run_20260131_153100
test_topic_1033,1034,31.000,29.328,1.672,0.000,experiments/output/disabled_with_jfr/run_20260131_153100
test_topic_1034,1035,32.000,29.912,2.088,0.000,experiments/output/disabled_with_jfr/run_20260131_153100
test_topic_1035,1036,33.000,31.015,1.985,0.000,experiments/output/disabled_with_jfr/run_20260131_153100
test_topic_1036,1037,49.000,46.851,2.149,0.000,experiments/output/disabled_with_jfr/run_20260131_153100
test_topic_1037,1038,33.000,30.700,2.300,1.071,experiments/output/disabled_with_jfr/run_20260131_153100
test_topic_1038,1039,31.000,28.413,2.587,0.000,experiments/output/disabled_with_jfr/run_20260131_153100
test_topic_1039,1040,32.000,29.484,2.516,0.000,experiments/output/disabled_with_jfr/run_20260131_153100
test_topic_1040,1041,33.000,30.759,2.241,0.000,experiments/output/disabled_with_jfr/run_20260131_153100
test_topic_1041,1042,33.000,31.040,1.960,0.000,experiments/output/disabled_with_jfr/run_20260131_153100
test_topic_1042,1043,32.000,30.259,1.741,0.000,experiments/output/disabled_with_jfr/run_20260131_153100
test_topic_1043,1044,32.000,29.978,2.022,0.000,experiments/output/disabled_with_jfr/run_20260131_153100
test_topic_1044,1045,33.000,29.381,3.619,0.000,experiments/output/disabled_with_jfr/run_20260131_153100
test_topic_1045,1046,32.000,30.366,1.634,0.000,experiments/output/disabled_with_jfr/run_20260131_153100
test_topic_1046,1047,32.000,30.227,1.773,0.000,experiments/output/disabled_with_jfr/run_20260131_153100
test_topic_1047,1048,33.000,31.064,1.936,0.000,experiments/output/disabled_with_jfr/run_20260131_153100
test_topic_1048,1049,32.000,29.703,2.297,0.000,experiments/output/disabled_with_jfr/run_20260131_153100
test_topic_1049,1050,42.000,39.943,2.057,0.000,experiments/output/disabled_with_jfr/run_20260131_153100
test_topic_1050,1051,37.000,33.895,3.105,1.912,experiments/output/disabled_with_jfr/run_20260131_153100
test_topic_1051,1052,31.000,28.530,2.470,0.000,experiments/output/disabled_with_jfr/run_20260131_153100
test_topic_1052,1053,30.000,28.416,1.584,0.000,experiments/output/disabled_with_jfr/run_20260131_153100
test_topic_1053,1054,29.000,27.404,1.596,0.000,experiments/output/disabled_with_jfr/run_20260131_153100
test_topic_1054,1055,31.000,29.793,1.207,0.000,experiments/output/disabled_with_jfr/run_20260131_153100
test_topic_1055,1056,32.000,28.939,3.061,1.224,experiments/output/disabled_with_jfr/run_20260131_153100
test_topic_1056,1057,31.000,29.538,1.462,0.000,experiments/output/disabled_with_jfr/run_20260131_153100
test_topic_1057,1058,33.000,30.074,2.926,0.000,experiments/output/disabled_with_jfr/run_20260131_153100
test_topic_1058,1059,32.000,30.013,1.987,0.000,experiments/output/disabled_with_jfr/run_20260131_153100
test_topic_1059,1060,509.000,507.062,1.938,0.000,experiments/output/disabled_with_jfr/run_20260131_153100
test_topic_1060,1061,28.000,26.764,1.236,0.000,experiments/output/disabled_with_jfr/run_20260131_153100
test_topic_1061,1062,43.000,41.502,1.498,0.000,experiments/output/disabled_with_jfr/run_20260131_153100
test_topic_1062,1063,31.000,29.479,1.521,0.000,experiments/output/disabled_with_jfr/run_20260131_153100
test_topic_1063,1064,32.000,29.745,2.255,0.000,experiments/output/disabled_with_jfr/run_20260131_153100
test_topic_1064,1065,33.000,30.800,2.200,0.000,experiments/output/disabled_with_jfr/run_20260131_153100
test_topic_1065,1066,32.000,30.062,1.938,0.000,experiments/output/disabled_with_jfr/run_20260131_153100
test_topic_1066,1067,33.000,30.155,2.845,0.000,experiments/output/disabled_with_jfr/run_20260131_153100
test_topic_1067,1068,73.000,29.144,43.856,42.740,experiments/output/disabled_with_jfr/run_20260131_153100
test_topic_1068,1069,32.000,30.865,1.135,0.000,experiments/output/disabled_with_jfr/run_20260131_153100
test_topic_1069,1070,176.000,100.615,75.385,73.402,experiments/output/disabled_with_jfr/run_20260131_153100
test_topic_1070,1071,104.000,100.679,3.322,1.620,experiments/output/disabled_with_jfr/run_20260131_153100
test_topic_1071,1072,112.000,104.524,7.476,5.983,experiments/output/disabled_with_jfr/run_20260131_153100
test_topic_1072,1073,106.000,103.923,2.077,1.445,experiments/output/disabled_with_jfr/run_20260131_153100
test_topic_1073,1074,32.000,29.457,2.544,1.601,experiments/output/disabled_with_jfr/run_20260131_153100
test_topic_1074,1075,100.000,98.240,1.760,1.082,experiments/output/disabled_with_jfr/run_20260131_153100
test_topic_1075,1076,95.000,93.422,1.578,0.000,experiments/output/disabled_with_jfr/run_20260131_153100
test_topic_1076,1077,29.000,26.512,2.488,2.066,experiments/output/disabled_with_jfr/run_20260131_153100
test_topic_1077,1078,29.000,26.392,2.608,1.631,experiments/output/disabled_with_jfr/run_20260131_153100
test_topic_1078,1079,92.000,90.234,1.766,1.156,experiments/output/disabled_with_jfr/run_20260131_153100
test_topic_1079,1080,28.000,27.147,0.854,0.000,experiments/output/disabled_with_jfr/run_20260131_153100
test_topic_1080,1081,43.000,27.338,15.662,14.923,experiments/output/disabled_with_jfr/run_20260131_153100
test_topic_1081,1082,33.000,30.349,2.651,0.000,experiments/output/disabled_with_jfr/run_20260131_153100
test_topic_1082,1083,32.000,28.698,3.302,0.000,experiments/output/disabled_with_jfr/run_20260131_153100
test_topic_1083,1084,33.000,30.846,2.154,0.000,experiments/output/disabled_with_jfr/run_20260131_153100
test_topic_1084,1085,33.000,31.369,1.631,0.000,experiments/output/disabled_with_jfr/run_20260131_153100
test_topic_1085,1086,46.000,44.182,1.818,0.000,experiments/output/disabled_with_jfr/run_20260131_153100
test_topic_1086,1087,33.000,30.975,2.025,0.000,experiments/output/disabled_with_jfr/run_20260131_153100
test_topic_1087,1088,31.000,29.180,1.820,0.000,experiments/output/disabled_with_jfr/run_20260131_153100
test_topic_1088,1089,32.000,29.929,2.071,0.000,experiments/output/disabled_with_jfr/run_20260131_153100
test_topic_1089,1090,31.000,29.475,1.525,0.000,experiments/output/disabled_with_jfr/run_20260131_153100
test_topic_1090,1091,31.000,28.997,2.003,0.000,experiments/output/disabled_with_jfr/run_20260131_153100
test_topic_1091,1092,34.000,31.429,2.571,0.000,experiments/output/disabled_with_jfr/run_20260131_153100
test_topic_1092,1093,30.000,28.197,1.803,1.064,experiments/output/disabled_with_jfr/run_20260131_153100
test_topic_1093,1094,32.000,29.705,2.295,0.000,experiments/output/disabled_with_jfr/run_20260131_153100
test_topic_1094,1095,31.000,28.095,2.905,0.000,experiments/output/disabled_with_jfr/run_20260131_153100
test_topic_1095,1096,32.000,28.643,3.357,0.000,experiments/output/disabled_with_jfr/run_20260131_153100
test_topic_1096,1097,30.000,27.849,2.151,0.000,experiments/output/disabled_with_jfr/run_20260131_153100
test_topic_1097,1098,33.000,30.367,2.633,0.000,experiments/output/disabled_with_jfr/run_20260131_153100
test_topic_1098,1099,31.000,29.024,1.976,0.000,experiments/output/disabled_with_jfr/run_20260131_153100
test_topic_1099,1100,2083.000,2080.693,2.307,0.000,experiments/output/disabled_with_jfr/run_20260131_153100
test_topic_1100,1101,46.000,39.298,6.702,2.102,experiments/output/disabled_with_jfr/run_20260131_153100
test_topic_1101,1102,35.000,29.109,5.891,1.021,experiments/output/disabled_with_jfr/run_20260131_153100
test_topic_1102,1103,33.000,31.026,1.974,0.000,experiments/output/disabled_with_jfr/run_20260131_153100
test_topic_1103,1104,33.000,30.870,2.130,0.000,experiments/output/disabled_with_jfr/run_20260131_153100
test_topic_1104,1105,33.000,31.360,1.640,0.000,experiments/output/disabled_with_jfr/run_20260131_153100
test_topic_1105,1106,35.000,31.855,3.145,1.051,experiments/output/disabled_with_jfr/run_20260131_153100
test_topic_1106,1107,34.000,30.807,3.193,0.000,experiments/output/disabled_with_jfr/run_20260131_153100
test_topic_1107,1108,33.000,30.399,2.601,0.000,experiments/output/disabled_with_jfr/run_20260131_153100
test_topic_1108,1109,31.000,29.373,1.627,0.000,experiments/output/disabled_with_jfr/run_20260131_153100
test_topic_1109,1110,32.000,29.874,2.126,0.000,experiments/output/disabled_with_jfr/run_20260131_153100
test_topic_1110,1111,45.000,43.401,1.599,0.000,experiments/output/disabled_with_jfr/run_20260131_153100
test_topic_1111,1112,31.000,29.483,1.517,0.000,experiments/output/disabled_with_jfr/run_20260131_153100
test_topic_1112,1113,32.000,29.308,2.692,0.000,experiments/output/disabled_with_jfr/run_20260131_153100
test_topic_1113,1114,31.000,29.336,1.664,0.000,experiments/output/disabled_with_jfr/run_20260131_153100
test_topic_1114,1115,33.000,30.694,2.306,0.000,experiments/output/disabled_with_jfr/run_20260131_153100
test_topic_1115,1116,33.000,30.783,2.218,0.000,experiments/output/disabled_with_jfr/run_20260131_153100
test_topic_1116,1117,32.000,29.708,2.292,0.000,experiments/output/disabled_with_jfr/run_20260131_153100
test_topic_1117,1118,32.000,30.110,1.890,0.000,experiments/output/disabled_with_jfr/run_20260131_153100
test_topic_1118,1119,32.000,29.659,2.341,0.000,experiments/output/disabled_with_jfr/run_20260131_153100
test_topic_1119,1120,32.000,29.709,2.291,0.000,experiments/output/disabled_with_jfr/run_20260131_153100
test_topic_1120,1121,33.000,29.363,3.637,0.000,experiments/output/disabled_with_jfr/run_20260131_153100
test_topic_1121,1122,32.000,30.180,1.820,0.000,experiments/output/disabled_with_jfr/run_20260131_153100
test_topic_1122,1123,33.000,30.833,2.167,0.000,experiments/output/disabled_with_jfr/run_20260131_153100
test_topic_1123,1124,31.000,29.117,1.883,1.157,experiments/output/disabled_with_jfr/run_20260131_153100
test_topic_1124,1125,31.000,28.654,2.346,0.000,experiments/output/disabled_with_jfr/run_20260131_153100
test_topic_1125,1126,31.000,29.455,1.545,0.000,experiments/output/disabled_with_jfr/run_20260131_153100
test_topic_1126,1127,32.000,28.890,3.110,0.000,experiments/output/disabled_with_jfr/run_20260131_153100
test_topic_1127,1128,31.000,29.382,1.618,0.000,experiments/output/disabled_with_jfr/run_20260131_153100
test_topic_1128,1129,32.000,30.252,1.748,0.000,experiments/output/disabled_with_jfr/run_20260131_153100
test_topic_1129,1130,33.000,31.489,1.511,0.000,experiments/output/disabled_with_jfr/run_20260131_153100
test_topic_1130,1131,32.000,29.835,2.165,0.000,experiments/output/disabled_with_jfr/run_20260131_153100
test_topic_1131,1132,32.000,30.387,1.613,0.000,experiments/output/disabled_with_jfr/run_20260131_153100
test_topic_1132,1133,2064.000,2060.061,3.939,0.000,experiments/output/disabled_with_jfr/run_20260131_153100
test_topic_1133,1134,41.000,35.996,5.004,2.087,experiments/output/disabled_with_jfr/run_20260131_153100
test_topic_1134,1135,33.000,29.590,3.410,0.000,experiments/output/disabled_with_jfr/run_20260131_153100
test_topic_1135,1136,46.000,44.551,1.449,0.000,experiments/output/disabled_with_jfr/run_20260131_153100
test_topic_1136,1137,32.000,30.174,1.826,0.000,experiments/output/disabled_with_jfr/run_20260131_153100
test_topic_1137,1138,32.000,30.026,1.974,0.000,experiments/output/disabled_with_jfr/run_20260131_153100
test_topic_1138,1139,35.000,31.810,3.190,1.452,experiments/output/disabled_with_jfr/run_20260131_153100
test_topic_1139,1140,33.000,30.464,2.536,0.000,experiments/output/disabled_with_jfr/run_20260131_153100
test_topic_1140,1141,33.000,30.776,2.224,0.000,experiments/output/disabled_with_jfr/run_20260131_153100
test_topic_1141,1142,34.000,31.319,2.681,1.030,experiments/output/disabled_with_jfr/run_20260131_153100
test_topic_1142,1143,32.000,30.412,1.588,0.000,experiments/output/disabled_with_jfr/run_20260131_153100
test_topic_1143,1144,31.000,29.196,1.804,0.000,experiments/output/disabled_with_jfr/run_20260131_153100
test_topic_1144,1145,32.000,30.087,1.913,0.000,experiments/output/disabled_with_jfr/run_20260131_153100
test_topic_1145,1146,34.000,30.325,3.675,0.000,experiments/output/disabled_with_jfr/run_20260131_153100
test_topic_1146,1147,34.000,31.281,2.719,1.010,experiments/output/disabled_with_jfr/run_20260131_153100
test_topic_1147,1148,33.000,30.883,2.117,0.000,experiments/output/disabled_with_jfr/run_20260131_153100
test_topic_1148,1149,33.000,28.639,4.361,1.542,experiments/output/disabled_with_jfr/run_20260131_153100
test_topic_1149,1150,33.000,30.320,2.680,0.000,experiments/output/disabled_with_jfr/run_20260131_153100
test_topic_1150,1151,31.000,28.911,2.089,0.000,experiments/output/disabled_with_jfr/run_20260131_153100
test_topic_1151,1152,33.000,31.115,1.885,0.000,experiments/output/disabled_with_jfr/run_20260131_153100
test_topic_1152,1153,41.000,38.575,2.425,0.000,experiments/output/disabled_with_jfr/run_20260131_153100
test_topic_1153,1154,83.000,78.727,4.273,2.586,experiments/output/disabled_with_jfr/run_20260131_153100
test_topic_1154,1155,30.000,28.887,1.113,0.000,experiments/output/disabled_with_jfr/run_20260131_153100
test_topic_1155,1156,28.000,27.060,0.940,0.000,experiments/output/disabled_with_jfr/run_20260131_153100
test_topic_1156,1157,28.000,27.221,0.779,0.000,experiments/output/disabled_with_jfr/run_20260131_153100
test_topic_1157,1158,29.000,27.531,1.469,0.000,experiments/output/disabled_with_jfr/run_20260131_153100
test_topic_1158,1159,31.000,28.719,2.281,0.000,experiments/output/disabled_with_jfr/run_20260131_153100
test_topic_1159,1160,32.000,30.492,1.508,0.000,experiments/output/disabled_with_jfr/run_20260131_153100
test_topic_1160,1161,44.000,41.252,2.748,0.000,experiments/output/disabled_with_jfr/run_20260131_153100
test_topic_1161,1162,30.000,28.518,1.482,0.000,experiments/output/disabled_with_jfr/run_20260131_153100
test_topic_1162,1163,31.000,29.731,1.269,0.000,experiments/output/disabled_with_jfr/run_20260131_153100
test_topic_1163,1164,32.000,30.087,1.913,0.000,experiments/output/disabled_with_jfr/run_20260131_153100
test_topic_1164,1165,32.000,28.373,3.627,0.000,experiments/output/disabled_with_jfr/run_20260131_153100
test_topic_1165,1166,31.000,28.958,2.042,0.000,experiments/output/disabled_with_jfr/run_20260131_153100
test_topic_1166,1167,30.000,28.378,1.622,0.000,experiments/output/disabled_with_jfr/run_20260131_153100
test_topic_1167,1168,32.000,29.761,2.239,0.000,experiments/output/disabled_with_jfr/run_20260131_153100
test_topic_1168,1169,31.000,29.264,1.736,0.000,experiments/output/disabled_with_jfr/run_20260131_153100
test_topic_1169,1170,33.000,31.323,1.677,0.000,experiments/output/disabled_with_jfr/run_20260131_153100
test_topic_1170,1171,33.000,30.440,2.560,0.000,experiments/output/disabled_with_jfr/run_20260131_153100
test_topic_1171,1172,32.000,29.876,2.124,0.000,experiments/output/disabled_with_jfr/run_20260131_153100
test_topic_1172,1173,32.000,30.285,1.715,0.000,experiments/output/disabled_with_jfr/run_20260131_153100
test_topic_1173,1174,32.000,30.267,1.733,0.000,experiments/output/disabled_with_jfr/run_20260131_153100
test_topic_1174,1175,33.000,30.614,2.386,0.000,experiments/output/disabled_with_jfr/run_20260131_153100
test_topic_1175,1176,31.000,28.732,2.268,0.000,experiments/output/disabled_with_jfr/run_20260131_153100
test_topic_1176,1177,32.000,30.000,2.000,0.000,experiments/output/disabled_with_jfr/run_20260131_153100
test_topic_1177,1178,33.000,30.356,2.644,0.000,experiments/output/disabled_with_jfr/run_20260131_153100
test_topic_1178,1179,31.000,28.919,2.081,1.209,experiments/output/disabled_with_jfr/run_20260131_153100
test_topic_1179,1180,33.000,30.580,2.420,0.000,experiments/output/disabled_with_jfr/run_20260131_153100
test_topic_1180,1181,32.000,29.278,2.722,1.063,experiments/output/disabled_with_jfr/run_20260131_153100
test_topic_1181,1182,92.000,89.674,2.326,0.000,experiments/output/disabled_with_jfr/run_20260131_153100
test_topic_1182,1183,98.000,96.275,1.725,0.000,experiments/output/disabled_with_jfr/run_20260131_153100
test_topic_1183,1184,173.000,101.571,71.429,69.630,experiments/output/disabled_with_jfr/run_20260131_153100
test_topic_1184,1185,107.000,104.790,2.210,1.561,experiments/output/disabled_with_jfr/run_20260131_153100
test_topic_1185,1186,123.000,120.791,2.209,0.000,experiments/output/disabled_with_jfr/run_20260131_153100
test_topic_1186,1187,105.000,101.455,3.545,2.378,experiments/output/disabled_with_jfr/run_20260131_153100
test_topic_1187,1188,99.000,97.407,1.593,1.478,experiments/output/disabled_with_jfr/run_20260131_153100
test_topic_1188,1189,90.000,87.424,2.576,1.563,experiments/output/disabled_with_jfr/run_20260131_153100
test_topic_1189,1190,33.000,29.972,3.028,1.025,experiments/output/disabled_with_jfr/run_20260131_153100
test_topic_1190,1191,104.000,29.303,74.697,73.496,experiments/output/disabled_with_jfr/run_20260131_153100
test_topic_1191,1192,33.000,30.337,2.663,1.698,experiments/output/disabled_with_jfr/run_20260131_153100
test_topic_1192,1193,39.000,37.087,1.913,0.000,experiments/output/disabled_with_jfr/run_20260131_153100
test_topic_1193,1194,39.000,36.648,2.352,0.000,experiments/output/disabled_with_jfr/run_20260131_153100
test_topic_1194,1195,32.000,29.849,2.151,0.000,experiments/output/disabled_with_jfr/run_20260131_153100
test_topic_1195,1196,39.000,36.211,2.789,0.000,experiments/output/disabled_with_jfr/run_20260131_153100
test_topic_1196,1197,33.000,31.108,1.892,0.000,experiments/output/disabled_with_jfr/run_20260131_153100
test_topic_1197,1198,33.000,30.406,2.594,0.000,experiments/output/disabled_with_jfr/run_20260131_153100
test_topic_1198,1199,32.000,30.504,1.496,0.000,experiments/output/disabled_with_jfr/run_20260131_153100
test_topic_1199,1200,35.000,32.570,2.430,0.000,experiments/output/disabled_with_jfr/run_20260131_153100
test_topic_1200,1201,33.000,30.235,2.765,0.000,experiments/output/disabled_with_jfr/run_20260131_153100
test_topic_1201,1202,33.000,31.397,1.603,0.000,experiments/output/disabled_with_jfr/run_20260131_153100
test_topic_1202,1203,39.000,34.859,4.141,0.000,experiments/output/disabled_with_jfr/run_20260131_153100
test_topic_1203,1204,31.000,29.023,1.977,0.000,experiments/output/disabled_with_jfr/run_20260131_153100
test_topic_1204,1205,36.000,34.174,1.826,0.000,experiments/output/disabled_with_jfr/run_20260131_153100
test_topic_1205,1206,32.000,29.399,2.601,0.000,experiments/output/disabled_with_jfr/run_20260131_153100
test_topic_1206,1207,31.000,28.848,2.152,0.000,experiments/output/disabled_with_jfr/run_20260131_153100
test_topic_1207,1208,31.000,28.737,2.263,0.000,experiments/output/disabled_with_jfr/run_20260131_153100
test_topic_1208,1209,33.000,30.802,2.198,0.000,experiments/output/disabled_with_jfr/run_20260131_153100
test_topic_1209,1210,51.000,49.156,1.844,0.000,experiments/output/disabled_with_jfr/run_20260131_153100
test_topic_1210,1211,33.000,30.840,2.160,0.000,experiments/output/disabled_with_jfr/run_20260131_153100
test_topic_1211,1212,33.000,30.109,2.891,0.000,experiments/output/disabled_with_jfr/run_20260131_153100
test_topic_1212,1213,31.000,29.076,1.924,0.000,experiments/output/disabled_with_jfr/run_20260131_153100
test_topic_1213,1214,33.000,31.262,1.738,0.000,experiments/output/disabled_with_jfr/run_20260131_153100
test_topic_1214,1215,32.000,30.044,1.956,0.000,experiments/output/disabled_with_jfr/run_20260131_153100
test_topic_1215,1216,37.000,31.506,5.494,1.654,experiments/output/disabled_with_jfr/run_20260131_153100
test_topic_1216,1217,32.000,29.410,2.590,0.000,experiments/output/disabled_with_jfr/run_20260131_153100
test_topic_1217,1218,32.000,30.031,1.969,0.000,experiments/output/disabled_with_jfr/run_20260131_153100
test_topic_1218,1219,31.000,28.916,2.084,0.000,experiments/output/disabled_with_jfr/run_20260131_153100
test_topic_1219,1220,31.000,29.220,1.780,0.000,experiments/output/disabled_with_jfr/run_20260131_153100
test_topic_1220,1221,32.000,30.602,1.398,0.000,experiments/output/disabled_with_jfr/run_20260131_153100
test_topic_1221,1222,34.000,30.277,3.723,0.000,experiments/output/disabled_with_jfr/run_20260131_153100
test_topic_1222,1223,32.000,30.059,1.941,0.000,experiments/output/disabled_with_jfr/run_20260131_153100
test_topic_1223,1224,31.000,29.347,1.653,0.000,experiments/output/disabled_with_jfr/run_20260131_153100
test_topic_1224,1225,65.000,63.099,1.901,0.000,experiments/output/disabled_with_jfr/run_20260131_153100
test_topic_1225,1226,29.000,27.258,1.742,0.000,experiments/output/disabled_with_jfr/run_20260131_153100
test_topic_1226,1227,29.000,27.775,1.226,0.000,experiments/output/disabled_with_jfr/run_20260131_153100
test_topic_1227,1228,29.000,26.650,2.350,0.000,experiments/output/disabled_with_jfr/run_20260131_153100
test_topic_1228,1229,32.000,30.634,1.366,0.000,experiments/output/disabled_with_jfr/run_20260131_153100
test_topic_1229,1230,31.000,29.153,1.847,0.000,experiments/output/disabled_with_jfr/run_20260131_153100
test_topic_1230,1231,32.000,30.037,1.963,0.000,experiments/output/disabled_with_jfr/run_20260131_153100
test_topic_1231,1232,35.000,30.911,4.089,1.633,experiments/output/disabled_with_jfr/run_20260131_153100
test_topic_1232,1233,33.000,30.820,2.180,0.000,experiments/output/disabled_with_jfr/run_20260131_153100
test_topic_1233,1234,32.000,30.536,1.464,0.000,experiments/output/disabled_with_jfr/run_20260131_153100
test_topic_1234,1235,43.000,41.407,1.593,0.000,experiments/output/disabled_with_jfr/run_20260131_153100
test_topic_1235,1236,31.000,29.306,1.694,0.000,experiments/output/disabled_with_jfr/run_20260131_153100
test_topic_1236,1237,32.000,30.264,1.736,0.000,experiments/output/disabled_with_jfr/run_20260131_153100
test_topic_1237,1238,32.000,30.000,2.000,0.000,experiments/output/disabled_with_jfr/run_20260131_153100
test_topic_1238,1239,32.000,30.420,1.580,0.000,experiments/output/disabled_with_jfr/run_20260131_153100
test_topic_1239,1240,33.000,30.641,2.359,0.000,experiments/output/disabled_with_jfr/run_20260131_153100
test_topic_1240,1241,33.000,30.356,2.644,0.000,experiments/output/disabled_with_jfr/run_20260131_153100
test_topic_1241,1242,31.000,28.617,2.383,1.139,experiments/output/disabled_with_jfr/run_20260131_153100
test_topic_1242,1243,32.000,29.714,2.287,0.000,experiments/output/disabled_with_jfr/run_20260131_153100
test_topic_1243,1244,33.000,31.144,1.856,0.000,experiments/output/disabled_with_jfr/run_20260131_153100
test_topic_1244,1245,1100.000,1098.374,1.626,0.000,experiments/output/disabled_with_jfr/run_20260131_153100
test_topic_1245,1246,28.000,26.561,1.439,0.000,experiments/output/disabled_with_jfr/run_20260131_153100
test_topic_1246,1247,32.000,28.996,3.004,0.000,experiments/output/disabled_with_jfr/run_20260131_153100
test_topic_1247,1248,29.000,27.527,1.473,0.000,experiments/output/disabled_with_jfr/run_20260131_153100
test_topic_1248,1249,33.000,31.040,1.960,0.000,experiments/output/disabled_with_jfr/run_20260131_153100
test_topic_1249,1250,31.000,29.349,1.651,0.000,experiments/output/disabled_with_jfr/run_20260131_153100
test_topic_1250,1251,29.000,27.115,1.885,0.000,experiments/output/disabled_with_jfr/run_20260131_153100
test_topic_1251,1252,30.000,28.590,1.410,0.000,experiments/output/disabled_with_jfr/run_20260131_153100
test_topic_1252,1253,32.000,29.843,2.157,0.000,experiments/output/disabled_with_jfr/run_20260131_153100
test_topic_1253,1254,31.000,29.606,1.394,0.000,experiments/output/disabled_with_jfr/run_20260131_153100
test_topic_1254,1255,32.000,30.055,1.945,0.000,experiments/output/disabled_with_jfr/run_20260131_153100
test_topic_1255,1256,33.000,30.570,2.430,0.000,experiments/output/disabled_with_jfr/run_20260131_153100
test_topic_1256,1257,31.000,29.276,1.724,0.000,experiments/output/disabled_with_jfr/run_20260131_153100
test_topic_1257,1258,32.000,29.671,2.329,0.000,experiments/output/disabled_with_jfr/run_20260131_153100
test_topic_1258,1259,33.000,31.014,1.986,0.000,experiments/output/disabled_with_jfr/run_20260131_153100
test_topic_1259,1260,46.000,43.206,2.794,0.000,experiments/output/disabled_with_jfr/run_20260131_153100
test_topic_1260,1261,31.000,29.603,1.397,0.000,experiments/output/disabled_with_jfr/run_20260131_153100
test_topic_1261,1262,32.000,29.760,2.240,0.000,experiments/output/disabled_with_jfr/run_20260131_153100
test_topic_1262,1263,33.000,31.394,1.606,0.000,experiments/output/disabled_with_jfr/run_20260131_153100
test_topic_1263,1264,32.000,29.575,2.425,0.000,experiments/output/disabled_with_jfr/run_20260131_153100
test_topic_1264,1265,32.000,30.110,1.890,0.000,experiments/output/disabled_with_jfr/run_20260131_153100
test_topic_1265,1266,31.000,28.707,2.293,0.000,experiments/output/disabled_with_jfr/run_20260131_153100
test_topic_1266,1267,31.000,28.768,2.232,0.000,experiments/output/disabled_with_jfr/run_20260131_153100
test_topic_1267,1268,31.000,28.845,2.155,1.049,experiments/output/disabled_with_jfr/run_20260131_153100
test_topic_1268,1269,32.000,29.919,2.081,1.340,experiments/output/disabled_with_jfr/run_20260131_153100
test_topic_1269,1270,32.000,29.347,2.653,1.077,experiments/output/disabled_with_jfr/run_20260131_153100
test_topic_1270,1271,32.000,30.078,1.922,0.000,experiments/output/disabled_with_jfr/run_20260131_153100
test_topic_1271,1272,34.000,31.325,2.675,0.000,experiments/output/disabled_with_jfr/run_20260131_153100
test_topic_1272,1273,34.000,31.836,2.164,0.000,experiments/output/disabled_with_jfr/run_20260131_153100
test_topic_1273,1274,31.000,28.897,2.103,0.000,experiments/output/disabled_with_jfr/run_20260131_153100
test_topic_1274,1275,33.000,30.610,2.390,0.000,experiments/output/disabled_with_jfr/run_20260131_153100
test_topic_1275,1276,31.000,29.070,1.930,0.000,experiments/output/disabled_with_jfr/run_20260131_153100
test_topic_1276,1277,32.000,29.930,2.070,0.000,experiments/output/disabled_with_jfr/run_20260131_153100
test_topic_1277,1278,35.000,31.156,3.844,1.043,experiments/output/disabled_with_jfr/run_20260131_153100
test_topic_1278,1279,34.000,31.192,2.808,0.000,experiments/output/disabled_with_jfr/run_20260131_153100
test_topic_1279,1280,34.000,30.337,3.663,1.201,experiments/output/disabled_with_jfr/run_20260131_153100
test_topic_1280,1281,30.000,28.453,1.547,0.000,experiments/output/disabled_with_jfr/run_20260131_153100
test_topic_1281,1282,32.000,29.551,2.449,0.000,experiments/output/disabled_with_jfr/run_20260131_153100
test_topic_1282,1283,33.000,31.191,1.809,0.000,experiments/output/disabled_with_jfr/run_20260131_153100
test_topic_1283,1284,33.000,29.290,3.710,0.000,experiments/output/disabled_with_jfr/run_20260131_153100
test_topic_1284,1285,45.000,43.394,1.606,0.000,experiments/output/disabled_with_jfr/run_20260131_153100
test_topic_1285,1286,33.000,30.645,2.355,0.000,experiments/output/disabled_with_jfr/run_20260131_153100
test_topic_1286,1287,33.000,31.429,1.571,0.000,experiments/output/disabled_with_jfr/run_20260131_153100
test_topic_1287,1288,32.000,30.198,1.802,0.000,experiments/output/disabled_with_jfr/run_20260131_153100
test_topic_1288,1289,31.000,29.150,1.850,0.000,experiments/output/disabled_with_jfr/run_20260131_153100
test_topic_1289,1290,32.000,29.803,2.197,0.000,experiments/output/disabled_with_jfr/run_20260131_153100
test_topic_1290,1291,32.000,30.450,1.550,0.000,experiments/output/disabled_with_jfr/run_20260131_153100
test_topic_1291,1292,31.000,28.914,2.086,0.000,experiments/output/disabled_with_jfr/run_20260131_153100
test_topic_1292,1293,32.000,30.054,1.946,0.000,experiments/output/disabled_with_jfr/run_20260131_153100
test_topic_1293,1294,32.000,29.902,2.098,0.000,experiments/output/disabled_with_jfr/run_20260131_153100
test_topic_1294,1295,2051.000,2048.999,2.001,0.000,experiments/output/disabled_with_jfr/run_20260131_153100
test_topic_1295,1296,33.000,30.950,2.050,1.077,experiments/output/disabled_with_jfr/run_20260131_153100
test_topic_1296,1297,32.000,28.851,3.149,0.000,experiments/output/disabled_with_jfr/run_20260131_153100
test_topic_1297,1298,32.000,30.037,1.963,0.000,experiments/output/disabled_with_jfr/run_20260131_153100
test_topic_1298,1299,33.000,30.690,2.310,0.000,experiments/output/disabled_with_jfr/run_20260131_153100
test_topic_1299,1300,35.000,31.739,3.261,1.101,experiments/output/disabled_with_jfr/run_20260131_153100
test_topic_1300,1301,31.000,29.115,1.885,0.000,experiments/output/disabled_with_jfr/run_20260131_153100
test_topic_1301,1302,31.000,28.817,2.183,0.000,experiments/output/disabled_with_jfr/run_20260131_153100
test_topic_1302,1303,31.000,29.051,1.949,0.000,experiments/output/disabled_with_jfr/run_20260131_153100
test_topic_1303,1304,33.000,30.478,2.522,0.000,experiments/output/disabled_with_jfr/run_20260131_153100
test_topic_1304,1305,32.000,30.425,1.575,0.000,experiments/output/disabled_with_jfr/run_20260131_153100
test_topic_1305,1306,32.000,29.550,2.450,0.000,experiments/output/disabled_with_jfr/run_20260131_153100
test_topic_1306,1307,33.000,30.967,2.033,0.000,experiments/output/disabled_with_jfr/run_20260131_153100
test_topic_1307,1308,35.000,31.464,3.536,1.529,experiments/output/disabled_with_jfr/run_20260131_153100
test_topic_1308,1309,37.000,31.808,5.192,3.196,experiments/output/disabled_with_jfr/run_20260131_153100
test_topic_1309,1310,178.000,173.852,4.148,1.972,experiments/output/disabled_with_jfr/run_20260131_153100
test_topic_1310,1311,105.000,101.805,3.195,1.897,experiments/output/disabled_with_jfr/run_20260131_153100
test_topic_1311,1312,179.000,104.377,74.623,72.746,experiments/output/disabled_with_jfr/run_20260131_153100
test_topic_1312,1313,117.000,112.549,4.451,1.947,experiments/output/disabled_with_jfr/run_20260131_153100
test_topic_1313,1314,114.000,109.175,4.826,2.863,experiments/output/disabled_with_jfr/run_20260131_153100
test_topic_1314,1315,202.000,195.625,6.375,5.544,experiments/output/disabled_with_jfr/run_20260131_153100
test_topic_1315,1316,169.000,102.810,66.190,64.929,experiments/output/disabled_with_jfr/run_20260131_153100
test_topic_1316,1317,164.000,99.815,64.185,63.955,experiments/output/disabled_with_jfr/run_20260131_153100
test_topic_1317,1318,85.000,83.788,1.212,1.093,experiments/output/disabled_with_jfr/run_20260131_153100
test_topic_1318,1319,104.000,102.125,1.875,0.000,experiments/output/disabled_with_jfr/run_20260131_153100
test_topic_1319,1320,38.000,36.112,1.888,0.000,experiments/output/disabled_with_jfr/run_20260131_153100
test_topic_1320,1321,37.000,34.415,2.585,1.027,experiments/output/disabled_with_jfr/run_20260131_153100
test_topic_1321,1322,38.000,35.840,2.160,0.000,experiments/output/disabled_with_jfr/run_20260131_153100
test_topic_1322,1323,36.000,32.859,3.141,0.000,experiments/output/disabled_with_jfr/run_20260131_153100
test_topic_1323,1324,32.000,29.785,2.215,0.000,experiments/output/disabled_with_jfr/run_20260131_153100
test_topic_1324,1325,32.000,29.801,2.199,1.268,experiments/output/disabled_with_jfr/run_20260131_153100
test_topic_1325,1326,31.000,28.511,2.489,0.000,experiments/output/disabled_with_jfr/run_20260131_153100
test_topic_1326,1327,32.000,30.331,1.669,0.000,experiments/output/disabled_with_jfr/run_20260131_153100
test_topic_1327,1328,33.000,31.010,1.990,0.000,experiments/output/disabled_with_jfr/run_20260131_153100
test_topic_1328,1329,33.000,29.122,3.878,0.000,experiments/output/disabled_with_jfr/run_20260131_153100
test_topic_1329,1330,31.000,29.160,1.840,0.000,experiments/output/disabled_with_jfr/run_20260131_153100
test_topic_1330,1331,30.000,28.155,1.845,0.000,experiments/output/disabled_with_jfr/run_20260131_153100
test_topic_1331,1332,32.000,29.404,2.596,0.000,experiments/output/disabled_with_jfr/run_20260131_153100
test_topic_1332,1333,31.000,29.279,1.721,0.000,experiments/output/disabled_with_jfr/run_20260131_153100
test_topic_1333,1334,44.000,41.409,2.591,0.000,experiments/output/disabled_with_jfr/run_20260131_153100
test_topic_1334,1335,30.000,27.934,2.066,0.000,experiments/output/disabled_with_jfr/run_20260131_153100
test_topic_1335,1336,31.000,29.109,1.891,0.000,experiments/output/disabled_with_jfr/run_20260131_153100
test_topic_1336,1337,31.000,28.637,2.363,0.000,experiments/output/disabled_with_jfr/run_20260131_153100
test_topic_1337,1338,31.000,28.209,2.791,0.000,experiments/output/disabled_with_jfr/run_20260131_153100
test_topic_1338,1339,30.000,27.216,2.784,0.000,experiments/output/disabled_with_jfr/run_20260131_153100
test_topic_1339,1340,30.000,28.404,1.596,0.000,experiments/output/disabled_with_jfr/run_20260131_153100
test_topic_1340,1341,31.000,28.607,2.393,0.000,experiments/output/disabled_with_jfr/run_20260131_153100
test_topic_1341,1342,34.000,30.637,3.363,0.000,experiments/output/disabled_with_jfr/run_20260131_153100
test_topic_1342,1343,34.000,31.451,2.549,0.000,experiments/output/disabled_with_jfr/run_20260131_153100
test_topic_1343,1344,31.000,28.340,2.660,0.000,experiments/output/disabled_with_jfr/run_20260131_153100
test_topic_1344,1345,32.000,30.054,1.946,0.000,experiments/output/disabled_with_jfr/run_20260131_153100
test_topic_1345,1346,31.000,28.902,2.098,0.000,experiments/output/disabled_with_jfr/run_20260131_153100
test_topic_1346,1347,32.000,30.054,1.946,0.000,experiments/output/disabled_with_jfr/run_20260131_153100
test_topic_1347,1348,33.000,29.945,3.055,0.000,experiments/output/disabled_with_jfr/run_20260131_153100
test_topic_1348,1349,34.000,32.158,1.843,0.000,experiments/output/disabled_with_jfr/run_20260131_153100
test_topic_1349,1350,66.000,63.703,2.297,0.000,experiments/output/disabled_with_jfr/run_20260131_153100
test_topic_1350,1351,36.000,32.306,3.694,1.891,experiments/output/disabled_with_jfr/run_20260131_153100
test_topic_1351,1352,91.000,89.182,1.818,0.000,experiments/output/disabled_with_jfr/run_20260131_153100
test_topic_1352,1353,29.000,28.240,0.760,0.000,experiments/output/disabled_with_jfr/run_20260131_153100
test_topic_1353,1354,29.000,27.382,1.619,0.000,experiments/output/disabled_with_jfr/run_20260131_153100
test_topic_1354,1355,30.000,28.955,1.045,0.000,experiments/output/disabled_with_jfr/run_20260131_153100
test_topic_1355,1356,29.000,27.665,1.335,0.000,experiments/output/disabled_with_jfr/run_20260131_153100
test_topic_1356,1357,30.000,28.379,1.621,0.000,experiments/output/disabled_with_jfr/run_20260131_153100
test_topic_1357,1358,31.000,29.131,1.869,0.000,experiments/output/disabled_with_jfr/run_20260131_153100
test_topic_1358,1359,42.000,40.226,1.774,0.000,experiments/output/disabled_with_jfr/run_20260131_153100
test_topic_1359,1360,31.000,28.091,2.909,0.000,experiments/output/disabled_with_jfr/run_20260131_153100
test_topic_1360,1361,32.000,29.686,2.314,0.000,experiments/output/disabled_with_jfr/run_20260131_153100
test_topic_1361,1362,32.000,29.392,2.608,0.000,experiments/output/disabled_with_jfr/run_20260131_153100
test_topic_1362,1363,33.000,31.347,1.653,0.000,experiments/output/disabled_with_jfr/run_20260131_153100
test_topic_1363,1364,37.000,34.967,2.033,0.000,experiments/output/disabled_with_jfr/run_20260131_153100
test_topic_1364,1365,37.000,35.129,1.871,0.000,experiments/output/disabled_with_jfr/run_20260131_153100
test_topic_1365,1366,37.000,34.934,2.066,0.000,experiments/output/disabled_with_jfr/run_20260131_153100
test_topic_1366,1367,31.000,28.912,2.088,0.000,experiments/output/disabled_with_jfr/run_20260131_153100
test_topic_1367,1368,31.000,29.214,1.786,0.000,experiments/output/disabled_with_jfr/run_20260131_153100
test_topic_1368,1369,32.000,29.883,2.117,0.000,experiments/output/disabled_with_jfr/run_20260131_153100
test_topic_1369,1370,32.000,29.756,2.244,0.000,experiments/output/disabled_with_jfr/run_20260131_153100
test_topic_1370,1371,32.000,29.510,2.490,0.000,experiments/output/disabled_with_jfr/run_20260131_153100
test_topic_1371,1372,31.000,29.158,1.842,0.000,experiments/output/disabled_with_jfr/run_20260131_153100
test_topic_1372,1373,32.000,29.707,2.293,0.000,experiments/output/disabled_with_jfr/run_20260131_153100
test_topic_1373,1374,31.000,28.833,2.168,0.000,experiments/output/disabled_with_jfr/run_20260131_153100
test_topic_1374,1375,30.000,28.421,1.579,0.000,experiments/output/disabled_with_jfr/run_20260131_153100
test_topic_1375,1376,30.000,28.354,1.646,0.000,experiments/output/disabled_with_jfr/run_20260131_153100
test_topic_1376,1377,31.000,28.555,2.445,0.000,experiments/output/disabled_with_jfr/run_20260131_153100
test_topic_1377,1378,30.000,28.338,1.662,0.000,experiments/output/disabled_with_jfr/run_20260131_153100
test_topic_1378,1379,32.000,29.719,2.281,0.000,experiments/output/disabled_with_jfr/run_20260131_153100
test_topic_1379,1380,32.000,29.962,2.038,0.000,experiments/output/disabled_with_jfr/run_20260131_153100
test_topic_1380,1381,31.000,29.430,1.570,0.000,experiments/output/disabled_with_jfr/run_20260131_153100
test_topic_1381,1382,31.000,29.332,1.668,0.000,experiments/output/disabled_with_jfr/run_20260131_153100
test_topic_1382,1383,31.000,29.114,1.886,0.000,experiments/output/disabled_with_jfr/run_20260131_153100
test_topic_1383,1384,46.000,43.712,2.288,0.000,experiments/output/disabled_with_jfr/run_20260131_153100
test_topic_1384,1385,34.000,29.876,4.124,0.000,experiments/output/disabled_with_jfr/run_20260131_153100
test_topic_1385,1386,32.000,30.080,1.920,0.000,experiments/output/disabled_with_jfr/run_20260131_153100
test_topic_1386,1387,31.000,28.828,2.172,0.000,experiments/output/disabled_with_jfr/run_20260131_153100
test_topic_1387,1388,31.000,28.794,2.206,0.000,experiments/output/disabled_with_jfr/run_20260131_153100
test_topic_1388,1389,31.000,28.764,2.236,1.016,experiments/output/disabled_with_jfr/run_20260131_153100
test_topic_1389,1390,31.000,29.387,1.613,0.000,experiments/output/disabled_with_jfr/run_20260131_153100
test_topic_1390,1391,34.000,30.844,3.156,0.000,experiments/output/disabled_with_jfr/run_20260131_153100
test_topic_1391,1392,31.000,29.053,1.947,0.000,experiments/output/disabled_with_jfr/run_20260131_153100
test_topic_1392,1393,31.000,29.261,1.739,0.000,experiments/output/disabled_with_jfr/run_20260131_153100
test_topic_1393,1394,31.000,29.138,1.862,0.000,experiments/output/disabled_with_jfr/run_20260131_153100
test_topic_1394,1395,31.000,28.975,2.025,0.000,experiments/output/disabled_with_jfr/run_20260131_153100
test_topic_1395,1396,31.000,29.058,1.942,0.000,experiments/output/disabled_with_jfr/run_20260131_153100
test_topic_1396,1397,33.000,29.811,3.189,0.000,experiments/output/disabled_with_jfr/run_20260131_153100
test_topic_1397,1398,31.000,29.212,1.788,0.000,experiments/output/disabled_with_jfr/run_20260131_153100
test_topic_1398,1399,31.000,29.031,1.969,0.000,experiments/output/disabled_with_jfr/run_20260131_153100
test_topic_1399,1400,31.000,28.832,2.168,0.000,experiments/output/disabled_with_jfr/run_20260131_153100
test_topic_1400,1401,34.000,32.098,1.902,0.000,experiments/output/disabled_with_jfr/run_20260131_153100
test_topic_1401,1402,33.000,31.342,1.658,0.000,experiments/output/disabled_with_jfr/run_20260131_153100
test_topic_1402,1403,34.000,30.042,3.958,0.000,experiments/output/disabled_with_jfr/run_20260131_153100
test_topic_1403,1404,2068.000,2066.172,1.828,0.000,experiments/output/disabled_with_jfr/run_20260131_153100
test_topic_1404,1405,30.000,28.821,1.179,0.000,experiments/output/disabled_with_jfr/run_20260131_153100
test_topic_1405,1406,29.000,27.995,1.006,0.000,experiments/output/disabled_with_jfr/run_20260131_153100
test_topic_1406,1407,28.000,27.240,0.760,0.000,experiments/output/disabled_with_jfr/run_20260131_153100
test_topic_1407,1408,29.000,27.961,1.039,0.000,experiments/output/disabled_with_jfr/run_20260131_153100
test_topic_1408,1409,36.000,33.516,2.484,0.000,experiments/output/disabled_with_jfr/run_20260131_153100
test_topic_1409,1410,30.000,28.455,1.545,0.000,experiments/output/disabled_with_jfr/run_20260131_153100
test_topic_1410,1411,33.000,30.765,2.235,0.000,experiments/output/disabled_with_jfr/run_20260131_153100
test_topic_1411,1412,33.000,31.058,1.942,0.000,experiments/output/disabled_with_jfr/run_20260131_153100
test_topic_1412,1413,32.000,30.347,1.653,0.000,experiments/output/disabled_with_jfr/run_20260131_153100
test_topic_1413,1414,33.000,31.245,1.755,0.000,experiments/output/disabled_with_jfr/run_20260131_153100
test_topic_1414,1415,32.000,29.856,2.144,0.000,experiments/output/disabled_with_jfr/run_20260131_153100
test_topic_1415,1416,31.000,29.143,1.858,0.000,experiments/output/disabled_with_jfr/run_20260131_153100
test_topic_1416,1417,34.000,32.059,1.941,0.000,experiments/output/disabled_with_jfr/run_20260131_153100
test_topic_1417,1418,33.000,30.932,2.068,0.000,experiments/output/disabled_with_jfr/run_20260131_153100
test_topic_1418,1419,31.000,29.405,1.595,0.000,experiments/output/disabled_with_jfr/run_20260131_153100
test_topic_1419,1420,32.000,30.088,1.912,0.000,experiments/output/disabled_with_jfr/run_20260131_153100
test_topic_1420,1421,33.000,30.171,2.829,0.000,experiments/output/disabled_with_jfr/run_20260131_153100
test_topic_1421,1422,32.000,29.799,2.201,0.000,experiments/output/disabled_with_jfr/run_20260131_153100
test_topic_1422,1423,30.000,28.577,1.423,0.000,experiments/output/disabled_with_jfr/run_20260131_153100
test_topic_1423,1424,32.000,30.072,1.928,0.000,experiments/output/disabled_with_jfr/run_20260131_153100
test_topic_1424,1425,31.000,29.092,1.908,0.000,experiments/output/disabled_with_jfr/run_20260131_153100
test_topic_1425,1426,31.000,28.692,2.308,0.000,experiments/output/disabled_with_jfr/run_20260131_153100
test_topic_1426,1427,31.000,28.857,2.143,0.000,experiments/output/disabled_with_jfr/run_20260131_153100
test_topic_1427,1428,33.000,30.332,2.668,0.000,experiments/output/disabled_with_jfr/run_20260131_153100
test_topic_1428,1429,31.000,29.293,1.707,0.000,experiments/output/disabled_with_jfr/run_20260131_153100
test_topic_1429,1430,31.000,28.918,2.082,0.000,experiments/output/disabled_with_jfr/run_20260131_153100
test_topic_1430,1431,31.000,28.763,2.237,0.000,experiments/output/disabled_with_jfr/run_20260131_153100
test_topic_1431,1432,33.000,30.572,2.428,0.000,experiments/output/disabled_with_jfr/run_20260131_153100
test_topic_1432,1433,32.000,29.599,2.401,1.311,experiments/output/disabled_with_jfr/run_20260131_153100
test_topic_1433,1434,43.000,38.545,4.455,0.000,experiments/output/disabled_with_jfr/run_20260131_153100
test_topic_1434,1435,31.000,28.760,2.240,0.000,experiments/output/disabled_with_jfr/run_20260131_153100
test_topic_1435,1436,31.000,29.142,1.858,0.000,experiments/output/disabled_with_jfr/run_20260131_153100
test_topic_1436,1437,31.000,29.595,1.405,0.000,experiments/output/disabled_with_jfr/run_20260131_153100
test_topic_1437,1438,1676.000,1674.364,1.636,0.000,experiments/output/disabled_with_jfr/run_20260131_153100
test_topic_1438,1439,382.000,373.099,8.901,2.911,experiments/output/disabled_with_jfr/run_20260131_153100
test_topic_1439,1440,98.000,93.992,4.008,1.483,experiments/output/disabled_with_jfr/run_20260131_153100
test_topic_1440,1441,101.000,99.100,1.900,1.133,experiments/output/disabled_with_jfr/run_20260131_153100
test_topic_1441,1442,104.000,101.140,2.860,1.615,experiments/output/disabled_with_jfr/run_20260131_153100
test_topic_1442,1443,99.000,96.066,2.934,1.589,experiments/output/disabled_with_jfr/run_20260131_153100
test_topic_1443,1444,28.000,26.226,1.774,0.000,experiments/output/disabled_with_jfr/run_20260131_153100
test_topic_1444,1445,71.000,29.882,41.118,39.980,experiments/output/disabled_with_jfr/run_20260131_153100
test_topic_1445,1446,91.000,88.935,2.065,1.285,experiments/output/disabled_with_jfr/run_20260131_153100
test_topic_1446,1447,30.000,28.046,1.954,0.000,experiments/output/disabled_with_jfr/run_20260131_153100
test_topic_1447,1448,31.000,28.884,2.116,1.101,experiments/output/disabled_with_jfr/run_20260131_153100
test_topic_1448,1449,100.000,96.813,3.187,2.796,experiments/output/disabled_with_jfr/run_20260131_153100
test_topic_1449,1450,29.000,27.548,1.452,0.000,experiments/output/disabled_with_jfr/run_20260131_153100
test_topic_1450,1451,31.000,28.699,2.301,1.349,experiments/output/disabled_with_jfr/run_20260131_153100
test_topic_1451,1452,30.000,28.400,1.600,0.000,experiments/output/disabled_with_jfr/run_20260131_153100
test_topic_1452,1453,33.000,29.522,3.478,0.000,experiments/output/disabled_with_jfr/run_20260131_153100
test_topic_1453,1454,33.000,30.353,2.647,1.312,experiments/output/disabled_with_jfr/run_20260131_153100
test_topic_1454,1455,32.000,29.446,2.554,0.000,experiments/output/disabled_with_jfr/run_20260131_153100
test_topic_1455,1456,33.000,30.973,2.027,0.000,experiments/output/disabled_with_jfr/run_20260131_153100
test_topic_1456,1457,33.000,30.605,2.395,1.012,experiments/output/disabled_with_jfr/run_20260131_153100
test_topic_1457,1458,44.000,42.519,1.481,0.000,experiments/output/disabled_with_jfr/run_20260131_153100
test_topic_1458,1459,33.000,29.178,3.822,0.000,experiments/output/disabled_with_jfr/run_20260131_153100
test_topic_1459,1460,31.000,28.724,2.276,0.000,experiments/output/disabled_with_jfr/run_20260131_153100
test_topic_1460,1461,33.000,30.900,2.100,0.000,experiments/output/disabled_with_jfr/run_20260131_153100
test_topic_1461,1462,45.000,43.030,1.970,0.000,experiments/output/disabled_with_jfr/run_20260131_153100
test_topic_1462,1463,84.000,81.592,2.408,0.000,experiments/output/disabled_with_jfr/run_20260131_153100
test_topic_1463,1464,33.000,30.852,2.148,0.000,experiments/output/disabled_with_jfr/run_20260131_153100
test_topic_1464,1465,29.000,26.895,2.105,1.194,experiments/output/disabled_with_jfr/run_20260131_153100
test_topic_1465,1466,29.000,27.687,1.313,0.000,experiments/output/disabled_with_jfr/run_20260131_153100
test_topic_1466,1467,34.000,28.860,5.140,3.070,experiments/output/disabled_with_jfr/run_20260131_153100
test_topic_1467,1468,29.000,26.739,2.261,1.409,experiments/output/disabled_with_jfr/run_20260131_153100
test_topic_1468,1469,29.000,27.602,1.398,0.000,experiments/output/disabled_with_jfr/run_20260131_153100
test_topic_1469,1470,35.000,32.149,2.851,1.243,experiments/output/disabled_with_jfr/run_20260131_153100
test_topic_1470,1471,33.000,30.359,2.641,0.000,experiments/output/disabled_with_jfr/run_20260131_153100
test_topic_1471,1472,33.000,30.379,2.621,0.000,experiments/output/disabled_with_jfr/run_20260131_153100
test_topic_1472,1473,32.000,29.108,2.892,0.000,experiments/output/disabled_with_jfr/run_20260131_153100
test_topic_1473,1474,33.000,31.049,1.951,0.000,experiments/output/disabled_with_jfr/run_20260131_153100
test_topic_1474,1475,32.000,29.645,2.355,0.000,experiments/output/disabled_with_jfr/run_20260131_153100
test_topic_1475,1476,32.000,30.331,1.669,0.000,experiments/output/disabled_with_jfr/run_20260131_153100
test_topic_1476,1477,32.000,29.310,2.690,0.000,experiments/output/disabled_with_jfr/run_20260131_153100
test_topic_1477,1478,34.000,31.688,2.312,0.000,experiments/output/disabled_with_jfr/run_20260131_153100
test_topic_1478,1479,33.000,31.476,1.524,0.000,experiments/output/disabled_with_jfr/run_20260131_153100
test_topic_1479,1480,33.000,31.153,1.847,0.000,experiments/output/disabled_with_jfr/run_20260131_153100
test_topic_1480,1481,34.000,31.711,2.289,0.000,experiments/output/disabled_with_jfr/run_20260131_153100
test_topic_1481,1482,38.000,35.564,2.436,0.000,experiments/output/disabled_with_jfr/run_20260131_153100
test_topic_1482,1483,45.000,29.724,15.276,14.264,experiments/output/disabled_with_jfr/run_20260131_153100
test_topic_1483,1484,42.000,37.781,4.219,0.000,experiments/output/disabled_with_jfr/run_20260131_153100
test_topic_1484,1485,31.000,29.099,1.901,0.000,experiments/output/disabled_with_jfr/run_20260131_153100
test_topic_1485,1486,32.000,30.028,1.972,0.000,experiments/output/disabled_with_jfr/run_20260131_153100
test_topic_1486,1487,33.000,30.575,2.425,0.000,experiments/output/disabled_with_jfr/run_20260131_153100
test_topic_1487,1488,31.000,28.612,2.388,1.034,experiments/output/disabled_with_jfr/run_20260131_153100
test_topic_1488,1489,35.000,32.426,2.574,1.071,experiments/output/disabled_with_jfr/run_20260131_153100
test_topic_1489,1490,119.000,114.608,4.392,1.030,experiments/output/disabled_with_jfr/run_20260131_153100
test_topic_1490,1491,31.000,29.571,1.429,0.000,experiments/output/disabled_with_jfr/run_20260131_153100
test_topic_1491,1492,31.000,28.986,2.014,0.000,experiments/output/disabled_with_jfr/run_20260131_153100
test_topic_1492,1493,32.000,30.218,1.782,0.000,experiments/output/disabled_with_jfr/run_20260131_153100
test_topic_1493,1494,33.000,31.866,1.134,0.000,experiments/output/disabled_with_jfr/run_20260131_153100
test_topic_1494,1495,36.000,33.478,2.522,1.335,experiments/output/disabled_with_jfr/run_20260131_153100
test_topic_1495,1496,30.000,28.357,1.643,0.000,experiments/output/disabled_with_jfr/run_20260131_153100
test_topic_1496,1497,36.000,32.876,3.124,1.792,experiments/output/disabled_with_jfr/run_20260131_153100
test_topic_1497,1498,33.000,30.557,2.443,1.152,experiments/output/disabled_with_jfr/run_20260131_153100
test_topic_1498,1499,31.000,29.122,1.878,0.000,experiments/output/disabled_with_jfr/run_20260131_153100
test_topic_1499,1500,29.000,27.785,1.215,0.000,experiments/output/disabled_with_jfr/run_20260131_153100
test_topic_1500,1501,32.000,29.954,2.046,0.000,experiments/output/disabled_with_jfr/run_20260131_153100
test_topic_1501,1502,37.000,35.385,1.615,0.000,experiments/output/disabled_with_jfr/run_20260131_153100
test_topic_1502,1503,42.000,38.611,3.389,0.000,experiments/output/disabled_with_jfr/run_20260131_153100
test_topic_1503,1504,39.000,36.302,2.698,0.000,experiments/output/disabled_with_jfr/run_20260131_153100
test_topic_1504,1505,37.000,34.239,2.761,0.000,experiments/output/disabled_with_jfr/run_20260131_153100
test_topic_1505,1506,40.000,37.454,2.546,0.000,experiments/output/disabled_with_jfr/run_20260131_153100
test_topic_1506,1507,46.000,43.311,2.689,0.000,experiments/output/disabled_with_jfr/run_20260131_153100
test_topic_1507,1508,35.000,32.750,2.250,0.000,experiments/output/disabled_with_jfr/run_20260131_153100
test_topic_1508,1509,36.000,32.075,3.925,1.638,experiments/output/disabled_with_jfr/run_20260131_153100
test_topic_1509,1510,32.000,29.938,2.062,0.000,experiments/output/disabled_with_jfr/run_20260131_153100
test_topic_1510,1511,32.000,30.537,1.463,0.000,experiments/output/disabled_with_jfr/run_20260131_153100
test_topic_1511,1512,48.000,46.002,1.998,1.162,experiments/output/disabled_with_jfr/run_20260131_153100
test_topic_1512,1513,41.000,38.051,2.949,1.513,experiments/output/disabled_with_jfr/run_20260131_153100
test_topic_1513,1514,33.000,30.147,2.853,1.663,experiments/output/disabled_with_jfr/run_20260131_153100
test_topic_1514,1515,35.000,32.105,2.895,0.000,experiments/output/disabled_with_jfr/run_20260131_153100
test_topic_1515,1516,30.000,28.777,1.223,0.000,experiments/output/disabled_with_jfr/run_20260131_153100
test_topic_1516,1517,30.000,28.119,1.881,0.000,experiments/output/disabled_with_jfr/run_20260131_153100
test_topic_1517,1518,32.000,30.652,1.348,0.000,experiments/output/disabled_with_jfr/run_20260131_153100
test_topic_1518,1519,30.000,28.621,1.379,0.000,experiments/output/disabled_with_jfr/run_20260131_153100
test_topic_1519,1520,32.000,30.822,1.178,0.000,experiments/output/disabled_with_jfr/run_20260131_153100
test_topic_1520,1521,32.000,29.589,2.411,1.030,experiments/output/disabled_with_jfr/run_20260131_153100
test_topic_1521,1522,34.000,31.269,2.731,0.000,experiments/output/disabled_with_jfr/run_20260131_153100
test_topic_1522,1523,35.000,32.532,2.468,1.301,experiments/output/disabled_with_jfr/run_20260131_153100
test_topic_1523,1524,33.000,31.098,1.902,0.000,experiments/output/disabled_with_jfr/run_20260131_153100
test_topic_1524,1525,32.000,29.607,2.393,0.000,experiments/output/disabled_with_jfr/run_20260131_153100
test_topic_1525,1526,34.000,31.778,2.222,0.000,experiments/output/disabled_with_jfr/run_20260131_153100
test_topic_1526,1527,32.000,30.452,1.548,0.000,experiments/output/disabled_with_jfr/run_20260131_153100
test_topic_1527,1528,34.000,31.433,2.567,0.000,experiments/output/disabled_with_jfr/run_20260131_153100
test_topic_1528,1529,30.000,27.939,2.061,1.041,experiments/output/disabled_with_jfr/run_20260131_153100
test_topic_1529,1530,32.000,29.566,2.434,0.000,experiments/output/disabled_with_jfr/run_20260131_153100
test_topic_1530,1531,47.000,44.867,2.133,1.032,experiments/output/disabled_with_jfr/run_20260131_153100
test_topic_1531,1532,33.000,30.057,2.943,1.220,experiments/output/disabled_with_jfr/run_20260131_153100
test_topic_1532,1533,31.000,28.527,2.473,0.000,experiments/output/disabled_with_jfr/run_20260131_153100
test_topic_1533,1534,35.000,32.245,2.755,0.000,experiments/output/disabled_with_jfr/run_20260131_153100
test_topic_1534,1535,33.000,30.668,2.332,0.000,experiments/output/disabled_with_jfr/run_20260131_153100
test_topic_1535,1536,33.000,30.490,2.510,0.000,experiments/output/disabled_with_jfr/run_20260131_153100
test_topic_1536,1537,32.000,29.798,2.202,0.000,experiments/output/disabled_with_jfr/run_20260131_153100
test_topic_1537,1538,32.000,29.978,2.022,0.000,experiments/output/disabled_with_jfr/run_20260131_153100
test_topic_1538,1539,34.000,31.958,2.043,0.000,experiments/output/disabled_with_jfr/run_20260131_153100
test_topic_1539,1540,35.000,32.483,2.517,0.000,experiments/output/disabled_with_jfr/run_20260131_153100
test_topic_1540,1541,33.000,30.724,2.276,0.000,experiments/output/disabled_with_jfr/run_20260131_153100
test_topic_1541,1542,35.000,33.103,1.897,0.000,experiments/output/disabled_with_jfr/run_20260131_153100
test_topic_1542,1543,35.000,31.678,3.322,1.762,experiments/output/disabled_with_jfr/run_20260131_153100
test_topic_1543,1544,36.000,31.450,4.550,2.979,experiments/output/disabled_with_jfr/run_20260131_153100
test_topic_1544,1545,30.000,28.321,1.679,1.052,experiments/output/disabled_with_jfr/run_20260131_153100
test_topic_1545,1546,30.000,27.976,2.024,0.000,experiments/output/disabled_with_jfr/run_20260131_153100
test_topic_1546,1547,29.000,27.698,1.302,0.000,experiments/output/disabled_with_jfr/run_20260131_153100
test_topic_1547,1548,28.000,26.328,1.672,0.000,experiments/output/disabled_with_jfr/run_20260131_153100
test_topic_1548,1549,29.000,27.279,1.721,0.000,experiments/output/disabled_with_jfr/run_20260131_153100
test_topic_1549,1550,30.000,29.042,0.958,0.000,experiments/output/disabled_with_jfr/run_20260131_153100
test_topic_1550,1551,30.000,28.443,1.557,0.000,experiments/output/disabled_with_jfr/run_20260131_153100
test_topic_1551,1552,32.000,28.822,3.178,0.000,experiments/output/disabled_with_jfr/run_20260131_153100
test_topic_1552,1553,2017.000,2014.528,2.472,0.000,experiments/output/disabled_with_jfr/run_20260131_153100
test_topic_1553,1554,46.000,40.205,5.795,1.986,experiments/output/disabled_with_jfr/run_20260131_153100
test_topic_1554,1555,53.000,49.422,3.578,1.752,experiments/output/disabled_with_jfr/run_20260131_153100
test_topic_1555,1556,33.000,30.331,2.669,0.000,experiments/output/disabled_with_jfr/run_20260131_153100
test_topic_1556,1557,77.000,74.903,2.097,1.009,experiments/output/disabled_with_jfr/run_20260131_153100
test_topic_1557,1558,44.000,39.639,4.361,2.072,experiments/output/disabled_with_jfr/run_20260131_153100
test_topic_1558,1559,31.000,28.275,2.725,0.000,experiments/output/disabled_with_jfr/run_20260131_153100
test_topic_1559,1560,29.000,27.372,1.628,1.368,experiments/output/disabled_with_jfr/run_20260131_153100
test_topic_1560,1561,33.000,31.039,1.961,0.000,experiments/output/disabled_with_jfr/run_20260131_153100
test_topic_1561,1562,34.000,30.797,3.203,1.589,experiments/output/disabled_with_jfr/run_20260131_153100
test_topic_1562,1563,35.000,32.107,2.893,1.433,experiments/output/disabled_with_jfr/run_20260131_153100
test_topic_1563,1564,32.000,29.301,2.699,0.000,experiments/output/disabled_with_jfr/run_20260131_153100
test_topic_1564,1565,35.000,30.800,4.200,0.000,experiments/output/disabled_with_jfr/run_20260131_153100
test_topic_1565,1566,33.000,30.453,2.547,0.000,experiments/output/disabled_with_jfr/run_20260131_153100
test_topic_1566,1567,33.000,30.614,2.386,1.157,experiments/output/disabled_with_jfr/run_20260131_153100
test_topic_1567,1568,37.000,34.358,2.642,0.000,experiments/output/disabled_with_jfr/run_20260131_153100
test_topic_1568,1569,35.000,32.664,2.336,0.000,experiments/output/disabled_with_jfr/run_20260131_153100
test_topic_1569,1570,32.000,29.520,2.480,1.236,experiments/output/disabled_with_jfr/run_20260131_153100
test_topic_1570,1571,33.000,29.076,3.924,0.000,experiments/output/disabled_with_jfr/run_20260131_153100
test_topic_1571,1572,33.000,30.201,2.799,1.066,experiments/output/disabled_with_jfr/run_20260131_153100
test_topic_1572,1573,33.000,31.286,1.714,0.000,experiments/output/disabled_with_jfr/run_20260131_153100
test_topic_1573,1574,45.000,42.848,2.152,0.000,experiments/output/disabled_with_jfr/run_20260131_153100
test_topic_1574,1575,86.000,82.745,3.255,1.951,experiments/output/disabled_with_jfr/run_20260131_153100
test_topic_1575,1576,30.000,28.448,1.552,1.153,experiments/output/disabled_with_jfr/run_20260131_153100
test_topic_1576,1577,30.000,28.875,1.125,0.000,experiments/output/disabled_with_jfr/run_20260131_153100
test_topic_1577,1578,31.000,29.236,1.764,0.000,experiments/output/disabled_with_jfr/run_20260131_153100
test_topic_1578,1579,96.000,94.759,1.241,0.000,experiments/output/disabled_with_jfr/run_20260131_153100
test_topic_1579,1580,86.000,84.554,1.446,1.218,experiments/output/disabled_with_jfr/run_20260131_153100
test_topic_1580,1581,100.000,97.717,2.283,1.946,experiments/output/disabled_with_jfr/run_20260131_153100
test_topic_1581,1582,105.000,102.726,2.274,1.408,experiments/output/disabled_with_jfr/run_20260131_153100
test_topic_1582,1583,99.000,96.353,2.647,2.012,experiments/output/disabled_with_jfr/run_20260131_153100
test_topic_1583,1584,96.000,93.309,2.691,0.000,experiments/output/disabled_with_jfr/run_20260131_153100
test_topic_1584,1585,107.000,103.214,3.786,2.155,experiments/output/disabled_with_jfr/run_20260131_153100
test_topic_1585,1586,177.000,101.672,75.328,73.456,experiments/output/disabled_with_jfr/run_20260131_153100
test_topic_1586,1587,170.000,167.260,2.740,0.000,experiments/output/disabled_with_jfr/run_20260131_153100
test_topic_1587,1588,30.000,28.095,1.905,0.000,experiments/output/disabled_with_jfr/run_20260131_153100
test_topic_1588,1589,32.000,28.201,3.799,1.538,experiments/output/disabled_with_jfr/run_20260131_153100
test_topic_1589,1590,33.000,28.012,4.988,2.888,experiments/output/disabled_with_jfr/run_20260131_153100
test_topic_1590,1591,97.000,94.895,2.105,1.005,experiments/output/disabled_with_jfr/run_20260131_153100
test_topic_1591,1592,86.000,82.167,3.833,3.399,experiments/output/disabled_with_jfr/run_20260131_153100
test_topic_1592,1593,29.000,28.250,0.750,0.000,experiments/output/disabled_with_jfr/run_20260131_153100
test_topic_1593,1594,32.000,30.471,1.529,0.000,experiments/output/disabled_with_jfr/run_20260131_153100
test_topic_1594,1595,31.000,29.306,1.694,0.000,experiments/output/disabled_with_jfr/run_20260131_153100
test_topic_1595,1596,37.000,34.692,2.308,0.000,experiments/output/disabled_with_jfr/run_20260131_153100
test_topic_1596,1597,31.000,28.742,2.258,0.000,experiments/output/disabled_with_jfr/run_20260131_153100
test_topic_1597,1598,31.000,29.290,1.710,0.000,experiments/output/disabled_with_jfr/run_20260131_153100
test_topic_1598,1599,32.000,30.236,1.764,0.000,experiments/output/disabled_with_jfr/run_20260131_153100
test_topic_1599,1600,32.000,29.403,2.597,0.000,experiments/output/disabled_with_jfr/run_20260131_153100
test_topic_1600,1601,34.000,31.538,2.462,0.000,experiments/output/disabled_with_jfr/run_20260131_153100
test_topic_1601,1602,50.000,47.413,2.587,0.000,experiments/output/disabled_with_jfr/run_20260131_153100
test_topic_1602,1603,35.000,30.516,4.484,0.000,experiments/output/disabled_with_jfr/run_20260131_153100
test_topic_1603,1604,33.000,29.633,3.367,1.057,experiments/output/disabled_with_jfr/run_20260131_153100
test_topic_1604,1605,34.000,31.063,2.937,1.187,experiments/output/disabled_with_jfr/run_20260131_153100
test_topic_1605,1606,31.000,29.114,1.886,0.000,experiments/output/disabled_with_jfr/run_20260131_153100
test_topic_1606,1607,31.000,29.157,1.843,0.000,experiments/output/disabled_with_jfr/run_20260131_153100
test_topic_1607,1608,32.000,29.420,2.580,0.000,experiments/output/disabled_with_jfr/run_20260131_153100
test_topic_1608,1609,43.000,31.059,11.941,8.305,experiments/output/disabled_with_jfr/run_20260131_153100
test_topic_1609,1610,32.000,29.777,2.223,0.000,experiments/output/disabled_with_jfr/run_20260131_153100
test_topic_1610,1611,32.000,28.988,3.012,0.000,experiments/output/disabled_with_jfr/run_20260131_153100
test_topic_1611,1612,31.000,29.039,1.961,0.000,experiments/output/disabled_with_jfr/run_20260131_153100
test_topic_1612,1613,35.000,32.219,2.781,1.258,experiments/output/disabled_with_jfr/run_20260131_153100
test_topic_1613,1614,32.000,29.456,2.544,0.000,experiments/output/disabled_with_jfr/run_20260131_153100
test_topic_1614,1615,32.000,28.776,3.224,0.000,experiments/output/disabled_with_jfr/run_20260131_153100
test_topic_1615,1616,33.000,28.969,4.031,1.035,experiments/output/disabled_with_jfr/run_20260131_153100
test_topic_1616,1617,33.000,31.053,1.947,0.000,experiments/output/disabled_with_jfr/run_20260131_153100
test_topic_1617,1618,32.000,29.148,2.852,1.051,experiments/output/disabled_with_jfr/run_20260131_153100
test_topic_1618,1619,32.000,29.532,2.468,0.000,experiments/output/disabled_with_jfr/run_20260131_153100
test_topic_1619,1620,32.000,29.915,2.085,0.000,experiments/output/disabled_with_jfr/run_20260131_153100
test_topic_1620,1621,32.000,29.338,2.662,0.000,experiments/output/disabled_with_jfr/run_20260131_153100
test_topic_1621,1622,33.000,30.065,2.935,0.000,experiments/output/disabled_with_jfr/run_20260131_153100
test_topic_1622,1623,31.000,29.437,1.563,0.000,experiments/output/disabled_with_jfr/run_20260131_153100
test_topic_1623,1624,32.000,30.117,1.883,0.000,experiments/output/disabled_with_jfr/run_20260131_153100
test_topic_1624,1625,32.000,30.531,1.469,0.000,experiments/output/disabled_with_jfr/run_20260131_153100
test_topic_1625,1626,45.000,43.552,1.448,0.000,experiments/output/disabled_with_jfr/run_20260131_153100
test_topic_1626,1627,34.000,31.135,2.865,1.012,experiments/output/disabled_with_jfr/run_20260131_153100
test_topic_1627,1628,34.000,30.664,3.336,1.146,experiments/output/disabled_with_jfr/run_20260131_153100
test_topic_1628,1629,2048.000,2043.854,4.146,1.561,experiments/output/disabled_with_jfr/run_20260131_153100
test_topic_1629,1630,42.000,34.746,7.254,1.996,experiments/output/disabled_with_jfr/run_20260131_153100
test_topic_1630,1631,30.000,28.838,1.162,0.000,experiments/output/disabled_with_jfr/run_20260131_153100
test_topic_1631,1632,30.000,28.405,1.595,0.000,experiments/output/disabled_with_jfr/run_20260131_153100
test_topic_1632,1633,31.000,28.916,2.084,0.000,experiments/output/disabled_with_jfr/run_20260131_153100
test_topic_1633,1634,31.000,29.154,1.846,0.000,experiments/output/disabled_with_jfr/run_20260131_153100
test_topic_1634,1635,31.000,29.283,1.717,0.000,experiments/output/disabled_with_jfr/run_20260131_153100
test_topic_1635,1636,33.000,31.159,1.841,0.000,experiments/output/disabled_with_jfr/run_20260131_153100
test_topic_1636,1637,33.000,30.813,2.187,0.000,experiments/output/disabled_with_jfr/run_20260131_153100
test_topic_1637,1638,32.000,29.431,2.569,0.000,experiments/output/disabled_with_jfr/run_20260131_153100
test_topic_1638,1639,31.000,29.518,1.482,0.000,experiments/output/disabled_with_jfr/run_20260131_153100
test_topic_1639,1640,33.000,31.027,1.973,0.000,experiments/output/disabled_with_jfr/run_20260131_153100
test_topic_1640,1641,33.000,28.970,4.030,0.000,experiments/output/disabled_with_jfr/run_20260131_153100
test_topic_1641,1642,33.000,30.758,2.242,0.000,experiments/output/disabled_with_jfr/run_20260131_153100
test_topic_1642,1643,33.000,30.912,2.088,0.000,experiments/output/disabled_with_jfr/run_20260131_153100
test_topic_1643,1644,32.000,30.269,1.731,0.000,experiments/output/disabled_with_jfr/run_20260131_153100
test_topic_1644,1645,31.000,29.389,1.611,0.000,experiments/output/disabled_with_jfr/run_20260131_153100
test_topic_1645,1646,33.000,30.629,2.371,1.150,experiments/output/disabled_with_jfr/run_20260131_153100
test_topic_1646,1647,33.000,29.970,3.030,0.000,experiments/output/disabled_with_jfr/run_20260131_153100
test_topic_1647,1648,31.000,28.986,2.014,0.000,experiments/output/disabled_with_jfr/run_20260131_153100
test_topic_1648,1649,30.000,28.461,1.539,0.000,experiments/output/disabled_with_jfr/run_20260131_153100
test_topic_1649,1650,70.000,67.487,2.513,0.000,experiments/output/disabled_with_jfr/run_20260131_153100
test_topic_1650,1651,80.000,77.666,2.334,0.000,experiments/output/disabled_with_jfr/run_20260131_153100
test_topic_1651,1652,28.000,26.563,1.437,0.000,experiments/output/disabled_with_jfr/run_20260131_153100
test_topic_1652,1653,29.000,28.382,0.618,0.000,experiments/output/disabled_with_jfr/run_20260131_153100
test_topic_1653,1654,29.000,28.427,0.573,0.000,experiments/output/disabled_with_jfr/run_20260131_153100
test_topic_1654,1655,29.000,28.233,0.767,0.000,experiments/output/disabled_with_jfr/run_20260131_153100
test_topic_1655,1656,35.000,33.235,1.765,0.000,experiments/output/disabled_with_jfr/run_20260131_153100
test_topic_1656,1657,32.000,30.101,1.899,0.000,experiments/output/disabled_with_jfr/run_20260131_153100
test_topic_1657,1658,32.000,29.837,2.163,0.000,experiments/output/disabled_with_jfr/run_20260131_153100
test_topic_1658,1659,32.000,29.359,2.641,0.000,experiments/output/disabled_with_jfr/run_20260131_153100
test_topic_1659,1660,32.000,29.314,2.686,0.000,experiments/output/disabled_with_jfr/run_20260131_153100
test_topic_1660,1661,35.000,33.592,1.408,0.000,experiments/output/disabled_with_jfr/run_20260131_153100
test_topic_1661,1662,69.000,50.718,18.282,17.805,experiments/output/disabled_with_jfr/run_20260131_153100
test_topic_1662,1663,30.000,28.385,1.615,1.064,experiments/output/disabled_with_jfr/run_20260131_153100
test_topic_1663,1664,30.000,28.361,1.639,0.000,experiments/output/disabled_with_jfr/run_20260131_153100
test_topic_1664,1665,30.000,28.635,1.365,1.018,experiments/output/disabled_with_jfr/run_20260131_153100
test_topic_1665,1666,31.000,28.859,2.141,0.000,experiments/output/disabled_with_jfr/run_20260131_153100
test_topic_1666,1667,33.000,30.617,2.383,1.408,experiments/output/disabled_with_jfr/run_20260131_153100
test_topic_1667,1668,33.000,30.521,2.479,1.011,experiments/output/disabled_with_jfr/run_20260131_153100
test_topic_1668,1669,33.000,29.830,3.170,1.270,experiments/output/disabled_with_jfr/run_20260131_153100
test_topic_1669,1670,32.000,29.736,2.264,1.068,experiments/output/disabled_with_jfr/run_20260131_153100
test_topic_1670,1671,32.000,29.797,2.203,0.000,experiments/output/disabled_with_jfr/run_20260131_153100
test_topic_1671,1672,65.000,62.100,2.900,0.000,experiments/output/disabled_with_jfr/run_20260131_153100
test_topic_1672,1673,32.000,29.398,2.602,1.017,experiments/output/disabled_with_jfr/run_20260131_153100
test_topic_1673,1674,50.000,46.792,3.208,1.401,experiments/output/disabled_with_jfr/run_20260131_153100
test_topic_1674,1675,35.000,32.350,2.650,1.100,experiments/output/disabled_with_jfr/run_20260131_153100
test_topic_1675,1676,32.000,29.971,2.029,0.000,experiments/output/disabled_with_jfr/run_20260131_153100
test_topic_1676,1677,32.000,30.147,1.853,0.000,experiments/output/disabled_with_jfr/run_20260131_153100
test_topic_1677,1678,36.000,31.635,4.365,0.000,experiments/output/disabled_with_jfr/run_20260131_153100
test_topic_1678,1679,32.000,29.487,2.513,0.000,experiments/output/disabled_with_jfr/run_20260131_153100
test_topic_1679,1680,35.000,32.495,2.505,1.184,experiments/output/disabled_with_jfr/run_20260131_153100
test_topic_1680,1681,33.000,30.822,2.178,1.309,experiments/output/disabled_with_jfr/run_20260131_153100
test_topic_1681,1682,33.000,30.370,2.630,0.000,experiments/output/disabled_with_jfr/run_20260131_153100
test_topic_1682,1683,33.000,29.664,3.336,1.326,experiments/output/disabled_with_jfr/run_20260131_153100
test_topic_1683,1684,32.000,29.922,2.078,0.000,experiments/output/disabled_with_jfr/run_20260131_153100
test_topic_1684,1685,33.000,30.137,2.863,1.158,experiments/output/disabled_with_jfr/run_20260131_153100
test_topic_1685,1686,32.000,30.395,1.605,0.000,experiments/output/disabled_with_jfr/run_20260131_153100
test_topic_1686,1687,32.000,30.349,1.651,0.000,experiments/output/disabled_with_jfr/run_20260131_153100
test_topic_1687,1688,32.000,29.437,2.563,0.000,experiments/output/disabled_with_jfr/run_20260131_153100
test_topic_1688,1689,31.000,29.266,1.734,0.000,experiments/output/disabled_with_jfr/run_20260131_153100
test_topic_1689,1690,31.000,29.201,1.799,0.000,experiments/output/disabled_with_jfr/run_20260131_153100
test_topic_1690,1691,34.000,31.741,2.259,0.000,experiments/output/disabled_with_jfr/run_20260131_153100
test_topic_1691,1692,33.000,31.150,1.850,0.000,experiments/output/disabled_with_jfr/run_20260131_153100
test_topic_1692,1693,34.000,31.472,2.528,0.000,experiments/output/disabled_with_jfr/run_20260131_153100
test_topic_1693,1694,2050.000,2037.034,12.966,9.713,experiments/output/disabled_with_jfr/run_20260131_153100
test_topic_1694,1695,90.000,87.794,2.206,1.247,experiments/output/disabled_with_jfr/run_20260131_153100
test_topic_1695,1696,99.000,95.663,3.337,1.502,experiments/output/disabled_with_jfr/run_20260131_153100
test_topic_1696,1697,101.000,96.576,4.424,1.640,experiments/output/disabled_with_jfr/run_20260131_153100
test_topic_1697,1698,122.000,119.834,2.166,1.262,experiments/output/disabled_with_jfr/run_20260131_153100
test_topic_1698,1699,107.000,102.447,4.553,3.270,experiments/output/disabled_with_jfr/run_20260131_153100
test_topic_1699,1700,30.000,28.036,1.964,1.207,experiments/output/disabled_with_jfr/run_20260131_153100
test_topic_1700,1701,32.000,29.314,2.686,1.654,experiments/output/disabled_with_jfr/run_20260131_153100
test_topic_1701,1702,105.000,102.370,2.630,0.000,experiments/output/disabled_with_jfr/run_20260131_153100
test_topic_1702,1703,82.000,80.479,1.521,0.000,experiments/output/disabled_with_jfr/run_20260131_153100
test_topic_1703,1704,74.000,73.134,0.866,0.000,experiments/output/disabled_with_jfr/run_20260131_153100
test_topic_1704,1705,104.000,101.321,2.679,1.493,experiments/output/disabled_with_jfr/run_20260131_153100
test_topic_1705,1706,66.000,65.132,0.868,0.000,experiments/output/disabled_with_jfr/run_20260131_153100
test_topic_1706,1707,31.000,29.742,1.258,0.000,experiments/output/disabled_with_jfr/run_20260131_153100
test_topic_1707,1708,33.000,30.858,2.142,0.000,experiments/output/disabled_with_jfr/run_20260131_153100
test_topic_1708,1709,32.000,30.014,1.986,0.000,experiments/output/disabled_with_jfr/run_20260131_153100
test_topic_1709,1710,31.000,28.639,2.361,0.000,experiments/output/disabled_with_jfr/run_20260131_153100
test_topic_1710,1711,33.000,31.489,1.511,0.000,experiments/output/disabled_with_jfr/run_20260131_153100
test_topic_1711,1712,32.000,29.726,2.274,0.000,experiments/output/disabled_with_jfr/run_20260131_153100
test_topic_1712,1713,32.000,30.585,1.415,0.000,experiments/output/disabled_with_jfr/run_20260131_153100
test_topic_1713,1714,33.000,30.750,2.250,0.000,experiments/output/disabled_with_jfr/run_20260131_153100
test_topic_1714,1715,33.000,30.459,2.541,0.000,experiments/output/disabled_with_jfr/run_20260131_153100
test_topic_1715,1716,35.000,31.550,3.450,0.000,experiments/output/disabled_with_jfr/run_20260131_153100
test_topic_1716,1717,31.000,29.042,1.958,0.000,experiments/output/disabled_with_jfr/run_20260131_153100
test_topic_1717,1718,33.000,31.096,1.904,0.000,experiments/output/disabled_with_jfr/run_20260131_153100
test_topic_1718,1719,32.000,29.828,2.172,0.000,experiments/output/disabled_with_jfr/run_20260131_153100
test_topic_1719,1720,32.000,30.161,1.839,0.000,experiments/output/disabled_with_jfr/run_20260131_153100
test_topic_1720,1721,45.000,43.252,1.748,0.000,experiments/output/disabled_with_jfr/run_20260131_153100
test_topic_1721,1722,32.000,28.585,3.415,0.000,experiments/output/disabled_with_jfr/run_20260131_153100
test_topic_1722,1723,30.000,28.287,1.713,0.000,experiments/output/disabled_with_jfr/run_20260131_153100
test_topic_1723,1724,31.000,28.542,2.458,0.000,experiments/output/disabled_with_jfr/run_20260131_153100
test_topic_1724,1725,31.000,28.791,2.209,0.000,experiments/output/disabled_with_jfr/run_20260131_153100
test_topic_1725,1726,33.000,31.611,1.389,0.000,experiments/output/disabled_with_jfr/run_20260131_153100
test_topic_1726,1727,58.000,56.091,1.909,0.000,experiments/output/disabled_with_jfr/run_20260131_153100
test_topic_1727,1728,69.000,67.567,1.433,0.000,experiments/output/disabled_with_jfr/run_20260131_153100
test_topic_1728,1729,30.000,28.642,1.358,0.000,experiments/output/disabled_with_jfr/run_20260131_153100
test_topic_1729,1730,29.000,27.887,1.113,0.000,experiments/output/disabled_with_jfr/run_20260131_153100
test_topic_1730,1731,31.000,29.555,1.445,0.000,experiments/output/disabled_with_jfr/run_20260131_153100
test_topic_1731,1732,30.000,28.667,1.333,0.000,experiments/output/disabled_with_jfr/run_20260131_153100
test_topic_1732,1733,31.000,28.715,2.285,0.000,experiments/output/disabled_with_jfr/run_20260131_153100
test_topic_1733,1734,31.000,29.217,1.784,0.000,experiments/output/disabled_with_jfr/run_20260131_153100
test_topic_1734,1735,33.000,30.091,2.909,0.000,experiments/output/disabled_with_jfr/run_20260131_153100
test_topic_1735,1736,31.000,29.508,1.492,0.000,experiments/output/disabled_with_jfr/run_20260131_153100
test_topic_1736,1737,31.000,28.628,2.372,0.000,experiments/output/disabled_with_jfr/run_20260131_153100
test_topic_1737,1738,32.000,29.544,2.456,0.000,experiments/output/disabled_with_jfr/run_20260131_153100
test_topic_1738,1739,32.000,30.258,1.742,0.000,experiments/output/disabled_with_jfr/run_20260131_153100
test_topic_1739,1740,31.000,29.550,1.450,0.000,experiments/output/disabled_with_jfr/run_20260131_153100
test_topic_1740,1741,32.000,28.893,3.107,0.000,experiments/output/disabled_with_jfr/run_20260131_153100
test_topic_1741,1742,32.000,29.717,2.283,0.000,experiments/output/disabled_with_jfr/run_20260131_153100
test_topic_1742,1743,2064.000,2062.036,1.964,0.000,experiments/output/disabled_with_jfr/run_20260131_153100
test_topic_1743,1744,31.000,29.340,1.660,0.000,experiments/output/disabled_with_jfr/run_20260131_153100
test_topic_1744,1745,48.000,46.004,1.996,0.000,experiments/output/disabled_with_jfr/run_20260131_153100
test_topic_1745,1746,33.000,31.246,1.754,0.000,experiments/output/disabled_with_jfr/run_20260131_153100
test_topic_1746,1747,34.000,30.032,3.968,0.000,experiments/output/disabled_with_jfr/run_20260131_153100
test_topic_1747,1748,33.000,30.661,2.339,0.000,experiments/output/disabled_with_jfr/run_20260131_153100
test_topic_1748,1749,32.000,30.476,1.524,0.000,experiments/output/disabled_with_jfr/run_20260131_153100
test_topic_1749,1750,33.000,31.137,1.863,0.000,experiments/output/disabled_with_jfr/run_20260131_153100
test_topic_1750,1751,31.000,29.076,1.924,0.000,experiments/output/disabled_with_jfr/run_20260131_153100
test_topic_1751,1752,31.000,28.936,2.064,0.000,experiments/output/disabled_with_jfr/run_20260131_153100
test_topic_1752,1753,31.000,29.584,1.416,0.000,experiments/output/disabled_with_jfr/run_20260131_153100
test_topic_1753,1754,33.000,31.215,1.785,0.000,experiments/output/disabled_with_jfr/run_20260131_153100
test_topic_1754,1755,32.000,30.005,1.995,0.000,experiments/output/disabled_with_jfr/run_20260131_153100
test_topic_1755,1756,32.000,29.924,2.076,0.000,experiments/output/disabled_with_jfr/run_20260131_153100
test_topic_1756,1757,32.000,30.110,1.890,0.000,experiments/output/disabled_with_jfr/run_20260131_153100
test_topic_1757,1758,31.000,29.376,1.624,0.000,experiments/output/disabled_with_jfr/run_20260131_153100
test_topic_1758,1759,34.000,32.078,1.922,0.000,experiments/output/disabled_with_jfr/run_20260131_153100
test_topic_1759,1760,32.000,28.679,3.321,1.051,experiments/output/disabled_with_jfr/run_20260131_153100
test_topic_1760,1761,32.000,29.843,2.157,0.000,experiments/output/disabled_with_jfr/run_20260131_153100
test_topic_1761,1762,33.000,30.552,2.448,0.000,experiments/output/disabled_with_jfr/run_20260131_153100
test_topic_1762,1763,32.000,30.336,1.664,0.000,experiments/output/disabled_with_jfr/run_20260131_153100
test_topic_1763,1764,32.000,30.224,1.776,0.000,experiments/output/disabled_with_jfr/run_20260131_153100
test_topic_1764,1765,33.000,30.545,2.455,0.000,experiments/output/disabled_with_jfr/run_20260131_153100
test_topic_1765,1766,33.000,29.807,3.193,0.000,experiments/output/disabled_with_jfr/run_20260131_153100
test_topic_1766,1767,34.000,31.710,2.290,0.000,experiments/output/disabled_with_jfr/run_20260131_153100
test_topic_1767,1768,32.000,29.524,2.476,0.000,experiments/output/disabled_with_jfr/run_20260131_153100
test_topic_1768,1769,47.000,44.232,2.768,0.000,experiments/output/disabled_with_jfr/run_20260131_153100
test_topic_1769,1770,31.000,29.537,1.463,0.000,experiments/output/disabled_with_jfr/run_20260131_153100
test_topic_1770,1771,32.000,29.591,2.409,0.000,experiments/output/disabled_with_jfr/run_20260131_153100
test_topic_1771,1772,33.000,29.986,3.014,0.000,experiments/output/disabled_with_jfr/run_20260131_153100
test_topic_1772,1773,32.000,29.644,2.356,0.000,experiments/output/disabled_with_jfr/run_20260131_153100
test_topic_1773,1774,244.000,241.404,2.596,0.000,experiments/output/disabled_with_jfr/run_20260131_153100
test_topic_1774,1775,75.000,73.609,1.391,0.000,experiments/output/disabled_with_jfr/run_20260131_153100
test_topic_1775,1776,33.000,30.433,2.567,0.000,experiments/output/disabled_with_jfr/run_20260131_153100
test_topic_1776,1777,31.000,29.408,1.592,0.000,experiments/output/disabled_with_jfr/run_20260131_153100
test_topic_1777,1778,31.000,29.374,1.626,0.000,experiments/output/disabled_with_jfr/run_20260131_153100
test_topic_1778,1779,32.000,30.309,1.691,0.000,experiments/output/disabled_with_jfr/run_20260131_153100
test_topic_1779,1780,32.000,29.947,2.053,0.000,experiments/output/disabled_with_jfr/run_20260131_153100
test_topic_1780,1781,31.000,28.972,2.028,0.000,experiments/output/disabled_with_jfr/run_20260131_153100
test_topic_1781,1782,32.000,30.091,1.909,0.000,experiments/output/disabled_with_jfr/run_20260131_153100
test_topic_1782,1783,32.000,29.708,2.292,0.000,experiments/output/disabled_with_jfr/run_20260131_153100
test_topic_1783,1784,32.000,29.740,2.260,0.000,experiments/output/disabled_with_jfr/run_20260131_153100
test_topic_1784,1785,31.000,28.741,2.259,0.000,experiments/output/disabled_with_jfr/run_20260131_153100
test_topic_1785,1786,31.000,29.473,1.527,0.000,experiments/output/disabled_with_jfr/run_20260131_153100
test_topic_1786,1787,31.000,29.288,1.712,0.000,experiments/output/disabled_with_jfr/run_20260131_153100
test_topic_1787,1788,32.000,29.519,2.481,0.000,experiments/output/disabled_with_jfr/run_20260131_153100
test_topic_1788,1789,32.000,30.056,1.944,0.000,experiments/output/disabled_with_jfr/run_20260131_153100
test_topic_1789,1790,30.000,28.474,1.526,0.000,experiments/output/disabled_with_jfr/run_20260131_153100
test_topic_1790,1791,34.000,29.165,4.835,1.406,experiments/output/disabled_with_jfr/run_20260131_153100
test_topic_1791,1792,31.000,28.704,2.296,0.000,experiments/output/disabled_with_jfr/run_20260131_153100
test_topic_1792,1793,42.000,39.939,2.061,1.014,experiments/output/disabled_with_jfr/run_20260131_153100
test_topic_1793,1794,30.000,28.400,1.600,0.000,experiments/output/disabled_with_jfr/run_20260131_153100
test_topic_1794,1795,29.000,27.923,1.077,0.000,experiments/output/disabled_with_jfr/run_20260131_153100
test_topic_1795,1796,30.000,28.201,1.799,0.000,experiments/output/disabled_with_jfr/run_20260131_153100
test_topic_1796,1797,32.000,28.443,3.557,0.000,experiments/output/disabled_with_jfr/run_20260131_153100
test_topic_1797,1798,31.000,28.818,2.182,0.000,experiments/output/disabled_with_jfr/run_20260131_153100
test_topic_1798,1799,31.000,28.916,2.084,0.000,experiments/output/disabled_with_jfr/run_20260131_153100
test_topic_1799,1800,32.000,29.798,2.202,0.000,experiments/output/disabled_with_jfr/run_20260131_153100
test_topic_1800,1801,31.000,29.388,1.612,0.000,experiments/output/disabled_with_jfr/run_20260131_153100
test_topic_1801,1802,31.000,29.325,1.675,0.000,experiments/output/disabled_with_jfr/run_20260131_153100
test_topic_1802,1803,32.000,29.981,2.019,0.000,experiments/output/disabled_with_jfr/run_20260131_153100
test_topic_1803,1804,32.000,29.942,2.058,0.000,experiments/output/disabled_with_jfr/run_20260131_153100
test_topic_1804,1805,33.000,30.291,2.709,1.002,experiments/output/disabled_with_jfr/run_20260131_153100
test_topic_1805,1806,31.000,29.587,1.413,0.000,experiments/output/disabled_with_jfr/run_20260131_153100
test_topic_1806,1807,2075.000,2072.785,2.215,0.000,experiments/output/disabled_with_jfr/run_20260131_153100
test_topic_1807,1808,87.000,85.693,1.307,0.000,experiments/output/disabled_with_jfr/run_20260131_153100
test_topic_1808,1809,103.000,99.926,3.074,2.187,experiments/output/disabled_with_jfr/run_20260131_153100
test_topic_1809,1810,177.000,101.758,75.242,72.436,experiments/output/disabled_with_jfr/run_20260131_153100
test_topic_1810,1811,104.000,101.956,2.044,0.000,experiments/output/disabled_with_jfr/run_20260131_153100
test_topic_1811,1812,99.000,94.876,4.124,2.528,experiments/output/disabled_with_jfr/run_20260131_153100
test_topic_1812,1813,91.000,87.618,3.382,2.665,experiments/output/disabled_with_jfr/run_20260131_153100
test_topic_1813,1814,30.000,27.211,2.790,2.226,experiments/output/disabled_with_jfr/run_20260131_153100
test_topic_1814,1815,28.000,26.837,1.163,0.000,experiments/output/disabled_with_jfr/run_20260131_153100
test_topic_1815,1816,75.000,28.948,46.052,44.213,experiments/output/disabled_with_jfr/run_20260131_153100
test_topic_1816,1817,103.000,100.491,2.509,1.711,experiments/output/disabled_with_jfr/run_20260131_153100
test_topic_1817,1818,31.000,29.048,1.952,1.230,experiments/output/disabled_with_jfr/run_20260131_153100
test_topic_1818,1819,31.000,29.868,1.132,0.000,experiments/output/disabled_with_jfr/run_20260131_153100
test_topic_1819,1820,32.000,29.763,2.237,0.000,experiments/output/disabled_with_jfr/run_20260131_153100
test_topic_1820,1821,33.000,31.372,1.628,0.000,experiments/output/disabled_with_jfr/run_20260131_153100
test_topic_1821,1822,33.000,30.600,2.401,1.191,experiments/output/disabled_with_jfr/run_20260131_153100
test_topic_1822,1823,31.000,29.431,1.569,0.000,experiments/output/disabled_with_jfr/run_20260131_153100
test_topic_1823,1824,32.000,29.751,2.250,0.000,experiments/output/disabled_with_jfr/run_20260131_153100
test_topic_1824,1825,33.000,30.421,2.579,0.000,experiments/output/disabled_with_jfr/run_20260131_153100
test_topic_1825,1826,31.000,29.473,1.527,0.000,experiments/output/disabled_with_jfr/run_20260131_153100
test_topic_1826,1827,32.000,29.513,2.487,0.000,experiments/output/disabled_with_jfr/run_20260131_153100
test_topic_1827,1828,33.000,30.368,2.632,0.000,experiments/output/disabled_with_jfr/run_20260131_153100
test_topic_1828,1829,32.000,29.235,2.765,0.000,experiments/output/disabled_with_jfr/run_20260131_153100
test_topic_1829,1830,55.000,53.020,1.980,0.000,experiments/output/disabled_with_jfr/run_20260131_153100
test_topic_1830,1831,73.000,70.969,2.031,0.000,experiments/output/disabled_with_jfr/run_20260131_153100
test_topic_1831,1832,31.000,29.910,1.090,0.000,experiments/output/disabled_with_jfr/run_20260131_153100
test_topic_1832,1833,29.000,27.690,1.310,0.000,experiments/output/disabled_with_jfr/run_20260131_153100
test_topic_1833,1834,29.000,26.642,2.358,0.000,experiments/output/disabled_with_jfr/run_20260131_153100
test_topic_1834,1835,31.000,28.916,2.084,0.000,experiments/output/disabled_with_jfr/run_20260131_153100
test_topic_1835,1836,34.000,32.494,1.506,0.000,experiments/output/disabled_with_jfr/run_20260131_153100
test_topic_1836,1837,32.000,30.354,1.646,0.000,experiments/output/disabled_with_jfr/run_20260131_153100
test_topic_1837,1838,31.000,29.684,1.316,0.000,experiments/output/disabled_with_jfr/run_20260131_153100
test_topic_1838,1839,33.000,30.858,2.142,0.000,experiments/output/disabled_with_jfr/run_20260131_153100
test_topic_1839,1840,47.000,44.954,2.046,0.000,experiments/output/disabled_with_jfr/run_20260131_153100
test_topic_1840,1841,34.000,29.834,4.166,0.000,experiments/output/disabled_with_jfr/run_20260131_153100
test_topic_1841,1842,32.000,29.016,2.985,0.000,experiments/output/disabled_with_jfr/run_20260131_153100
test_topic_1842,1843,36.000,33.843,2.157,0.000,experiments/output/disabled_with_jfr/run_20260131_153100
test_topic_1843,1844,31.000,29.122,1.878,0.000,experiments/output/disabled_with_jfr/run_20260131_153100
test_topic_1844,1845,39.000,36.464,2.536,0.000,experiments/output/disabled_with_jfr/run_20260131_153100
test_topic_1845,1846,41.000,38.580,2.420,0.000,experiments/output/disabled_with_jfr/run_20260131_153100
test_topic_1846,1847,31.000,28.089,2.911,1.014,experiments/output/disabled_with_jfr/run_20260131_153100
test_topic_1847,1848,31.000,29.601,1.399,0.000,experiments/output/disabled_with_jfr/run_20260131_153100
test_topic_1848,1849,33.000,30.580,2.420,0.000,experiments/output/disabled_with_jfr/run_20260131_153100
test_topic_1849,1850,55.000,43.435,11.565,6.749,experiments/output/disabled_with_jfr/run_20260131_153100
test_topic_1850,1851,29.000,26.888,2.113,0.000,experiments/output/disabled_with_jfr/run_20260131_153100
test_topic_1851,1852,30.000,27.357,2.643,1.239,experiments/output/disabled_with_jfr/run_20260131_153100
test_topic_1852,1853,29.000,28.225,0.776,0.000,experiments/output/disabled_with_jfr/run_20260131_153100
test_topic_1853,1854,29.000,27.960,1.040,0.000,experiments/output/disabled_with_jfr/run_20260131_153100
test_topic_1854,1855,33.000,30.639,2.361,0.000,experiments/output/disabled_with_jfr/run_20260131_153100
test_topic_1855,1856,31.000,29.206,1.794,0.000,experiments/output/disabled_with_jfr/run_20260131_153100
test_topic_1856,1857,32.000,30.307,1.693,0.000,experiments/output/disabled_with_jfr/run_20260131_153100
test_topic_1857,1858,32.000,30.140,1.860,0.000,experiments/output/disabled_with_jfr/run_20260131_153100
test_topic_1858,1859,31.000,29.025,1.975,0.000,experiments/output/disabled_with_jfr/run_20260131_153100
test_topic_1859,1860,33.000,29.983,3.017,0.000,experiments/output/disabled_with_jfr/run_20260131_153100
test_topic_1860,1861,32.000,29.728,2.272,0.000,experiments/output/disabled_with_jfr/run_20260131_153100
test_topic_1861,1862,33.000,30.840,2.160,0.000,experiments/output/disabled_with_jfr/run_20260131_153100
test_topic_1862,1863,33.000,31.005,1.995,0.000,experiments/output/disabled_with_jfr/run_20260131_153100
test_topic_1863,1864,47.000,45.093,1.907,0.000,experiments/output/disabled_with_jfr/run_20260131_153100
test_topic_1864,1865,32.000,29.778,2.222,0.000,experiments/output/disabled_with_jfr/run_20260131_153100
test_topic_1865,1866,33.000,29.827,3.173,0.000,experiments/output/disabled_with_jfr/run_20260131_153100
test_topic_1866,1867,33.000,31.018,1.982,0.000,experiments/output/disabled_with_jfr/run_20260131_153100
test_topic_1867,1868,33.000,30.455,2.545,0.000,experiments/output/disabled_with_jfr/run_20260131_153100
test_topic_1868,1869,32.000,29.543,2.457,0.000,experiments/output/disabled_with_jfr/run_20260131_153100
test_topic_1869,1870,33.000,31.107,1.893,0.000,experiments/output/disabled_with_jfr/run_20260131_153100
test_topic_1870,1871,33.000,31.001,1.999,0.000,experiments/output/disabled_with_jfr/run_20260131_153100
test_topic_1871,1872,33.000,29.804,3.196,0.000,experiments/output/disabled_with_jfr/run_20260131_153100
test_topic_1872,1873,31.000,29.410,1.590,0.000,experiments/output/disabled_with_jfr/run_20260131_153100
test_topic_1873,1874,32.000,29.915,2.085,0.000,experiments/output/disabled_with_jfr/run_20260131_153100
test_topic_1874,1875,33.000,30.870,2.130,0.000,experiments/output/disabled_with_jfr/run_20260131_153100
test_topic_1875,1876,32.000,29.599,2.401,0.000,experiments/output/disabled_with_jfr/run_20260131_153100
test_topic_1876,1877,32.000,30.038,1.962,0.000,experiments/output/disabled_with_jfr/run_20260131_153100
test_topic_1877,1878,35.000,30.647,4.353,0.000,experiments/output/disabled_with_jfr/run_20260131_153100
test_topic_1878,1879,32.000,29.791,2.209,0.000,experiments/output/disabled_with_jfr/run_20260131_153100
test_topic_1879,1880,34.000,31.417,2.583,0.000,experiments/output/disabled_with_jfr/run_20260131_153100
test_topic_1880,1881,32.000,30.188,1.812,0.000,experiments/output/disabled_with_jfr/run_20260131_153100
test_topic_1881,1882,33.000,31.243,1.757,0.000,experiments/output/disabled_with_jfr/run_20260131_153100
test_topic_1882,1883,32.000,30.363,1.637,0.000,experiments/output/disabled_with_jfr/run_20260131_153100
test_topic_1883,1884,36.000,31.178,4.822,2.457,experiments/output/disabled_with_jfr/run_20260131_153100
test_topic_1884,1885,33.000,31.009,1.991,0.000,experiments/output/disabled_with_jfr/run_20260131_153100
test_topic_1885,1886,33.000,30.869,2.131,0.000,experiments/output/disabled_with_jfr/run_20260131_153100
test_topic_1886,1887,32.000,30.487,1.513,0.000,experiments/output/disabled_with_jfr/run_20260131_153100
test_topic_1887,1888,46.000,43.563,2.438,0.000,experiments/output/disabled_with_jfr/run_20260131_153100
test_topic_1888,1889,2081.000,2078.854,2.146,0.000,experiments/output/disabled_with_jfr/run_20260131_153100
test_topic_1889,1890,37.000,31.984,5.016,1.716,experiments/output/disabled_with_jfr/run_20260131_153100
test_topic_1890,1891,31.000,26.754,4.246,1.562,experiments/output/disabled_with_jfr/run_20260131_153100
test_topic_1891,1892,32.000,30.607,1.393,1.090,experiments/output/disabled_with_jfr/run_20260131_153100
test_topic_1892,1893,29.000,26.927,2.073,1.192,experiments/output/disabled_with_jfr/run_20260131_153100
test_topic_1893,1894,30.000,27.974,2.026,1.441,experiments/output/disabled_with_jfr/run_20260131_153100
test_topic_1894,1895,31.000,29.857,1.143,0.000,experiments/output/disabled_with_jfr/run_20260131_153100
test_topic_1895,1896,30.000,28.288,1.712,1.067,experiments/output/disabled_with_jfr/run_20260131_153100
test_topic_1896,1897,29.000,27.163,1.837,1.122,experiments/output/disabled_with_jfr/run_20260131_153100
test_topic_1897,1898,29.000,27.374,1.626,0.000,experiments/output/disabled_with_jfr/run_20260131_153100
test_topic_1898,1899,30.000,29.105,0.895,0.000,experiments/output/disabled_with_jfr/run_20260131_153100
test_topic_1899,1900,46.000,44.365,1.635,0.000,experiments/output/disabled_with_jfr/run_20260131_153100
test_topic_1900,1901,36.000,33.458,2.542,1.028,experiments/output/disabled_with_jfr/run_20260131_153100
test_topic_1901,1902,28.000,26.569,1.431,1.053,experiments/output/disabled_with_jfr/run_20260131_153100
test_topic_1902,1903,29.000,26.919,2.081,1.201,experiments/output/disabled_with_jfr/run_20260131_153100
test_topic_1903,1904,29.000,26.919,2.081,0.000,experiments/output/disabled_with_jfr/run_20260131_153100
test_topic_1904,1905,30.000,29.044,0.956,0.000,experiments/output/disabled_with_jfr/run_20260131_153100
test_topic_1905,1906,30.000,28.513,1.487,0.000,experiments/output/disabled_with_jfr/run_20260131_153100
test_topic_1906,1907,29.000,27.833,1.167,0.000,experiments/output/disabled_with_jfr/run_20260131_153100
test_topic_1907,1908,35.000,32.839,2.161,1.022,experiments/output/disabled_with_jfr/run_20260131_153100
test_topic_1908,1909,29.000,27.172,1.828,0.000,experiments/output/disabled_with_jfr/run_20260131_153100
test_topic_1909,1910,29.000,27.919,1.081,0.000,experiments/output/disabled_with_jfr/run_20260131_153100
test_topic_1910,1911,28.000,27.092,0.908,0.000,experiments/output/disabled_with_jfr/run_20260131_153100
test_topic_1911,1912,43.000,41.872,1.128,0.000,experiments/output/disabled_with_jfr/run_20260131_153100
test_topic_1912,1913,31.000,29.742,1.258,0.000,experiments/output/disabled_with_jfr/run_20260131_153100
test_topic_1913,1914,29.000,26.960,2.040,1.055,experiments/output/disabled_with_jfr/run_20260131_153100
test_topic_1914,1915,31.000,29.131,1.869,0.000,experiments/output/disabled_with_jfr/run_20260131_153100
test_topic_1915,1916,28.000,27.259,0.741,0.000,experiments/output/disabled_with_jfr/run_20260131_153100
test_topic_1916,1917,32.000,28.308,3.692,1.189,experiments/output/disabled_with_jfr/run_20260131_153100
test_topic_1917,1918,29.000,27.299,1.701,0.000,experiments/output/disabled_with_jfr/run_20260131_153100
test_topic_1918,1919,48.000,45.200,2.800,2.133,experiments/output/disabled_with_jfr/run_20260131_153100
test_topic_1919,1920,30.000,27.348,2.652,1.402,experiments/output/disabled_with_jfr/run_20260131_153100
test_topic_1920,1921,29.000,27.975,1.025,0.000,experiments/output/disabled_with_jfr/run_20260131_153100
test_topic_1921,1922,29.000,27.293,1.707,0.000,experiments/output/disabled_with_jfr/run_20260131_153100
test_topic_1922,1923,31.000,28.772,2.228,0.000,experiments/output/disabled_with_jfr/run_20260131_153100
test_topic_1923,1924,2041.000,2039.865,1.135,0.000,experiments/output/disabled_with_jfr/run_20260131_153100
test_topic_1924,1925,99.000,97.811,1.189,0.000,experiments/output/disabled_with_jfr/run_20260131_153100
test_topic_1925,1926,108.000,104.016,3.984,2.869,experiments/output/disabled_with_jfr/run_20260131_153100
test_topic_1926,1927,119.000,115.087,3.913,2.108,experiments/output/disabled_with_jfr/run_20260131_153100
test_topic_1927,1928,121.000,115.518,5.482,3.945,experiments/output/disabled_with_jfr/run_20260131_153100
test_topic_1928,1929,174.000,96.761,77.239,73.727,experiments/output/disabled_with_jfr/run_20260131_153100
test_topic_1929,1930,83.000,80.302,2.698,1.111,experiments/output/disabled_with_jfr/run_20260131_153100
test_topic_1930,1931,31.000,29.547,1.453,1.030,experiments/output/disabled_with_jfr/run_20260131_153100
test_topic_1931,1932,91.000,84.755,6.245,4.680,experiments/output/disabled_with_jfr/run_20260131_153100
test_topic_1932,1933,30.000,28.556,1.444,0.000,experiments/output/disabled_with_jfr/run_20260131_153100
test_topic_1933,1934,33.000,31.557,1.443,0.000,experiments/output/disabled_with_jfr/run_20260131_153100
test_topic_1934,1935,115.000,42.785,72.215,71.832,experiments/output/disabled_with_jfr/run_20260131_153100
test_topic_1935,1936,30.000,28.604,1.396,0.000,experiments/output/disabled_with_jfr/run_20260131_153100
test_topic_1936,1937,30.000,28.473,1.527,0.000,experiments/output/disabled_with_jfr/run_20260131_153100
test_topic_1937,1938,31.000,29.169,1.831,0.000,experiments/output/disabled_with_jfr/run_20260131_153100
test_topic_1938,1939,31.000,29.158,1.842,0.000,experiments/output/disabled_with_jfr/run_20260131_153100
test_topic_1939,1940,31.000,29.198,1.802,0.000,experiments/output/disabled_with_jfr/run_20260131_153100
test_topic_1940,1941,34.000,31.644,2.356,0.000,experiments/output/disabled_with_jfr/run_20260131_153100
test_topic_1941,1942,33.000,28.934,4.066,0.000,experiments/output/disabled_with_jfr/run_20260131_153100
test_topic_1942,1943,31.000,28.860,2.140,0.000,experiments/output/disabled_with_jfr/run_20260131_153100
test_topic_1943,1944,33.000,30.651,2.349,0.000,experiments/output/disabled_with_jfr/run_20260131_153100
test_topic_1944,1945,35.000,32.916,2.084,0.000,experiments/output/disabled_with_jfr/run_20260131_153100
test_topic_1945,1946,79.000,76.016,2.984,1.127,experiments/output/disabled_with_jfr/run_20260131_153100
test_topic_1946,1947,34.000,31.859,2.141,0.000,experiments/output/disabled_with_jfr/run_20260131_153100
test_topic_1947,1948,32.000,30.159,1.841,0.000,experiments/output/disabled_with_jfr/run_20260131_153100
test_topic_1948,1949,30.000,28.197,1.803,0.000,experiments/output/disabled_with_jfr/run_20260131_153100
test_topic_1949,1950,28.000,27.076,0.924,0.000,experiments/output/disabled_with_jfr/run_20260131_153100
test_topic_1950,1951,36.000,35.137,0.863,0.000,experiments/output/disabled_with_jfr/run_20260131_153100
test_topic_1951,1952,31.000,29.758,1.242,0.000,experiments/output/disabled_with_jfr/run_20260131_153100
test_topic_1952,1953,33.000,30.886,2.114,1.018,experiments/output/disabled_with_jfr/run_20260131_153100
test_topic_1953,1954,31.000,28.720,2.280,0.000,experiments/output/disabled_with_jfr/run_20260131_153100
test_topic_1954,1955,33.000,30.048,2.952,0.000,experiments/output/disabled_with_jfr/run_20260131_153100
test_topic_1955,1956,33.000,30.824,2.176,0.000,experiments/output/disabled_with_jfr/run_20260131_153100
test_topic_1956,1957,41.000,38.845,2.155,0.000,experiments/output/disabled_with_jfr/run_20260131_153100
test_topic_1957,1958,38.000,35.264,2.736,0.000,experiments/output/disabled_with_jfr/run_20260131_153100
test_topic_1958,1959,46.000,43.915,2.085,0.000,experiments/output/disabled_with_jfr/run_20260131_153100
test_topic_1959,1960,41.000,37.757,3.243,1.109,experiments/output/disabled_with_jfr/run_20260131_153100
test_topic_1960,1961,38.000,35.809,2.191,1.121,experiments/output/disabled_with_jfr/run_20260131_153100
test_topic_1961,1962,33.000,31.035,1.965,1.023,experiments/output/disabled_with_jfr/run_20260131_153100
test_topic_1962,1963,38.000,35.721,2.279,0.000,experiments/output/disabled_with_jfr/run_20260131_153100
test_topic_1963,1964,32.000,29.939,2.061,0.000,experiments/output/disabled_with_jfr/run_20260131_153100
test_topic_1964,1965,31.000,29.559,1.441,0.000,experiments/output/disabled_with_jfr/run_20260131_153100
test_topic_1965,1966,32.000,29.771,2.229,0.000,experiments/output/disabled_with_jfr/run_20260131_153100
test_topic_1966,1967,33.000,30.998,2.002,0.000,experiments/output/disabled_with_jfr/run_20260131_153100
test_topic_1967,1968,34.000,31.105,2.895,0.000,experiments/output/disabled_with_jfr/run_20260131_153100
test_topic_1968,1969,32.000,29.980,2.020,0.000,experiments/output/disabled_with_jfr/run_20260131_153100
test_topic_1969,1970,31.000,28.349,2.651,0.000,experiments/output/disabled_with_jfr/run_20260131_153100
test_topic_1970,1971,31.000,28.930,2.070,0.000,experiments/output/disabled_with_jfr/run_20260131_153100
test_topic_1971,1972,32.000,30.020,1.980,0.000,experiments/output/disabled_with_jfr/run_20260131_153100
test_topic_1972,1973,32.000,29.435,2.565,0.000,experiments/output/disabled_with_jfr/run_20260131_153100
test_topic_1973,1974,35.000,30.202,4.798,1.133,experiments/output/disabled_with_jfr/run_20260131_153100
test_topic_1974,1975,32.000,30.377,1.623,0.000,experiments/output/disabled_with_jfr/run_20260131_153100
test_topic_1975,1976,32.000,30.001,1.999,0.000,experiments/output/disabled_with_jfr/run_20260131_153100
test_topic_1976,1977,36.000,33.468,2.532,0.000,experiments/output/disabled_with_jfr/run_20260131_153100
test_topic_1977,1978,32.000,30.137,1.863,0.000,experiments/output/disabled_with_jfr/run_20260131_153100
test_topic_1978,1979,32.000,29.681,2.319,1.232,experiments/output/disabled_with_jfr/run_20260131_153100
test_topic_1979,1980,33.000,29.315,3.685,0.000,experiments/output/disabled_with_jfr/run_20260131_153100
test_topic_1980,1981,33.000,30.330,2.670,0.000,experiments/output/disabled_with_jfr/run_20260131_153100
test_topic_1981,1982,31.000,28.949,2.051,0.000,experiments/output/disabled_with_jfr/run_20260131_153100
test_topic_1982,1983,46.000,43.895,2.105,0.000,experiments/output/disabled_with_jfr/run_20260131_153100
test_topic_1983,1984,31.000,28.763,2.237,0.000,experiments/output/disabled_with_jfr/run_20260131_153100
test_topic_1984,1985,32.000,30.132,1.868,0.000,experiments/output/disabled_with_jfr/run_20260131_153100
test_topic_1985,1986,32.000,28.808,3.192,0.000,experiments/output/disabled_with_jfr/run_20260131_153100
test_topic_1986,1987,32.000,30.493,1.507,0.000,experiments/output/disabled_with_jfr/run_20260131_153100
test_topic_1987,1988,33.000,30.760,2.240,0.000,experiments/output/disabled_with_jfr/run_20260131_153100
test_topic_1988,1989,32.000,30.440,1.560,0.000,experiments/output/disabled_with_jfr/run_20260131_153100
test_topic_1989,1990,31.000,29.071,1.929,0.000,experiments/output/disabled_with_jfr/run_20260131_153100
test_topic_1990,1991,31.000,29.118,1.882,0.000,experiments/output/disabled_with_jfr/run_20260131_153100
test_topic_1991,1992,33.000,30.792,2.208,0.000,experiments/output/disabled_with_jfr/run_20260131_153100
test_topic_1992,1993,36.000,33.576,2.424,0.000,experiments/output/disabled_with_jfr/run_20260131_153100
test_topic_1993,1994,33.000,30.931,2.069,0.000,experiments/output/disabled_with_jfr/run_20260131_153100
test_topic_1994,1995,32.000,29.903,2.097,0.000,experiments/output/disabled_with_jfr/run_20260131_153100
test_topic_1995,1996,31.000,29.555,1.445,0.000,experiments/output/disabled_with_jfr/run_20260131_153100
test_topic_1996,1997,32.000,30.024,1.976,0.000,experiments/output/disabled_with_jfr/run_20260131_153100
test_topic_1997,1998,33.000,30.661,2.339,1.180,experiments/output/disabled_with_jfr/run_20260131_153100
test_topic_1998,1999,32.000,29.813,2.187,0.000,experiments/output/disabled_with_jfr/run_20260131_153100
test_topic_1999,2000,32.000,30.091,1.909,0.000,experiments/output/disabled_with_jfr/run_20260131_153100
test_topic_2000,2001,32.000,29.657,2.343,0.000,experiments/output/disabled_with_jfr/run_20260131_153100
test_topic_2001,2002,33.000,31.284,1.716,0.000,experiments/output/disabled_with_jfr/run_20260131_153100
test_topic_2002,2003,2066.000,2064.050,1.950,1.085,experiments/output/disabled_with_jfr/run_20260131_153100
test_topic_2003,2004,44.000,34.957,9.043,2.421,experiments/output/disabled_with_jfr/run_20260131_153100
test_topic_2004,2005,37.000,32.505,4.495,1.056,experiments/output/disabled_with_jfr/run_20260131_153100
test_topic_2005,2006,30.000,27.952,2.048,1.185,experiments/output/disabled_with_jfr/run_20260131_153100
test_topic_2006,2007,41.000,39.990,1.010,0.000,experiments/output/disabled_with_jfr/run_20260131_153100
test_topic_2007,2008,32.000,29.176,2.824,2.006,experiments/output/disabled_with_jfr/run_20260131_153100
test_topic_2008,2009,31.000,29.157,1.843,0.000,experiments/output/disabled_with_jfr/run_20260131_153100
test_topic_2009,2010,31.000,29.236,1.764,0.000,experiments/output/disabled_with_jfr/run_20260131_153100
test_topic_2010,2011,35.000,30.422,4.578,0.000,experiments/output/disabled_with_jfr/run_20260131_153100
test_topic_2011,2012,32.000,29.108,2.892,0.000,experiments/output/disabled_with_jfr/run_20260131_153100
test_topic_2012,2013,32.000,30.227,1.773,0.000,experiments/output/disabled_with_jfr/run_20260131_153100
test_topic_2013,2014,32.000,30.397,1.603,0.000,experiments/output/disabled_with_jfr/run_20260131_153100
test_topic_2014,2015,32.000,30.109,1.891,0.000,experiments/output/disabled_with_jfr/run_20260131_153100
test_topic_2015,2016,32.000,29.804,2.196,0.000,experiments/output/disabled_with_jfr/run_20260131_153100
test_topic_2016,2017,34.000,30.219,3.781,0.000,experiments/output/disabled_with_jfr/run_20260131_153100
test_topic_2017,2018,32.000,29.490,2.510,0.000,experiments/output/disabled_with_jfr/run_20260131_153100
test_topic_2018,2019,32.000,30.090,1.910,0.000,experiments/output/disabled_with_jfr/run_20260131_153100
test_topic_2019,2020,31.000,29.189,1.811,0.000,experiments/output/disabled_with_jfr/run_20260131_153100
test_topic_2020,2021,30.000,28.577,1.423,0.000,experiments/output/disabled_with_jfr/run_20260131_153100
test_topic_2021,2022,32.000,30.324,1.677,0.000,experiments/output/disabled_with_jfr/run_20260131_153100
test_topic_2022,2023,34.000,30.215,3.785,0.000,experiments/output/disabled_with_jfr/run_20260131_153100
test_topic_2023,2024,32.000,30.069,1.931,0.000,experiments/output/disabled_with_jfr/run_20260131_153100
test_topic_2024,2025,35.000,30.600,4.400,1.040,experiments/output/disabled_with_jfr/run_20260131_153100
test_topic_2025,2026,31.000,28.712,2.288,0.000,experiments/output/disabled_with_jfr/run_20260131_153100
test_topic_2026,2027,31.000,29.450,1.550,0.000,experiments/output/disabled_with_jfr/run_20260131_153100
test_topic_2027,2028,30.000,28.366,1.634,0.000,experiments/output/disabled_with_jfr/run_20260131_153100
test_topic_2028,2029,33.000,29.129,3.871,0.000,experiments/output/disabled_with_jfr/run_20260131_153100
test_topic_2029,2030,32.000,30.473,1.527,0.000,experiments/output/disabled_with_jfr/run_20260131_153100
test_topic_2030,2031,46.000,43.801,2.199,0.000,experiments/output/disabled_with_jfr/run_20260131_153100
test_topic_2031,2032,32.000,29.792,2.208,0.000,experiments/output/disabled_with_jfr/run_20260131_153100
test_topic_2032,2033,31.000,29.127,1.873,0.000,experiments/output/disabled_with_jfr/run_20260131_153100
test_topic_2033,2034,32.000,30.611,1.389,0.000,experiments/output/disabled_with_jfr/run_20260131_153100
test_topic_2034,2035,32.000,28.911,3.089,0.000,experiments/output/disabled_with_jfr/run_20260131_153100
test_topic_2035,2036,2072.000,2069.821,2.179,0.000,experiments/output/disabled_with_jfr/run_20260131_153100
test_topic_2036,2037,29.000,26.870,2.130,1.233,experiments/output/disabled_with_jfr/run_20260131_153100
test_topic_2037,2038,34.000,31.367,2.633,1.777,experiments/output/disabled_with_jfr/run_20260131_153100
test_topic_2038,2039,96.000,93.123,2.877,1.713,experiments/output/disabled_with_jfr/run_20260131_153100
test_topic_2039,2040,99.000,97.484,1.516,0.000,experiments/output/disabled_with_jfr/run_20260131_153100
test_topic_2040,2041,107.000,103.947,3.053,2.774,experiments/output/disabled_with_jfr/run_20260131_153100
test_topic_2041,2042,102.000,100.525,1.475,0.000,experiments/output/disabled_with_jfr/run_20260131_153100
test_topic_2042,2043,30.000,27.980,2.020,1.089,experiments/output/disabled_with_jfr/run_20260131_153100
test_topic_2043,2044,102.000,100.562,1.438,0.000,experiments/output/disabled_with_jfr/run_20260131_153100
test_topic_2044,2045,97.000,28.218,68.782,68.244,experiments/output/disabled_with_jfr/run_20260131_153100
test_topic_2045,2046,30.000,27.505,2.495,1.574,experiments/output/disabled_with_jfr/run_20260131_153100
test_topic_2046,2047,31.000,28.769,2.231,1.957,experiments/output/disabled_with_jfr/run_20260131_153100
test_topic_2047,2048,106.000,102.934,3.066,1.690,experiments/output/disabled_with_jfr/run_20260131_153100
test_topic_2048,2049,32.000,30.270,1.730,0.000,experiments/output/disabled_with_jfr/run_20260131_153100
test_topic_2049,2050,31.000,29.437,1.563,0.000,experiments/output/disabled_with_jfr/run_20260131_153100
test_topic_2050,2051,32.000,29.607,2.393,0.000,experiments/output/disabled_with_jfr/run_20260131_153100
test_topic_2051,2052,31.000,29.374,1.626,0.000,experiments/output/disabled_with_jfr/run_20260131_153100
test_topic_2052,2053,38.000,35.819,2.181,0.000,experiments/output/disabled_with_jfr/run_20260131_153100
test_topic_2053,2054,96.000,93.084,2.916,1.030,experiments/output/disabled_with_jfr/run_20260131_153100
test_topic_2054,2055,36.000,33.918,2.082,0.000,experiments/output/disabled_with_jfr/run_20260131_153100
test_topic_2055,2056,29.000,27.551,1.449,0.000,experiments/output/disabled_with_jfr/run_20260131_153100
test_topic_2056,2057,29.000,27.594,1.406,0.000,experiments/output/disabled_with_jfr/run_20260131_153100
test_topic_2057,2058,30.000,28.242,1.758,0.000,experiments/output/disabled_with_jfr/run_20260131_153100
test_topic_2058,2059,30.000,28.834,1.166,0.000,experiments/output/disabled_with_jfr/run_20260131_153100
test_topic_2059,2060,32.000,30.207,1.793,0.000,experiments/output/disabled_with_jfr/run_20260131_153100
test_topic_2060,2061,32.000,28.271,3.729,0.000,experiments/output/disabled_with_jfr/run_20260131_153100
test_topic_2061,2062,32.000,29.809,2.191,0.000,experiments/output/disabled_with_jfr/run_20260131_153100
test_topic_2062,2063,31.000,29.539,1.461,0.000,experiments/output/disabled_with_jfr/run_20260131_153100
test_topic_2063,2064,39.000,37.356,1.644,0.000,experiments/output/disabled_with_jfr/run_20260131_153100
test_topic_2064,2065,49.000,47.169,1.831,0.000,experiments/output/disabled_with_jfr/run_20260131_153100
test_topic_2065,2066,32.000,30.310,1.690,0.000,experiments/output/disabled_with_jfr/run_20260131_153100
test_topic_2066,2067,32.000,28.228,3.772,0.000,experiments/output/disabled_with_jfr/run_20260131_153100
test_topic_2067,2068,31.000,28.755,2.245,0.000,experiments/output/disabled_with_jfr/run_20260131_153100
test_topic_2068,2069,32.000,30.097,1.903,0.000,experiments/output/disabled_with_jfr/run_20260131_153100
test_topic_2069,2070,33.000,30.923,2.078,0.000,experiments/output/disabled_with_jfr/run_20260131_153100
test_topic_2070,2071,32.000,30.414,1.586,0.000,experiments/output/disabled_with_jfr/run_20260131_153100
test_topic_2071,2072,32.000,29.101,2.899,1.153,experiments/output/disabled_with_jfr/run_20260131_153100
test_topic_2072,2073,29.000,27.422,1.578,0.000,experiments/output/disabled_with_jfr/run_20260131_153100
test_topic_2073,2074,31.000,30.107,0.893,0.000,experiments/output/disabled_with_jfr/run_20260131_153100
test_topic_2074,2075,29.000,27.203,1.797,0.000,experiments/output/disabled_with_jfr/run_20260131_153100
test_topic_2075,2076,33.000,31.526,1.474,0.000,experiments/output/disabled_with_jfr/run_20260131_153100
test_topic_2076,2077,30.000,28.669,1.331,0.000,experiments/output/disabled_with_jfr/run_20260131_153100
test_topic_2077,2078,45.000,43.250,1.750,0.000,experiments/output/disabled_with_jfr/run_20260131_153100
test_topic_2078,2079,32.000,30.189,1.811,0.000,experiments/output/disabled_with_jfr/run_20260131_153100
test_topic_2079,2080,33.000,29.960,3.040,0.000,experiments/output/disabled_with_jfr/run_20260131_153100
test_topic_2080,2081,34.000,32.217,1.783,0.000,experiments/output/disabled_with_jfr/run_20260131_153100
test_topic_2081,2082,32.000,29.607,2.393,0.000,experiments/output/disabled_with_jfr/run_20260131_153100
test_topic_2082,2083,32.000,30.140,1.860,0.000,experiments/output/disabled_with_jfr/run_20260131_153100
test_topic_2083,2084,32.000,30.106,1.894,0.000,experiments/output/disabled_with_jfr/run_20260131_153100
test_topic_2084,2085,31.000,29.262,1.738,0.000,experiments/output/disabled_with_jfr/run_20260131_153100
test_topic_2085,2086,31.000,28.465,2.535,0.000,experiments/output/disabled_with_jfr/run_20260131_153100
test_topic_2086,2087,31.000,29.708,1.292,0.000,experiments/output/disabled_with_jfr/run_20260131_153100
test_topic_2087,2088,42.000,38.800,3.200,1.875,experiments/output/disabled_with_jfr/run_20260131_153100
test_topic_2088,2089,32.000,29.379,2.621,0.000,experiments/output/disabled_with_jfr/run_20260131_153100
test_topic_2089,2090,30.000,28.009,1.991,0.000,experiments/output/disabled_with_jfr/run_20260131_153100
test_topic_2090,2091,33.000,31.062,1.938,0.000,experiments/output/disabled_with_jfr/run_20260131_153100
test_topic_2091,2092,33.000,30.008,2.992,0.000,experiments/output/disabled_with_jfr/run_20260131_153100
test_topic_2092,2093,31.000,29.129,1.871,0.000,experiments/output/disabled_with_jfr/run_20260131_153100
test_topic_2093,2094,31.000,29.045,1.955,0.000,experiments/output/disabled_with_jfr/run_20260131_153100
test_topic_2094,2095,31.000,29.262,1.738,0.000,experiments/output/disabled_with_jfr/run_20260131_153100
test_topic_2095,2096,31.000,29.287,1.713,0.000,experiments/output/disabled_with_jfr/run_20260131_153100
test_topic_2096,2097,31.000,29.248,1.752,0.000,experiments/output/disabled_with_jfr/run_20260131_153100
test_topic_2097,2098,33.000,29.324,3.676,0.000,experiments/output/disabled_with_jfr/run_20260131_153100
test_topic_2098,2099,31.000,29.353,1.647,0.000,experiments/output/disabled_with_jfr/run_20260131_153100
test_topic_2099,2100,33.000,30.384,2.616,0.000,experiments/output/disabled_with_jfr/run_20260131_153100
test_topic_2100,2101,32.000,29.977,2.023,0.000,experiments/output/disabled_with_jfr/run_20260131_153100
test_topic_2101,2102,48.000,45.691,2.309,0.000,experiments/output/disabled_with_jfr/run_20260131_153100
test_topic_2102,2103,32.000,29.429,2.571,0.000,experiments/output/disabled_with_jfr/run_20260131_153100
test_topic_2103,2104,34.000,31.932,2.068,0.000,experiments/output/disabled_with_jfr/run_20260131_153100
test_topic_2104,2105,35.000,33.310,1.690,1.131,experiments/output/disabled_with_jfr/run_20260131_153100
test_topic_2105,2106,34.000,31.398,2.602,1.313,experiments/output/disabled_with_jfr/run_20260131_153100
test_topic_2106,2107,33.000,30.043,2.957,0.000,experiments/output/disabled_with_jfr/run_20260131_153100
test_topic_2107,2108,34.000,31.746,2.254,0.000,experiments/output/disabled_with_jfr/run_20260131_153100
test_topic_2108,2109,33.000,30.751,2.249,0.000,experiments/output/disabled_with_jfr/run_20260131_153100
test_topic_2109,2110,33.000,30.754,2.246,0.000,experiments/output/disabled_with_jfr/run_20260131_153100
test_topic_2110,2111,34.000,30.650,3.350,0.000,experiments/output/disabled_with_jfr/run_20260131_153100
test_topic_2111,2112,33.000,31.092,1.908,0.000,experiments/output/disabled_with_jfr/run_20260131_153100
test_topic_2112,2113,31.000,29.395,1.605,0.000,experiments/output/disabled_with_jfr/run_20260131_153100
test_topic_2113,2114,33.000,31.358,1.642,0.000,experiments/output/disabled_with_jfr/run_20260131_153100
test_topic_2114,2115,33.000,30.911,2.089,0.000,experiments/output/disabled_with_jfr/run_20260131_153100
test_topic_2115,2116,34.000,31.671,2.329,1.029,experiments/output/disabled_with_jfr/run_20260131_153100
test_topic_2116,2117,34.000,30.382,3.618,0.000,experiments/output/disabled_with_jfr/run_20260131_153100
test_topic_2117,2118,32.000,29.634,2.366,0.000,experiments/output/disabled_with_jfr/run_20260131_153100
test_topic_2118,2119,2054.000,2052.229,1.771,0.000,experiments/output/disabled_with_jfr/run_20260131_153100
test_topic_2119,2120,41.000,32.032,8.968,3.290,experiments/output/disabled_with_jfr/run_20260131_153100
test_topic_2120,2121,31.000,29.398,1.602,0.000,experiments/output/disabled_with_jfr/run_20260131_153100
test_topic_2121,2122,33.000,30.723,2.277,0.000,experiments/output/disabled_with_jfr/run_20260131_153100
test_topic_2122,2123,33.000,29.814,3.186,0.000,experiments/output/disabled_with_jfr/run_20260131_153100
test_topic_2123,2124,32.000,30.477,1.523,0.000,experiments/output/disabled_with_jfr/run_20260131_153100
test_topic_2124,2125,32.000,30.153,1.847,0.000,experiments/output/disabled_with_jfr/run_20260131_153100
test_topic_2125,2126,40.000,37.791,2.209,0.000,experiments/output/disabled_with_jfr/run_20260131_153100
test_topic_2126,2127,30.000,28.202,1.798,0.000,experiments/output/disabled_with_jfr/run_20260131_153100
test_topic_2127,2128,30.000,28.201,1.799,0.000,experiments/output/disabled_with_jfr/run_20260131_153100
test_topic_2128,2129,32.000,29.764,2.236,0.000,experiments/output/disabled_with_jfr/run_20260131_153100
test_topic_2129,2130,33.000,30.658,2.342,0.000,experiments/output/disabled_with_jfr/run_20260131_153100
test_topic_2130,2131,32.000,29.318,2.682,0.000,experiments/output/disabled_with_jfr/run_20260131_153100
test_topic_2131,2132,33.000,30.484,2.516,0.000,experiments/output/disabled_with_jfr/run_20260131_153100
test_topic_2132,2133,30.000,28.009,1.991,0.000,experiments/output/disabled_with_jfr/run_20260131_153100
test_topic_2133,2134,66.000,63.375,2.625,0.000,experiments/output/disabled_with_jfr/run_20260131_153100
test_topic_2134,2135,32.000,29.430,2.570,1.052,experiments/output/disabled_with_jfr/run_20260131_153100
test_topic_2135,2136,31.000,27.892,3.108,1.059,experiments/output/disabled_with_jfr/run_20260131_153100
test_topic_2136,2137,30.000,28.272,1.728,0.000,experiments/output/disabled_with_jfr/run_20260131_153100
test_topic_2137,2138,29.000,27.284,1.717,0.000,experiments/output/disabled_with_jfr/run_20260131_153100
test_topic_2138,2139,30.000,28.397,1.603,0.000,experiments/output/disabled_with_jfr/run_20260131_153100
test_topic_2139,2140,31.000,29.168,1.832,0.000,experiments/output/disabled_with_jfr/run_20260131_153100
test_topic_2140,2141,35.000,31.385,3.615,1.608,experiments/output/disabled_with_jfr/run_20260131_153100
test_topic_2141,2142,34.000,31.479,2.521,0.000,experiments/output/disabled_with_jfr/run_20260131_153100
test_topic_2142,2143,31.000,28.887,2.113,0.000,experiments/output/disabled_with_jfr/run_20260131_153100
test_topic_2143,2144,32.000,30.171,1.829,0.000,experiments/output/disabled_with_jfr/run_20260131_153100
test_topic_2144,2145,32.000,30.189,1.811,0.000,experiments/output/disabled_with_jfr/run_20260131_153100
test_topic_2145,2146,33.000,30.861,2.139,0.000,experiments/output/disabled_with_jfr/run_20260131_153100
test_topic_2146,2147,31.000,28.964,2.036,1.000,experiments/output/disabled_with_jfr/run_20260131_153100
test_topic_2147,2148,32.000,29.400,2.600,0.000,experiments/output/disabled_with_jfr/run_20260131_153100
test_topic_2148,2149,31.000,29.246,1.754,0.000,experiments/output/disabled_with_jfr/run_20260131_153100
test_topic_2149,2150,46.000,43.736,2.264,0.000,experiments/output/disabled_with_jfr/run_20260131_153100
test_topic_2150,2151,31.000,28.755,2.246,0.000,experiments/output/disabled_with_jfr/run_20260131_153100
test_topic_2151,2152,2079.000,2077.223,1.777,0.000,experiments/output/disabled_with_jfr/run_20260131_153100
test_topic_2152,2153,29.000,27.400,1.600,0.000,experiments/output/disabled_with_jfr/run_20260131_153100
test_topic_2153,2154,104.000,101.674,2.326,0.000,experiments/output/disabled_with_jfr/run_20260131_153100
test_topic_2154,2155,102.000,99.041,2.959,1.463,experiments/output/disabled_with_jfr/run_20260131_153100
test_topic_2155,2156,102.000,99.617,2.383,1.528,experiments/output/disabled_with_jfr/run_20260131_153100
test_topic_2156,2157,105.000,102.547,2.453,1.459,experiments/output/disabled_with_jfr/run_20260131_153100
test_topic_2157,2158,88.000,86.380,1.620,0.000,experiments/output/disabled_with_jfr/run_20260131_153100
test_topic_2158,2159,107.000,103.070,3.930,1.039,experiments/output/disabled_with_jfr/run_20260131_153100
test_topic_2159,2160,86.000,83.064,2.936,0.000,experiments/output/disabled_with_jfr/run_20260131_153100
test_topic_2160,2161,31.000,29.623,1.377,0.000,experiments/output/disabled_with_jfr/run_20260131_153100
test_topic_2161,2162,30.000,28.322,1.678,0.000,experiments/output/disabled_with_jfr/run_20260131_153100
test_topic_2162,2163,104.000,100.758,3.242,1.221,experiments/output/disabled_with_jfr/run_20260131_153100
test_topic_2163,2164,28.000,27.108,0.892,0.000,experiments/output/disabled_with_jfr/run_20260131_153100
test_topic_2164,2165,31.000,27.997,3.003,1.091,experiments/output/disabled_with_jfr/run_20260131_153100
test_topic_2165,2166,31.000,28.803,2.197,0.000,experiments/output/disabled_with_jfr/run_20260131_153100
test_topic_2166,2167,33.000,30.308,2.692,0.000,experiments/output/disabled_with_jfr/run_20260131_153100
test_topic_2167,2168,37.000,33.936,3.064,1.058,experiments/output/disabled_with_jfr/run_20260131_153100
test_topic_2168,2169,34.000,31.066,2.934,1.216,experiments/output/disabled_with_jfr/run_20260131_153100
test_topic_2169,2170,31.000,29.090,1.910,0.000,experiments/output/disabled_with_jfr/run_20260131_153100
test_topic_2170,2171,31.000,29.352,1.648,0.000,experiments/output/disabled_with_jfr/run_20260131_153100
test_topic_2171,2172,31.000,29.449,1.551,0.000,experiments/output/disabled_with_jfr/run_20260131_153100
test_topic_2172,2173,40.000,36.065,3.935,0.000,experiments/output/disabled_with_jfr/run_20260131_153100
test_topic_2173,2174,30.000,28.192,1.808,0.000,experiments/output/disabled_with_jfr/run_20260131_153100
test_topic_2174,2175,31.000,28.881,2.119,0.000,experiments/output/disabled_with_jfr/run_20260131_153100
test_topic_2175,2176,32.000,29.631,2.369,0.000,experiments/output/disabled_with_jfr/run_20260131_153100
test_topic_2176,2177,32.000,29.874,2.126,0.000,experiments/output/disabled_with_jfr/run_20260131_153100
test_topic_2177,2178,31.000,28.884,2.116,0.000,experiments/output/disabled_with_jfr/run_20260131_153100
test_topic_2178,2179,37.000,34.305,2.695,0.000,experiments/output/disabled_with_jfr/run_20260131_153100
test_topic_2179,2180,90.000,88.093,1.907,0.000,experiments/output/disabled_with_jfr/run_20260131_153100
test_topic_2180,2181,29.000,27.622,1.378,0.000,experiments/output/disabled_with_jfr/run_20260131_153100
test_topic_2181,2182,31.000,29.663,1.337,0.000,experiments/output/disabled_with_jfr/run_20260131_153100
test_topic_2182,2183,31.000,29.270,1.730,0.000,experiments/output/disabled_with_jfr/run_20260131_153100
test_topic_2183,2184,30.000,27.484,2.516,1.191,experiments/output/disabled_with_jfr/run_20260131_153100
test_topic_2184,2185,30.000,27.981,2.019,0.000,experiments/output/disabled_with_jfr/run_20260131_153100
test_topic_2185,2186,31.000,28.806,2.195,0.000,experiments/output/disabled_with_jfr/run_20260131_153100
test_topic_2186,2187,31.000,29.319,1.681,0.000,experiments/output/disabled_with_jfr/run_20260131_153100
test_topic_2187,2188,32.000,30.545,1.455,0.000,experiments/output/disabled_with_jfr/run_20260131_153100
test_topic_2188,2189,32.000,29.356,2.644,0.000,experiments/output/disabled_with_jfr/run_20260131_153100
test_topic_2189,2190,31.000,29.550,1.450,0.000,experiments/output/disabled_with_jfr/run_20260131_153100
test_topic_2190,2191,33.000,30.690,2.310,0.000,experiments/output/disabled_with_jfr/run_20260131_153100
test_topic_2191,2192,33.000,29.076,3.924,0.000,experiments/output/disabled_with_jfr/run_20260131_153100
test_topic_2192,2193,33.000,30.489,2.511,0.000,experiments/output/disabled_with_jfr/run_20260131_153100
test_topic_2193,2194,33.000,30.309,2.691,0.000,experiments/output/disabled_with_jfr/run_20260131_153100
test_topic_2194,2195,34.000,32.155,1.845,0.000,experiments/output/disabled_with_jfr/run_20260131_153100
test_topic_2195,2196,32.000,30.088,1.912,0.000,experiments/output/disabled_with_jfr/run_20260131_153100
test_topic_2196,2197,40.000,37.733,2.267,0.000,experiments/output/disabled_with_jfr/run_20260131_153100
test_topic_2197,2198,34.000,30.135,3.865,0.000,experiments/output/disabled_with_jfr/run_20260131_153100
test_topic_2198,2199,33.000,30.901,2.099,0.000,experiments/output/disabled_with_jfr/run_20260131_153100
test_topic_2199,2200,38.000,34.524,3.476,1.733,experiments/output/disabled_with_jfr/run_20260131_153100
test_topic_2200,2201,31.000,29.070,1.930,0.000,experiments/output/disabled_with_jfr/run_20260131_153100
test_topic_2201,2202,32.000,29.386,2.614,1.313,experiments/output/disabled_with_jfr/run_20260131_153100
test_topic_2202,2203,29.000,27.874,1.126,0.000,experiments/output/disabled_with_jfr/run_20260131_153100
test_topic_2203,2204,30.000,28.190,1.810,0.000,experiments/output/disabled_with_jfr/run_20260131_153100
test_topic_2204,2205,31.000,28.710,2.290,0.000,experiments/output/disabled_with_jfr/run_20260131_153100
test_topic_2205,2206,32.000,29.771,2.229,0.000,experiments/output/disabled_with_jfr/run_20260131_153100
test_topic_2206,2207,31.000,28.725,2.275,0.000,experiments/output/disabled_with_jfr/run_20260131_153100
test_topic_2207,2208,31.000,28.601,2.399,0.000,experiments/output/disabled_with_jfr/run_20260131_153100
test_topic_2208,2209,32.000,30.354,1.646,0.000,experiments/output/disabled_with_jfr/run_20260131_153100
test_topic_2209,2210,31.000,29.620,1.380,0.000,experiments/output/disabled_with_jfr/run_20260131_153100
test_topic_2210,2211,32.000,29.712,2.288,0.000,experiments/output/disabled_with_jfr/run_20260131_153100
test_topic_2211,2212,32.000,30.304,1.696,0.000,experiments/output/disabled_with_jfr/run_20260131_153100
test_topic_2212,2213,31.000,28.961,2.039,0.000,experiments/output/disabled_with_jfr/run_20260131_153100
test_topic_2213,2214,32.000,30.432,1.568,0.000,experiments/output/disabled_with_jfr/run_20260131_153100
test_topic_2214,2215,33.000,31.166,1.834,0.000,experiments/output/disabled_with_jfr/run_20260131_153100
test_topic_2215,2216,33.000,30.625,2.375,0.000,experiments/output/disabled_with_jfr/run_20260131_153100
test_topic_2216,2217,32.000,28.850,3.150,1.109,experiments/output/disabled_with_jfr/run_20260131_153100
test_topic_2217,2218,31.000,29.750,1.250,0.000,experiments/output/disabled_with_jfr/run_20260131_153100
test_topic_2218,2219,33.000,30.707,2.293,0.000,experiments/output/disabled_with_jfr/run_20260131_153100
test_topic_2219,2220,32.000,29.835,2.165,0.000,experiments/output/disabled_with_jfr/run_20260131_153100
test_topic_2220,2221,39.000,37.133,1.867,0.000,experiments/output/disabled_with_jfr/run_20260131_153100
test_topic_2221,2222,32.000,30.228,1.772,0.000,experiments/output/disabled_with_jfr/run_20260131_153100
test_topic_2222,2223,33.000,29.970,3.030,0.000,experiments/output/disabled_with_jfr/run_20260131_153100
test_topic_2223,2224,31.000,29.558,1.442,0.000,experiments/output/disabled_with_jfr/run_20260131_153100
test_topic_2224,2225,32.000,30.040,1.960,0.000,experiments/output/disabled_with_jfr/run_20260131_153100
test_topic_2225,2226,30.000,28.666,1.334,0.000,experiments/output/disabled_with_jfr/run_20260131_153100
test_topic_2226,2227,32.000,30.457,1.543,0.000,experiments/output/disabled_with_jfr/run_20260131_153100
test_topic_2227,2228,32.000,29.437,2.563,0.000,experiments/output/disabled_with_jfr/run_20260131_153100
test_topic_2228,2229,34.000,30.540,3.460,0.000,experiments/output/disabled_with_jfr/run_20260131_153100
test_topic_2229,2230,31.000,28.946,2.054,0.000,experiments/output/disabled_with_jfr/run_20260131_153100
test_topic_2230,2231,33.000,30.678,2.322,0.000,experiments/output/disabled_with_jfr/run_20260131_153100
test_topic_2231,2232,33.000,30.196,2.804,1.336,experiments/output/disabled_with_jfr/run_20260131_153100
test_topic_2232,2233,32.000,30.216,1.784,0.000,experiments/output/disabled_with_jfr/run_20260131_153100
test_topic_2233,2234,33.000,30.157,2.843,0.000,experiments/output/disabled_with_jfr/run_20260131_153100
test_topic_2234,2235,34.000,31.055,2.945,0.000,experiments/output/disabled_with_jfr/run_20260131_153100
test_topic_2235,2236,1204.000,1201.950,2.050,0.000,experiments/output/disabled_with_jfr/run_20260131_153100
test_topic_2236,2237,38.000,34.888,3.112,1.127,experiments/output/disabled_with_jfr/run_20260131_153100
test_topic_2237,2238,34.000,30.700,3.300,1.011,experiments/output/disabled_with_jfr/run_20260131_153100
test_topic_2238,2239,30.000,28.599,1.401,0.000,experiments/output/disabled_with_jfr/run_20260131_153100
test_topic_2239,2240,34.000,30.832,3.168,1.174,experiments/output/disabled_with_jfr/run_20260131_153100
test_topic_2240,2241,33.000,30.910,2.090,0.000,experiments/output/disabled_with_jfr/run_20260131_153100
test_topic_2241,2242,38.000,32.567,5.433,2.474,experiments/output/disabled_with_jfr/run_20260131_153100
test_topic_2242,2243,31.000,28.203,2.797,0.000,experiments/output/disabled_with_jfr/run_20260131_153100
test_topic_2243,2244,47.000,44.258,2.742,1.007,experiments/output/disabled_with_jfr/run_20260131_153100
test_topic_2244,2245,32.000,29.745,2.255,0.000,experiments/output/disabled_with_jfr/run_20260131_153100
test_topic_2245,2246,33.000,29.754,3.246,1.002,experiments/output/disabled_with_jfr/run_20260131_153100
test_topic_2246,2247,31.000,28.768,2.232,0.000,experiments/output/disabled_with_jfr/run_20260131_153100
test_topic_2247,2248,32.000,28.389,3.611,0.000,experiments/output/disabled_with_jfr/run_20260131_153100
test_topic_2248,2249,32.000,30.350,1.650,0.000,experiments/output/disabled_with_jfr/run_20260131_153100
test_topic_2249,2250,32.000,29.613,2.387,0.000,experiments/output/disabled_with_jfr/run_20260131_153100
test_topic_2250,2251,32.000,29.746,2.254,0.000,experiments/output/disabled_with_jfr/run_20260131_153100
test_topic_2251,2252,33.000,31.432,1.568,0.000,experiments/output/disabled_with_jfr/run_20260131_153100
test_topic_2252,2253,34.000,32.237,1.763,0.000,experiments/output/disabled_with_jfr/run_20260131_153100
test_topic_2253,2254,34.000,30.528,3.472,0.000,experiments/output/disabled_with_jfr/run_20260131_153100
test_topic_2254,2255,33.000,30.902,2.098,0.000,experiments/output/disabled_with_jfr/run_20260131_153100
test_topic_2255,2256,32.000,29.851,2.149,0.000,experiments/output/disabled_with_jfr/run_20260131_153100
test_topic_2256,2257,32.000,30.506,1.494,0.000,experiments/output/disabled_with_jfr/run_20260131_153100
test_topic_2257,2258,32.000,30.125,1.875,0.000,experiments/output/disabled_with_jfr/run_20260131_153100
test_topic_2258,2259,32.000,29.957,2.043,0.000,experiments/output/disabled_with_jfr/run_20260131_153100
test_topic_2259,2260,33.000,29.694,3.306,0.000,experiments/output/disabled_with_jfr/run_20260131_153100
test_topic_2260,2261,32.000,30.437,1.563,0.000,experiments/output/disabled_with_jfr/run_20260131_153100
test_topic_2261,2262,170.000,166.841,3.159,1.751,experiments/output/disabled_with_jfr/run_20260131_153100
test_topic_2262,2263,96.000,93.420,2.580,0.000,experiments/output/disabled_with_jfr/run_20260131_153100
test_topic_2263,2264,31.000,29.434,1.566,0.000,experiments/output/disabled_with_jfr/run_20260131_153100
test_topic_2264,2265,30.000,29.020,0.980,0.000,experiments/output/disabled_with_jfr/run_20260131_153100
test_topic_2265,2266,29.000,28.122,0.878,0.000,experiments/output/disabled_with_jfr/run_20260131_153100
test_topic_2266,2267,31.000,29.467,1.533,0.000,experiments/output/disabled_with_jfr/run_20260131_153100
test_topic_2267,2268,36.000,34.809,1.191,0.000,experiments/output/disabled_with_jfr/run_20260131_153100
test_topic_2268,2269,101.000,99.970,1.030,0.000,experiments/output/disabled_with_jfr/run_20260131_153100
test_topic_2269,2270,33.000,31.494,1.506,0.000,experiments/output/disabled_with_jfr/run_20260131_153100
test_topic_2270,2271,32.000,30.535,1.465,0.000,experiments/output/disabled_with_jfr/run_20260131_153100
test_topic_2271,2272,34.000,31.223,2.777,0.000,experiments/output/disabled_with_jfr/run_20260131_153100
test_topic_2272,2273,35.000,32.630,2.370,0.000,experiments/output/disabled_with_jfr/run_20260131_153100
test_topic_2273,2274,43.000,40.568,2.432,0.000,experiments/output/disabled_with_jfr/run_20260131_153100
test_topic_2274,2275,32.000,29.326,2.674,1.094,experiments/output/disabled_with_jfr/run_20260131_153100
test_topic_2275,2276,31.000,29.095,1.905,0.000,experiments/output/disabled_with_jfr/run_20260131_153100
test_topic_2276,2277,31.000,29.594,1.406,0.000,experiments/output/disabled_with_jfr/run_20260131_153100
test_topic_2277,2278,31.000,29.237,1.763,0.000,experiments/output/disabled_with_jfr/run_20260131_153100
test_topic_2278,2279,31.000,28.448,2.552,0.000,experiments/output/disabled_with_jfr/run_20260131_153100
test_topic_2279,2280,34.000,31.864,2.136,0.000,experiments/output/disabled_with_jfr/run_20260131_153100
test_topic_2280,2281,34.000,31.673,2.328,1.289,experiments/output/disabled_with_jfr/run_20260131_153100
test_topic_2281,2282,34.000,31.198,2.802,0.000,experiments/output/disabled_with_jfr/run_20260131_153100
test_topic_2282,2283,33.000,30.804,2.196,0.000,experiments/output/disabled_with_jfr/run_20260131_153100
test_topic_2283,2284,32.000,30.029,1.971,0.000,experiments/output/disabled_with_jfr/run_20260131_153100
test_topic_2284,2285,32.000,28.647,3.353,0.000,experiments/output/disabled_with_jfr/run_20260131_153100
test_topic_2285,2286,31.000,29.484,1.516,0.000,experiments/output/disabled_with_jfr/run_20260131_153100
test_topic_2286,2287,33.000,30.731,2.269,0.000,experiments/output/disabled_with_jfr/run_20260131_153100
test_topic_2287,2288,34.000,31.726,2.274,0.000,experiments/output/disabled_with_jfr/run_20260131_153100
test_topic_2288,2289,33.000,30.973,2.027,0.000,experiments/output/disabled_with_jfr/run_20260131_153100
test_topic_2289,2290,35.000,32.871,2.129,0.000,experiments/output/disabled_with_jfr/run_20260131_153100
test_topic_2290,2291,54.000,45.298,8.702,7.324,experiments/output/disabled_with_jfr/run_20260131_153100
test_topic_2291,2292,39.000,37.025,1.975,0.000,experiments/output/disabled_with_jfr/run_20260131_153100
test_topic_2292,2293,29.000,27.722,1.278,0.000,experiments/output/disabled_with_jfr/run_20260131_153100
test_topic_2293,2294,29.000,28.190,0.810,0.000,experiments/output/disabled_with_jfr/run_20260131_153100
test_topic_2294,2295,30.000,28.763,1.237,0.000,experiments/output/disabled_with_jfr/run_20260131_153100
test_topic_2295,2296,31.000,29.547,1.453,0.000,experiments/output/disabled_with_jfr/run_20260131_153100
test_topic_2296,2297,31.000,29.511,1.489,0.000,experiments/output/disabled_with_jfr/run_20260131_153100
test_topic_2297,2298,32.000,29.223,2.777,0.000,experiments/output/disabled_with_jfr/run_20260131_153100
test_topic_2298,2299,32.000,29.961,2.040,0.000,experiments/output/disabled_with_jfr/run_20260131_153100
test_topic_2299,2300,32.000,29.133,2.867,1.104,experiments/output/disabled_with_jfr/run_20260131_153100
test_topic_2300,2301,35.000,32.002,2.998,1.134,experiments/output/disabled_with_jfr/run_20260131_153100
test_topic_2301,2302,34.000,30.766,3.234,1.633,experiments/output/disabled_with_jfr/run_20260131_153100
test_topic_2302,2303,33.000,30.583,2.417,0.000,experiments/output/disabled_with_jfr/run_20260131_153100
test_topic_2303,2304,32.000,28.401,3.599,1.000,experiments/output/disabled_with_jfr/run_20260131_153100
test_topic_2304,2305,34.000,32.088,1.912,0.000,experiments/output/disabled_with_jfr/run_20260131_153100
test_topic_2305,2306,33.000,29.528,3.473,1.548,experiments/output/disabled_with_jfr/run_20260131_153100
test_topic_2306,2307,32.000,30.217,1.783,0.000,experiments/output/disabled_with_jfr/run_20260131_153100
test_topic_2307,2308,33.000,30.816,2.185,0.000,experiments/output/disabled_with_jfr/run_20260131_153100
test_topic_2308,2309,68.000,66.073,1.927,0.000,experiments/output/disabled_with_jfr/run_20260131_153100
test_topic_2309,2310,2066.000,2061.343,4.657,0.000,experiments/output/disabled_with_jfr/run_20260131_153100
test_topic_2310,2311,107.000,101.329,5.671,4.712,experiments/output/disabled_with_jfr/run_20260131_153100
test_topic_2311,2312,88.000,85.928,2.072,0.000,experiments/output/disabled_with_jfr/run_20260131_153100
test_topic_2312,2313,32.000,28.368,3.632,3.014,experiments/output/disabled_with_jfr/run_20260131_153100
test_topic_2313,2314,101.000,98.823,2.177,1.369,experiments/output/disabled_with_jfr/run_20260131_153100
test_topic_2314,2315,31.000,28.055,2.945,1.389,experiments/output/disabled_with_jfr/run_20260131_153100
test_topic_2315,2316,31.000,27.861,3.139,0.000,experiments/output/disabled_with_jfr/run_20260131_153100
test_topic_2316,2317,104.000,102.632,1.368,0.000,experiments/output/disabled_with_jfr/run_20260131_153100
test_topic_2317,2318,32.000,30.649,1.351,0.000,experiments/output/disabled_with_jfr/run_20260131_153100
test_topic_2318,2319,33.000,30.680,2.320,0.000,experiments/output/disabled_with_jfr/run_20260131_153100
test_topic_2319,2320,34.000,31.812,2.188,0.000,experiments/output/disabled_with_jfr/run_20260131_153100
test_topic_2320,2321,33.000,31.274,1.726,0.000,experiments/output/disabled_with_jfr/run_20260131_153100
test_topic_2321,2322,35.000,32.642,2.358,0.000,experiments/output/disabled_with_jfr/run_20260131_153100
test_topic_2322,2323,32.000,29.769,2.231,0.000,experiments/output/disabled_with_jfr/run_20260131_153100
test_topic_2323,2324,34.000,31.916,2.084,0.000,experiments/output/disabled_with_jfr/run_20260131_153100
test_topic_2324,2325,31.000,28.877,2.123,0.000,experiments/output/disabled_with_jfr/run_20260131_153100
test_topic_2325,2326,33.000,30.906,2.094,0.000,experiments/output/disabled_with_jfr/run_20260131_153100
test_topic_2326,2327,38.000,35.344,2.656,0.000,experiments/output/disabled_with_jfr/run_20260131_153100
test_topic_2327,2328,33.000,30.261,2.739,1.249,experiments/output/disabled_with_jfr/run_20260131_153100
test_topic_2328,2329,31.000,27.770,3.230,0.000,experiments/output/disabled_with_jfr/run_20260131_153100
test_topic_2329,2330,30.000,28.242,1.758,0.000,experiments/output/disabled_with_jfr/run_20260131_153100
test_topic_2330,2331,32.000,30.553,1.447,0.000,experiments/output/disabled_with_jfr/run_20260131_153100
test_topic_2331,2332,32.000,29.655,2.345,0.000,experiments/output/disabled_with_jfr/run_20260131_153100
test_topic_2332,2333,31.000,29.122,1.878,0.000,experiments/output/disabled_with_jfr/run_20260131_153100
test_topic_2333,2334,32.000,29.336,2.664,1.018,experiments/output/disabled_with_jfr/run_20260131_153100
test_topic_2334,2335,88.000,84.690,3.310,0.000,experiments/output/disabled_with_jfr/run_20260131_153100
test_topic_2335,2336,42.000,40.790,1.210,0.000,experiments/output/disabled_with_jfr/run_20260131_153100
test_topic_2336,2337,34.000,33.034,0.966,0.000,experiments/output/disabled_with_jfr/run_20260131_153100
test_topic_2337,2338,31.000,30.076,0.924,0.000,experiments/output/disabled_with_jfr/run_20260131_153100
test_topic_2338,2339,30.000,28.667,1.333,0.000,experiments/output/disabled_with_jfr/run_20260131_153100
test_topic_2339,2340,84.000,83.237,0.763,0.000,experiments/output/disabled_with_jfr/run_20260131_153100
test_topic_2340,2341,70.000,67.259,2.741,0.000,experiments/output/disabled_with_jfr/run_20260131_153100
test_topic_2341,2342,29.000,27.121,1.879,1.034,experiments/output/disabled_with_jfr/run_20260131_153100
test_topic_2342,2343,29.000,27.858,1.142,0.000,experiments/output/disabled_with_jfr/run_20260131_153100
test_topic_2343,2344,30.000,28.673,1.327,0.000,experiments/output/disabled_with_jfr/run_20260131_153100
test_topic_2344,2345,31.000,29.002,1.998,0.000,experiments/output/disabled_with_jfr/run_20260131_153100
test_topic_2345,2346,34.000,31.710,2.290,0.000,experiments/output/disabled_with_jfr/run_20260131_153100
test_topic_2346,2347,32.000,30.244,1.756,0.000,experiments/output/disabled_with_jfr/run_20260131_153100
test_topic_2347,2348,33.000,30.558,2.442,0.000,experiments/output/disabled_with_jfr/run_20260131_153100
test_topic_2348,2349,34.000,31.788,2.212,0.000,experiments/output/disabled_with_jfr/run_20260131_153100
test_topic_2349,2350,32.000,30.633,1.367,0.000,experiments/output/disabled_with_jfr/run_20260131_153100
test_topic_2350,2351,34.000,30.863,3.137,1.189,experiments/output/disabled_with_jfr/run_20260131_153100
test_topic_2351,2352,33.000,30.377,2.623,0.000,experiments/output/disabled_with_jfr/run_20260131_153100
test_topic_2352,2353,34.000,31.634,2.366,1.171,experiments/output/disabled_with_jfr/run_20260131_153100
test_topic_2353,2354,34.000,30.877,3.123,0.000,experiments/output/disabled_with_jfr/run_20260131_153100
test_topic_2354,2355,31.000,29.600,1.400,0.000,experiments/output/disabled_with_jfr/run_20260131_153100
test_topic_2355,2356,32.000,30.241,1.759,0.000,experiments/output/disabled_with_jfr/run_20260131_153100
test_topic_2356,2357,38.000,35.651,2.349,0.000,experiments/output/disabled_with_jfr/run_20260131_153100
test_topic_2357,2358,34.000,31.904,2.096,1.067,experiments/output/disabled_with_jfr/run_20260131_153100
test_topic_2358,2359,46.000,43.756,2.244,0.000,experiments/output/disabled_with_jfr/run_20260131_153100
test_topic_2359,2360,34.000,29.991,4.009,0.000,experiments/output/disabled_with_jfr/run_20260131_153100
test_topic_2360,2361,34.000,31.683,2.317,0.000,experiments/output/disabled_with_jfr/run_20260131_153100
test_topic_2361,2362,31.000,28.719,2.281,0.000,experiments/output/disabled_with_jfr/run_20260131_153100
test_topic_2362,2363,32.000,29.742,2.258,1.367,experiments/output/disabled_with_jfr/run_20260131_153100
test_topic_2363,2364,32.000,28.730,3.270,1.340,experiments/output/disabled_with_jfr/run_20260131_153100
test_topic_2364,2365,39.000,36.713,2.287,0.000,experiments/output/disabled_with_jfr/run_20260131_153100
test_topic_2365,2366,96.000,91.910,4.090,1.015,experiments/output/disabled_with_jfr/run_20260131_153100
test_topic_2366,2367,32.000,29.868,2.132,0.000,experiments/output/disabled_with_jfr/run_20260131_153100
test_topic_2367,2368,28.000,27.096,0.904,0.000,experiments/output/disabled_with_jfr/run_20260131_153100
test_topic_2368,2369,30.000,28.352,1.648,0.000,experiments/output/disabled_with_jfr/run_20260131_153100
test_topic_2369,2370,31.000,29.267,1.733,0.000,experiments/output/disabled_with_jfr/run_20260131_153100
test_topic_2370,2371,32.000,30.174,1.826,0.000,experiments/output/disabled_with_jfr/run_20260131_153100
test_topic_2371,2372,38.000,34.989,3.011,1.431,experiments/output/disabled_with_jfr/run_20260131_153100
test_topic_2372,2373,31.000,29.065,1.935,0.000,experiments/output/disabled_with_jfr/run_20260131_153100
test_topic_2373,2374,31.000,29.549,1.451,0.000,experiments/output/disabled_with_jfr/run_20260131_153100
test_topic_2374,2375,32.000,30.293,1.707,0.000,experiments/output/disabled_with_jfr/run_20260131_153100
test_topic_2375,2376,31.000,29.610,1.390,0.000,experiments/output/disabled_with_jfr/run_20260131_153100
test_topic_2376,2377,30.000,27.960,2.040,0.000,experiments/output/disabled_with_jfr/run_20260131_153100
test_topic_2377,2378,30.000,29.070,0.930,0.000,experiments/output/disabled_with_jfr/run_20260131_153100
test_topic_2378,2379,39.000,36.353,2.647,0.000,experiments/output/disabled_with_jfr/run_20260131_153100
test_topic_2379,2380,38.000,35.741,2.259,0.000,experiments/output/disabled_with_jfr/run_20260131_153100
test_topic_2380,2381,39.000,36.236,2.764,1.049,experiments/output/disabled_with_jfr/run_20260131_153100
test_topic_2381,2382,46.000,42.998,3.002,0.000,experiments/output/disabled_with_jfr/run_20260131_153100
test_topic_2382,2383,30.000,27.584,2.416,0.000,experiments/output/disabled_with_jfr/run_20260131_153100
test_topic_2383,2384,36.000,34.731,1.269,0.000,experiments/output/disabled_with_jfr/run_20260131_153100
test_topic_2384,2385,31.000,28.794,2.206,0.000,experiments/output/disabled_with_jfr/run_20260131_153100
test_topic_2385,2386,37.000,35.394,1.606,0.000,experiments/output/disabled_with_jfr/run_20260131_153100
test_topic_2386,2387,30.000,28.538,1.462,0.000,experiments/output/disabled_with_jfr/run_20260131_153100
test_topic_2387,2388,32.000,30.305,1.695,0.000,experiments/output/disabled_with_jfr/run_20260131_153100
test_topic_2388,2389,31.000,29.280,1.720,0.000,experiments/output/disabled_with_jfr/run_20260131_153100
test_topic_2389,2390,31.000,29.388,1.612,0.000,experiments/output/disabled_with_jfr/run_20260131_153100
test_topic_2390,2391,34.000,31.080,2.920,0.000,experiments/output/disabled_with_jfr/run_20260131_153100
test_topic_2391,2392,32.000,30.233,1.767,0.000,experiments/output/disabled_with_jfr/run_20260131_153100
test_topic_2392,2393,34.000,30.990,3.010,1.034,experiments/output/disabled_with_jfr/run_20260131_153100
test_topic_2393,2394,33.000,30.808,2.192,0.000,experiments/output/disabled_with_jfr/run_20260131_153100
test_topic_2394,2395,33.000,30.738,2.262,0.000,experiments/output/disabled_with_jfr/run_20260131_153100
test_topic_2395,2396,34.000,31.858,2.142,0.000,experiments/output/disabled_with_jfr/run_20260131_153100
test_topic_2396,2397,34.000,29.969,4.031,0.000,experiments/output/disabled_with_jfr/run_20260131_153100
test_topic_2397,2398,35.000,32.496,2.504,0.000,experiments/output/disabled_with_jfr/run_20260131_153100
test_topic_2398,2399,30.000,28.350,1.651,0.000,experiments/output/disabled_with_jfr/run_20260131_153100
test_topic_2399,2400,31.000,29.136,1.864,0.000,experiments/output/disabled_with_jfr/run_20260131_153100
test_topic_2400,2401,30.000,28.473,1.527,0.000,experiments/output/disabled_with_jfr/run_20260131_153100
test_topic_2401,2402,31.000,29.290,1.710,0.000,experiments/output/disabled_with_jfr/run_20260131_153100
test_topic_2402,2403,39.000,33.478,5.522,1.303,experiments/output/disabled_with_jfr/run_20260131_153100
test_topic_2403,2404,40.000,36.479,3.521,0.000,experiments/output/disabled_with_jfr/run_20260131_153100
test_topic_2404,2405,46.000,43.217,2.783,0.000,experiments/output/disabled_with_jfr/run_20260131_153100
test_topic_2405,2406,30.000,28.366,1.634,0.000,experiments/output/disabled_with_jfr/run_20260131_153100
test_topic_2406,2407,42.000,34.466,7.535,4.153,experiments/output/disabled_with_jfr/run_20260131_153100
test_topic_2407,2408,30.000,28.347,1.653,0.000,experiments/output/disabled_with_jfr/run_20260131_153100
test_topic_2408,2409,31.000,28.427,2.573,0.000,experiments/output/disabled_with_jfr/run_20260131_153100
test_topic_2409,2410,31.000,28.991,2.009,0.000,experiments/output/disabled_with_jfr/run_20260131_153100
test_topic_2410,2411,34.000,31.608,2.392,0.000,experiments/output/disabled_with_jfr/run_20260131_153100
test_topic_2411,2412,31.000,29.288,1.712,0.000,experiments/output/disabled_with_jfr/run_20260131_153100
test_topic_2412,2413,33.000,31.314,1.686,0.000,experiments/output/disabled_with_jfr/run_20260131_153100
test_topic_2413,2414,32.000,29.703,2.297,0.000,experiments/output/disabled_with_jfr/run_20260131_153100
test_topic_2414,2415,33.000,29.624,3.376,0.000,experiments/output/disabled_with_jfr/run_20260131_153100
test_topic_2415,2416,42.000,39.361,2.639,0.000,experiments/output/disabled_with_jfr/run_20260131_153100
test_topic_2416,2417,33.000,29.948,3.052,1.077,experiments/output/disabled_with_jfr/run_20260131_153100
test_topic_2417,2418,34.000,31.614,2.386,1.026,experiments/output/disabled_with_jfr/run_20260131_153100
test_topic_2418,2419,33.000,31.067,1.933,0.000,experiments/output/disabled_with_jfr/run_20260131_153100
test_topic_2419,2420,36.000,34.408,1.592,0.000,experiments/output/disabled_with_jfr/run_20260131_153100
test_topic_2420,2421,33.000,30.882,2.119,1.042,experiments/output/disabled_with_jfr/run_20260131_153100
test_topic_2421,2422,34.000,31.109,2.891,1.099,experiments/output/disabled_with_jfr/run_20260131_153100
test_topic_2422,2423,32.000,28.990,3.010,0.000,experiments/output/disabled_with_jfr/run_20260131_153100
test_topic_2423,2424,32.000,29.207,2.793,0.000,experiments/output/disabled_with_jfr/run_20260131_153100
test_topic_2424,2425,34.000,28.882,5.118,4.032,experiments/output/disabled_with_jfr/run_20260131_153100
test_topic_2425,2426,31.000,28.643,2.357,0.000,experiments/output/disabled_with_jfr/run_20260131_153100
test_topic_2426,2427,29.000,26.922,2.078,0.000,experiments/output/disabled_with_jfr/run_20260131_153100
test_topic_2427,2428,40.000,38.621,1.379,0.000,experiments/output/disabled_with_jfr/run_20260131_153100
test_topic_2428,2429,2068.000,2067.537,0.463,0.000,experiments/output/disabled_with_jfr/run_20260131_153100
test_topic_2429,2430,49.000,41.215,7.785,2.215,experiments/output/disabled_with_jfr/run_20260131_153100
test_topic_2430,2431,32.000,30.134,1.866,0.000,experiments/output/disabled_with_jfr/run_20260131_153100
test_topic_2431,2432,32.000,30.211,1.789,0.000,experiments/output/disabled_with_jfr/run_20260131_153100
test_topic_2432,2433,31.000,29.267,1.733,0.000,experiments/output/disabled_with_jfr/run_20260131_153100
test_topic_2433,2434,33.000,30.481,2.519,0.000,experiments/output/disabled_with_jfr/run_20260131_153100
test_topic_2434,2435,37.000,35.071,1.929,0.000,experiments/output/disabled_with_jfr/run_20260131_153100
test_topic_2435,2436,33.000,30.707,2.293,0.000,experiments/output/disabled_with_jfr/run_20260131_153100
test_topic_2436,2437,32.000,29.456,2.544,0.000,experiments/output/disabled_with_jfr/run_20260131_153100
test_topic_2437,2438,33.000,30.822,2.178,0.000,experiments/output/disabled_with_jfr/run_20260131_153100
test_topic_2438,2439,33.000,31.319,1.681,0.000,experiments/output/disabled_with_jfr/run_20260131_153100
test_topic_2439,2440,35.000,31.275,3.726,0.000,experiments/output/disabled_with_jfr/run_20260131_153100
test_topic_2440,2441,34.000,31.565,2.435,0.000,experiments/output/disabled_with_jfr/run_20260131_153100
test_topic_2441,2442,32.000,29.787,2.213,0.000,experiments/output/disabled_with_jfr/run_20260131_153100
test_topic_2442,2443,34.000,31.601,2.399,0.000,experiments/output/disabled_with_jfr/run_20260131_153100
test_topic_2443,2444,33.000,30.783,2.217,0.000,experiments/output/disabled_with_jfr/run_20260131_153100
test_topic_2444,2445,31.000,28.640,2.360,0.000,experiments/output/disabled_with_jfr/run_20260131_153100
test_topic_2445,2446,34.000,30.817,3.183,0.000,experiments/output/disabled_with_jfr/run_20260131_153100
test_topic_2446,2447,33.000,31.341,1.659,0.000,experiments/output/disabled_with_jfr/run_20260131_153100
test_topic_2447,2448,32.000,28.719,3.281,1.406,experiments/output/disabled_with_jfr/run_20260131_153100
test_topic_2448,2449,75.000,73.043,1.957,0.000,experiments/output/disabled_with_jfr/run_20260131_153100
test_topic_2449,2450,99.000,95.578,3.422,1.748,experiments/output/disabled_with_jfr/run_20260131_153100
test_topic_2450,2451,199.000,125.792,73.208,72.601,experiments/output/disabled_with_jfr/run_20260131_153100
test_topic_2451,2452,102.000,100.073,1.927,0.000,experiments/output/disabled_with_jfr/run_20260131_153100
test_topic_2452,2453,200.000,196.245,3.755,2.178,experiments/output/disabled_with_jfr/run_20260131_153100
test_topic_2453,2454,99.000,97.803,1.197,0.000,experiments/output/disabled_with_jfr/run_20260131_153100
test_topic_2454,2455,95.000,90.875,4.125,3.731,experiments/output/disabled_with_jfr/run_20260131_153100
test_topic_2455,2456,41.000,38.004,2.996,2.074,experiments/output/disabled_with_jfr/run_20260131_153100
test_topic_2456,2457,86.000,83.482,2.518,1.743,experiments/output/disabled_with_jfr/run_20260131_153100
test_topic_2457,2458,86.000,27.683,58.317,57.419,experiments/output/disabled_with_jfr/run_20260131_153100
test_topic_2458,2459,101.000,97.562,3.438,1.210,experiments/output/disabled_with_jfr/run_20260131_153100
test_topic_2459,2460,29.000,27.567,1.433,0.000,experiments/output/disabled_with_jfr/run_20260131_153100
test_topic_2460,2461,38.000,36.107,1.893,0.000,experiments/output/disabled_with_jfr/run_20260131_153100
test_topic_2461,2462,33.000,31.055,1.945,0.000,experiments/output/disabled_with_jfr/run_20260131_153100
test_topic_2462,2463,37.000,34.692,2.308,0.000,experiments/output/disabled_with_jfr/run_20260131_153100
test_topic_2463,2464,33.000,29.743,3.257,2.048,experiments/output/disabled_with_jfr/run_20260131_153100
test_topic_2464,2465,35.000,30.773,4.227,0.000,experiments/output/disabled_with_jfr/run_20260131_153100
test_topic_2465,2466,33.000,30.894,2.106,0.000,experiments/output/disabled_with_jfr/run_20260131_153100
test_topic_2466,2467,31.000,29.059,1.941,1.009,experiments/output/disabled_with_jfr/run_20260131_153100
test_topic_2467,2468,32.000,30.605,1.395,0.000,experiments/output/disabled_with_jfr/run_20260131_153100
test_topic_2468,2469,32.000,30.574,1.426,0.000,experiments/output/disabled_with_jfr/run_20260131_153100
test_topic_2469,2470,32.000,30.398,1.602,0.000,experiments/output/disabled_with_jfr/run_20260131_153100
test_topic_2470,2471,32.000,28.836,3.164,0.000,experiments/output/disabled_with_jfr/run_20260131_153100
test_topic_2471,2472,32.000,29.719,2.281,0.000,experiments/output/disabled_with_jfr/run_20260131_153100
test_topic_2472,2473,45.000,42.357,2.643,0.000,experiments/output/disabled_with_jfr/run_20260131_153100
test_topic_2473,2474,33.000,30.303,2.697,0.000,experiments/output/disabled_with_jfr/run_20260131_153100
test_topic_2474,2475,31.000,28.741,2.259,0.000,experiments/output/disabled_with_jfr/run_20260131_153100
test_topic_2475,2476,32.000,29.814,2.186,0.000,experiments/output/disabled_with_jfr/run_20260131_153100
test_topic_2476,2477,32.000,28.797,3.203,0.000,experiments/output/disabled_with_jfr/run_20260131_153100
test_topic_2477,2478,32.000,29.890,2.110,0.000,experiments/output/disabled_with_jfr/run_20260131_153100
test_topic_2478,2479,32.000,30.008,1.992,0.000,experiments/output/disabled_with_jfr/run_20260131_153100
test_topic_2479,2480,44.000,41.412,2.588,1.388,experiments/output/disabled_with_jfr/run_20260131_153100
test_topic_2480,2481,32.000,29.683,2.317,0.000,experiments/output/disabled_with_jfr/run_20260131_153100
test_topic_2481,2482,32.000,29.728,2.272,0.000,experiments/output/disabled_with_jfr/run_20260131_153100
test_topic_2482,2483,31.000,28.635,2.365,0.000,experiments/output/disabled_with_jfr/run_20260131_153100
test_topic_2483,2484,32.000,29.510,2.490,0.000,experiments/output/disabled_with_jfr/run_20260131_153100
test_topic_2484,2485,30.000,27.730,2.270,0.000,experiments/output/disabled_with_jfr/run_20260131_153100
test_topic_2485,2486,31.000,29.528,1.472,0.000,experiments/output/disabled_with_jfr/run_20260131_153100
test_topic_2486,2487,31.000,29.304,1.696,0.000,experiments/output/disabled_with_jfr/run_20260131_153100
test_topic_2487,2488,32.000,29.977,2.023,0.000,experiments/output/disabled_with_jfr/run_20260131_153100
test_topic_2488,2489,32.000,30.485,1.515,0.000,experiments/output/disabled_with_jfr/run_20260131_153100
test_topic_2489,2490,32.000,29.550,2.450,0.000,experiments/output/disabled_with_jfr/run_20260131_153100
test_topic_2490,2491,32.000,30.192,1.808,0.000,experiments/output/disabled_with_jfr/run_20260131_153100
test_topic_2491,2492,32.000,30.390,1.610,0.000,experiments/output/disabled_with_jfr/run_20260131_153100
test_topic_2492,2493,33.000,30.589,2.412,0.000,experiments/output/disabled_with_jfr/run_20260131_153100
test_topic_2493,2494,32.000,30.287,1.713,0.000,experiments/output/disabled_with_jfr/run_20260131_153100
test_topic_2494,2495,33.000,30.752,2.248,0.000,experiments/output/disabled_with_jfr/run_20260131_153100
test_topic_2495,2496,50.000,46.073,3.927,0.000,experiments/output/disabled_with_jfr/run_20260131_153100
test_topic_2496,2497,32.000,29.007,2.993,1.391,experiments/output/disabled_with_jfr/run_20260131_153100
test_topic_2497,2498,31.000,29.301,1.699,0.000,experiments/output/disabled_with_jfr/run_20260131_153100
test_topic_2498,2499,33.000,31.111,1.889,0.000,experiments/output/disabled_with_jfr/run_20260131_153100
test_topic_2499,2500,30.000,28.724,1.276,0.000,experiments/output/disabled_with_jfr/run_20260131_153100
test_topic_2500,2501,31.000,28.911,2.089,0.000,experiments/output/disabled_with_jfr/run_20260131_153100
test_topic_2501,2502,32.000,28.795,3.205,0.000,experiments/output/disabled_with_jfr/run_20260131_153100
test_topic_2502,2503,31.000,29.615,1.385,0.000,experiments/output/disabled_with_jfr/run_20260131_153100
test_topic_2503,2504,32.000,29.951,2.049,0.000,experiments/output/disabled_with_jfr/run_20260131_153100
test_topic_2504,2505,31.000,29.443,1.557,0.000,experiments/output/disabled_with_jfr/run_20260131_153100
test_topic_2505,2506,31.000,29.646,1.354,0.000,experiments/output/disabled_with_jfr/run_20260131_153100
test_topic_2506,2507,34.000,29.850,4.150,2.350,experiments/output/disabled_with_jfr/run_20260131_153100
test_topic_2507,2508,33.000,29.467,3.533,0.000,experiments/output/disabled_with_jfr/run_20260131_153100
test_topic_2508,2509,2062.000,2060.215,1.785,0.000,experiments/output/disabled_with_jfr/run_20260131_153100
test_topic_2509,2510,49.000,40.100,8.900,2.285,experiments/output/disabled_with_jfr/run_20260131_153100
test_topic_2510,2511,33.000,29.571,3.429,1.242,experiments/output/disabled_with_jfr/run_20260131_153100
test_topic_2511,2512,36.000,34.179,1.821,1.035,experiments/output/disabled_with_jfr/run_20260131_153100
test_topic_2512,2513,32.000,30.286,1.714,0.000,experiments/output/disabled_with_jfr/run_20260131_153100
test_topic_2513,2514,33.000,30.227,2.773,0.000,experiments/output/disabled_with_jfr/run_20260131_153100
test_topic_2514,2515,32.000,29.376,2.624,0.000,experiments/output/disabled_with_jfr/run_20260131_153100
test_topic_2515,2516,33.000,31.160,1.840,0.000,experiments/output/disabled_with_jfr/run_20260131_153100
test_topic_2516,2517,32.000,30.257,1.743,0.000,experiments/output/disabled_with_jfr/run_20260131_153100
test_topic_2517,2518,34.000,31.279,2.721,0.000,experiments/output/disabled_with_jfr/run_20260131_153100
test_topic_2518,2519,48.000,45.610,2.391,0.000,experiments/output/disabled_with_jfr/run_20260131_153100
test_topic_2519,2520,33.000,30.697,2.303,0.000,experiments/output/disabled_with_jfr/run_20260131_153100
test_topic_2520,2521,33.000,29.096,3.904,0.000,experiments/output/disabled_with_jfr/run_20260131_153100
test_topic_2521,2522,31.000,29.138,1.862,0.000,experiments/output/disabled_with_jfr/run_20260131_153100
test_topic_2522,2523,31.000,29.287,1.713,0.000,experiments/output/disabled_with_jfr/run_20260131_153100
test_topic_2523,2524,33.000,30.592,2.408,0.000,experiments/output/disabled_with_jfr/run_20260131_153100
test_topic_2524,2525,33.000,31.178,1.822,0.000,experiments/output/disabled_with_jfr/run_20260131_153100
test_topic_2525,2526,33.000,31.390,1.610,0.000,experiments/output/disabled_with_jfr/run_20260131_153100
test_topic_2526,2527,33.000,30.325,2.675,0.000,experiments/output/disabled_with_jfr/run_20260131_153100
test_topic_2527,2528,39.000,33.998,5.002,2.335,experiments/output/disabled_with_jfr/run_20260131_153100
test_topic_2528,2529,31.000,28.755,2.245,0.000,experiments/output/disabled_with_jfr/run_20260131_153100
test_topic_2529,2530,32.000,30.399,1.601,0.000,experiments/output/disabled_with_jfr/run_20260131_153100
test_topic_2530,2531,31.000,29.664,1.336,0.000,experiments/output/disabled_with_jfr/run_20260131_153100
test_topic_2531,2532,32.000,30.126,1.874,0.000,experiments/output/disabled_with_jfr/run_20260131_153100
test_topic_2532,2533,33.000,31.143,1.857,0.000,experiments/output/disabled_with_jfr/run_20260131_153100
test_topic_2533,2534,33.000,29.519,3.481,0.000,experiments/output/disabled_with_jfr/run_20260131_153100
test_topic_2534,2535,30.000,28.276,1.724,0.000,experiments/output/disabled_with_jfr/run_20260131_153100
test_topic_2535,2536,32.000,29.814,2.186,0.000,experiments/output/disabled_with_jfr/run_20260131_153100
test_topic_2536,2537,31.000,28.975,2.025,0.000,experiments/output/disabled_with_jfr/run_20260131_153100
test_topic_2537,2538,32.000,29.840,2.160,0.000,experiments/output/disabled_with_jfr/run_20260131_153100
test_topic_2538,2539,32.000,29.371,2.629,0.000,experiments/output/disabled_with_jfr/run_20260131_153100
test_topic_2539,2540,32.000,28.463,3.537,0.000,experiments/output/disabled_with_jfr/run_20260131_153100
test_topic_2540,2541,30.000,27.940,2.060,0.000,experiments/output/disabled_with_jfr/run_20260131_153100
test_topic_2541,2542,2074.000,2072.823,1.177,0.000,experiments/output/disabled_with_jfr/run_20260131_153100
test_topic_2542,2543,29.000,27.483,1.517,1.449,experiments/output/disabled_with_jfr/run_20260131_153100
test_topic_2543,2544,30.000,27.947,2.053,1.445,experiments/output/disabled_with_jfr/run_20260131_153100
test_topic_2544,2545,29.000,28.224,0.776,0.000,experiments/output/disabled_with_jfr/run_20260131_153100
test_topic_2545,2546,28.000,27.060,0.940,0.000,experiments/output/disabled_with_jfr/run_20260131_153100
test_topic_2546,2547,30.000,28.177,1.823,0.000,experiments/output/disabled_with_jfr/run_20260131_153100
test_topic_2547,2548,31.000,29.237,1.763,0.000,experiments/output/disabled_with_jfr/run_20260131_153100
test_topic_2548,2549,31.000,29.328,1.672,0.000,experiments/output/disabled_with_jfr/run_20260131_153100
test_topic_2549,2550,32.000,29.920,2.080,0.000,experiments/output/disabled_with_jfr/run_20260131_153100
test_topic_2550,2551,32.000,29.706,2.294,0.000,experiments/output/disabled_with_jfr/run_20260131_153100
test_topic_2551,2552,32.000,29.891,2.109,0.000,experiments/output/disabled_with_jfr/run_20260131_153100
test_topic_2552,2553,34.000,30.192,3.808,0.000,experiments/output/disabled_with_jfr/run_20260131_153100
test_topic_2553,2554,33.000,30.971,2.029,0.000,experiments/output/disabled_with_jfr/run_20260131_153100
test_topic_2554,2555,33.000,30.650,2.350,0.000,experiments/output/disabled_with_jfr/run_20260131_153100
test_topic_2555,2556,32.000,30.290,1.710,0.000,experiments/output/disabled_with_jfr/run_20260131_153100
test_topic_2556,2557,32.000,29.712,2.288,0.000,experiments/output/disabled_with_jfr/run_20260131_153100
test_topic_2557,2558,31.000,29.554,1.446,0.000,experiments/output/disabled_with_jfr/run_20260131_153100
test_topic_2558,2559,32.000,28.960,3.040,0.000,experiments/output/disabled_with_jfr/run_20260131_153100
test_topic_2559,2560,33.000,30.606,2.394,0.000,experiments/output/disabled_with_jfr/run_20260131_153100
test_topic_2560,2561,31.000,28.931,2.069,1.026,experiments/output/disabled_with_jfr/run_20260131_153100
test_topic_2561,2562,31.000,29.341,1.659,0.000,experiments/output/disabled_with_jfr/run_20260131_153100
test_topic_2562,2563,90.000,88.018,1.982,0.000,experiments/output/disabled_with_jfr/run_20260131_153100
test_topic_2563,2564,107.000,105.029,1.971,0.000,experiments/output/disabled_with_jfr/run_20260131_153100
test_topic_2564,2565,127.000,124.850,2.150,1.319,experiments/output/disabled_with_jfr/run_20260131_153100
test_topic_2565,2566,101.000,99.482,1.518,0.000,experiments/output/disabled_with_jfr/run_20260131_153100
test_topic_2566,2567,192.000,112.613,79.387,77.077,experiments/output/disabled_with_jfr/run_20260131_153100
test_topic_2567,2568,180.000,104.761,75.239,74.091,experiments/output/disabled_with_jfr/run_20260131_153100
test_topic_2568,2569,117.000,112.644,4.356,1.709,experiments/output/disabled_with_jfr/run_20260131_153100
test_topic_2569,2570,102.000,98.916,3.084,1.419,experiments/output/disabled_with_jfr/run_20260131_153100
test_topic_2570,2571,177.000,172.648,4.352,2.875,experiments/output/disabled_with_jfr/run_20260131_153100
test_topic_2571,2572,122.000,114.825,7.175,3.324,experiments/output/disabled_with_jfr/run_20260131_153100
test_topic_2572,2573,113.000,110.782,2.218,1.344,experiments/output/disabled_with_jfr/run_20260131_153100
test_topic_2573,2574,110.000,102.549,7.451,7.063,experiments/output/disabled_with_jfr/run_20260131_153100
test_topic_2574,2575,32.000,30.660,1.340,0.000,experiments/output/disabled_with_jfr/run_20260131_153100
test_topic_2575,2576,42.000,40.459,1.541,0.000,experiments/output/disabled_with_jfr/run_20260131_153100
test_topic_2576,2577,47.000,44.445,2.555,0.000,experiments/output/disabled_with_jfr/run_20260131_153100
test_topic_2577,2578,36.000,34.049,1.951,0.000,experiments/output/disabled_with_jfr/run_20260131_153100
test_topic_2578,2579,33.000,30.682,2.318,1.199,experiments/output/disabled_with_jfr/run_20260131_153100
test_topic_2579,2580,32.000,30.053,1.947,0.000,experiments/output/disabled_with_jfr/run_20260131_153100
test_topic_2580,2581,32.000,30.143,1.857,0.000,experiments/output/disabled_with_jfr/run_20260131_153100
test_topic_2581,2582,30.000,28.568,1.432,0.000,experiments/output/disabled_with_jfr/run_20260131_153100
test_topic_2582,2583,31.000,29.579,1.421,0.000,experiments/output/disabled_with_jfr/run_20260131_153100
test_topic_2583,2584,30.000,28.599,1.401,0.000,experiments/output/disabled_with_jfr/run_20260131_153100
test_topic_2584,2585,31.000,28.152,2.848,0.000,experiments/output/disabled_with_jfr/run_20260131_153100
test_topic_2585,2586,31.000,28.483,2.517,0.000,experiments/output/disabled_with_jfr/run_20260131_153100
test_topic_2586,2587,45.000,42.847,2.153,0.000,experiments/output/disabled_with_jfr/run_20260131_153100
test_topic_2587,2588,31.000,28.790,2.210,0.000,experiments/output/disabled_with_jfr/run_20260131_153100
test_topic_2588,2589,31.000,28.864,2.136,0.000,experiments/output/disabled_with_jfr/run_20260131_153100
test_topic_2589,2590,30.000,28.053,1.947,0.000,experiments/output/disabled_with_jfr/run_20260131_153100
test_topic_2590,2591,35.000,32.714,2.286,0.000,experiments/output/disabled_with_jfr/run_20260131_153100
test_topic_2591,2592,32.000,29.867,2.133,1.197,experiments/output/disabled_with_jfr/run_20260131_153100
test_topic_2592,2593,32.000,30.187,1.813,0.000,experiments/output/disabled_with_jfr/run_20260131_153100
test_topic_2593,2594,33.000,30.484,2.516,0.000,experiments/output/disabled_with_jfr/run_20260131_153100
test_topic_2594,2595,33.000,30.710,2.290,1.055,experiments/output/disabled_with_jfr/run_20260131_153100
test_topic_2595,2596,33.000,30.878,2.122,0.000,experiments/output/disabled_with_jfr/run_20260131_153100
test_topic_2596,2597,33.000,30.677,2.323,0.000,experiments/output/disabled_with_jfr/run_20260131_153100
test_topic_2597,2598,33.000,28.994,4.006,0.000,experiments/output/disabled_with_jfr/run_20260131_153100
test_topic_2598,2599,33.000,31.172,1.828,0.000,experiments/output/disabled_with_jfr/run_20260131_153100
test_topic_2599,2600,33.000,30.409,2.591,0.000,experiments/output/disabled_with_jfr/run_20260131_153100
test_topic_2600,2601,31.000,28.198,2.802,0.000,experiments/output/disabled_with_jfr/run_20260131_153100
test_topic_2601,2602,31.000,29.259,1.741,0.000,experiments/output/disabled_with_jfr/run_20260131_153100
test_topic_2602,2603,29.000,27.120,1.880,0.000,experiments/output/disabled_with_jfr/run_20260131_153100
test_topic_2603,2604,30.000,28.083,1.917,0.000,experiments/output/disabled_with_jfr/run_20260131_153100
test_topic_2604,2605,32.000,30.309,1.691,0.000,experiments/output/disabled_with_jfr/run_20260131_153100
test_topic_2605,2606,33.000,30.718,2.282,0.000,experiments/output/disabled_with_jfr/run_20260131_153100
test_topic_2606,2607,32.000,30.626,1.374,0.000,experiments/output/disabled_with_jfr/run_20260131_153100
test_topic_2607,2608,34.000,31.763,2.237,0.000,experiments/output/disabled_with_jfr/run_20260131_153100
test_topic_2608,2609,32.000,30.506,1.494,0.000,experiments/output/disabled_with_jfr/run_20260131_153100
test_topic_2609,2610,46.000,42.808,3.192,0.000,experiments/output/disabled_with_jfr/run_20260131_153100
test_topic_2610,2611,2085.000,2082.527,2.473,1.268,experiments/output/disabled_with_jfr/run_20260131_153100
test_topic_2611,2612,31.000,28.476,2.524,1.039,experiments/output/disabled_with_jfr/run_20260131_153100
test_topic_2612,2613,29.000,27.978,1.022,0.000,experiments/output/disabled_with_jfr/run_20260131_153100
test_topic_2613,2614,28.000,27.116,0.884,0.000,experiments/output/disabled_with_jfr/run_20260131_153100
test_topic_2614,2615,70.000,68.481,1.519,0.000,experiments/output/disabled_with_jfr/run_20260131_153100
test_topic_2615,2616,32.000,29.814,2.186,1.115,experiments/output/disabled_with_jfr/run_20260131_153100
test_topic_2616,2617,28.000,26.209,1.791,0.000,experiments/output/disabled_with_jfr/run_20260131_153100
test_topic_2617,2618,29.000,27.215,1.785,0.000,experiments/output/disabled_with_jfr/run_20260131_153100
test_topic_2618,2619,29.000,27.564,1.436,0.000,experiments/output/disabled_with_jfr/run_20260131_153100
test_topic_2619,2620,28.000,26.407,1.593,0.000,experiments/output/disabled_with_jfr/run_20260131_153100
test_topic_2620,2621,30.000,27.229,2.771,1.601,experiments/output/disabled_with_jfr/run_20260131_153100
test_topic_2621,2622,28.000,26.915,1.085,0.000,experiments/output/disabled_with_jfr/run_20260131_153100
test_topic_2622,2623,32.000,28.387,3.613,1.147,experiments/output/disabled_with_jfr/run_20260131_153100
test_topic_2623,2624,32.000,30.087,1.913,1.207,experiments/output/disabled_with_jfr/run_20260131_153100
test_topic_2624,2625,58.000,37.445,20.555,19.118,experiments/output/disabled_with_jfr/run_20260131_153100
test_topic_2625,2626,37.000,35.622,1.378,0.000,experiments/output/disabled_with_jfr/run_20260131_153100
test_topic_2626,2627,33.000,30.946,2.054,1.140,experiments/output/disabled_with_jfr/run_20260131_153100
test_topic_2627,2628,30.000,27.783,2.217,1.022,experiments/output/disabled_with_jfr/run_20260131_153100
test_topic_2628,2629,30.000,28.687,1.313,0.000,experiments/output/disabled_with_jfr/run_20260131_153100
test_topic_2629,2630,33.000,30.806,2.194,1.098,experiments/output/disabled_with_jfr/run_20260131_153100
test_topic_2630,2631,34.000,31.612,2.388,1.185,experiments/output/disabled_with_jfr/run_20260131_153100
test_topic_2631,2632,34.000,31.786,2.214,0.000,experiments/output/disabled_with_jfr/run_20260131_153100
test_topic_2632,2633,45.000,42.611,2.389,1.064,experiments/output/disabled_with_jfr/run_20260131_153100
test_topic_2633,2634,30.000,28.234,1.766,0.000,experiments/output/disabled_with_jfr/run_20260131_153100
test_topic_2634,2635,29.000,28.232,0.768,0.000,experiments/output/disabled_with_jfr/run_20260131_153100
test_topic_2635,2636,30.000,27.510,2.490,0.000,experiments/output/disabled_with_jfr/run_20260131_153100
test_topic_2636,2637,32.000,29.697,2.303,0.000,experiments/output/disabled_with_jfr/run_20260131_153100
test_topic_2637,2638,40.000,38.254,1.746,0.000,experiments/output/disabled_with_jfr/run_20260131_153100
test_topic_2638,2639,36.000,33.526,2.474,1.174,experiments/output/disabled_with_jfr/run_20260131_153100
test_topic_2639,2640,30.000,28.008,1.992,0.000,experiments/output/disabled_with_jfr/run_20260131_153100
test_topic_2640,2641,30.000,28.347,1.653,0.000,experiments/output/disabled_with_jfr/run_20260131_153100
test_topic_2641,2642,28.000,26.492,1.508,0.000,experiments/output/disabled_with_jfr/run_20260131_153100
test_topic_2642,2643,945.000,944.327,0.673,0.000,experiments/output/disabled_with_jfr/run_20260131_153100
test_topic_2643,2644,36.000,31.253,4.747,2.287,experiments/output/disabled_with_jfr/run_20260131_153100
test_topic_2644,2645,35.000,32.677,2.323,0.000,experiments/output/disabled_with_jfr/run_20260131_153100
test_topic_2645,2646,36.000,32.906,3.094,1.072,experiments/output/disabled_with_jfr/run_20260131_153100
test_topic_2646,2647,36.000,32.256,3.744,1.107,experiments/output/disabled_with_jfr/run_20260131_153100
test_topic_2647,2648,34.000,31.954,2.046,0.000,experiments/output/disabled_with_jfr/run_20260131_153100
test_topic_2648,2649,34.000,30.621,3.379,0.000,experiments/output/disabled_with_jfr/run_20260131_153100
test_topic_2649,2650,33.000,31.223,1.777,0.000,experiments/output/disabled_with_jfr/run_20260131_153100
test_topic_2650,2651,33.000,29.807,3.193,0.000,experiments/output/disabled_with_jfr/run_20260131_153100
test_topic_2651,2652,40.000,36.789,3.211,1.830,experiments/output/disabled_with_jfr/run_20260131_153100
test_topic_2652,2653,32.000,29.916,2.084,0.000,experiments/output/disabled_with_jfr/run_20260131_153100
test_topic_2653,2654,31.000,28.852,2.148,0.000,experiments/output/disabled_with_jfr/run_20260131_153100
test_topic_2654,2655,29.000,26.673,2.327,0.000,experiments/output/disabled_with_jfr/run_20260131_153100
test_topic_2655,2656,42.000,40.784,1.216,0.000,experiments/output/disabled_with_jfr/run_20260131_153100
test_topic_2656,2657,29.000,28.113,0.887,0.000,experiments/output/disabled_with_jfr/run_20260131_153100
test_topic_2657,2658,33.000,30.820,2.180,1.256,experiments/output/disabled_with_jfr/run_20260131_153100
test_topic_2658,2659,28.000,26.829,1.171,0.000,experiments/output/disabled_with_jfr/run_20260131_153100
test_topic_2659,2660,31.000,29.627,1.373,0.000,experiments/output/disabled_with_jfr/run_20260131_153100
test_topic_2660,2661,50.000,47.893,2.107,0.000,experiments/output/disabled_with_jfr/run_20260131_153100
test_topic_2661,2662,72.000,70.448,1.552,0.000,experiments/output/disabled_with_jfr/run_20260131_153100
test_topic_2662,2663,30.000,28.763,1.237,0.000,experiments/output/disabled_with_jfr/run_20260131_153100
test_topic_2663,2664,28.000,27.349,0.651,0.000,experiments/output/disabled_with_jfr/run_20260131_153100
test_topic_2664,2665,33.000,32.114,0.886,0.000,experiments/output/disabled_with_jfr/run_20260131_153100
test_topic_2665,2666,31.000,28.970,2.030,0.000,experiments/output/disabled_with_jfr/run_20260131_153100
test_topic_2666,2667,33.000,29.099,3.901,1.522,experiments/output/disabled_with_jfr/run_20260131_153100
test_topic_2667,2668,29.000,27.436,1.564,0.000,experiments/output/disabled_with_jfr/run_20260131_153100
test_topic_2668,2669,31.000,28.889,2.111,1.083,experiments/output/disabled_with_jfr/run_20260131_153100
test_topic_2669,2670,28.000,27.063,0.937,0.000,experiments/output/disabled_with_jfr/run_20260131_153100
test_topic_2670,2671,30.000,29.042,0.958,0.000,experiments/output/disabled_with_jfr/run_20260131_153100
test_topic_2671,2672,31.000,28.932,2.068,1.087,experiments/output/disabled_with_jfr/run_20260131_153100
test_topic_2672,2673,31.000,28.358,2.642,0.000,experiments/output/disabled_with_jfr/run_20260131_153100
test_topic_2673,2674,31.000,28.847,2.153,1.169,experiments/output/disabled_with_jfr/run_20260131_153100
test_topic_2674,2675,31.000,29.249,1.751,1.080,experiments/output/disabled_with_jfr/run_20260131_153100
test_topic_2675,2676,31.000,29.028,1.972,0.000,experiments/output/disabled_with_jfr/run_20260131_153100
test_topic_2676,2677,29.000,27.771,1.229,0.000,experiments/output/disabled_with_jfr/run_20260131_153100
test_topic_2677,2678,31.000,29.536,1.464,0.000,experiments/output/disabled_with_jfr/run_20260131_153100
test_topic_2678,2679,43.000,41.415,1.585,0.000,experiments/output/disabled_with_jfr/run_20260131_153100
test_topic_2679,2680,33.000,30.726,2.274,1.586,experiments/output/disabled_with_jfr/run_20260131_153100
test_topic_2680,2681,34.000,32.895,1.105,0.000,experiments/output/disabled_with_jfr/run_20260131_153100
test_topic_2681,2682,32.000,29.550,2.450,1.038,experiments/output/disabled_with_jfr/run_20260131_153100
test_topic_2682,2683,32.000,29.867,2.133,0.000,experiments/output/disabled_with_jfr/run_20260131_153100
test_topic_2683,2684,33.000,30.849,2.151,0.000,experiments/output/disabled_with_jfr/run_20260131_153100
test_topic_2684,2685,33.000,31.072,1.928,0.000,experiments/output/disabled_with_jfr/run_20260131_153100
test_topic_2685,2686,33.000,30.215,2.785,0.000,experiments/output/disabled_with_jfr/run_20260131_153100
test_topic_2686,2687,31.000,29.231,1.769,0.000,experiments/output/disabled_with_jfr/run_20260131_153100
test_topic_2687,2688,30.000,27.876,2.124,1.134,experiments/output/disabled_with_jfr/run_20260131_153100
test_topic_2688,2689,29.000,27.160,1.840,0.000,experiments/output/disabled_with_jfr/run_20260131_153100
test_topic_2689,2690,29.000,28.217,0.783,0.000,experiments/output/disabled_with_jfr/run_20260131_153100
test_topic_2690,2691,31.000,28.671,2.329,1.183,experiments/output/disabled_with_jfr/run_20260131_153100
test_topic_2691,2692,31.000,28.602,2.398,0.000,experiments/output/disabled_with_jfr/run_20260131_153100
test_topic_2692,2693,29.000,27.258,1.742,0.000,experiments/output/disabled_with_jfr/run_20260131_153100
test_topic_2693,2694,31.000,28.287,2.713,2.362,experiments/output/disabled_with_jfr/run_20260131_153100
test_topic_2694,2695,95.000,92.630,2.370,2.351,experiments/output/disabled_with_jfr/run_20260131_153100
test_topic_2695,2696,103.000,99.408,3.592,2.773,experiments/output/disabled_with_jfr/run_20260131_153100
test_topic_2696,2697,99.000,95.659,3.341,2.291,experiments/output/disabled_with_jfr/run_20260131_153100
test_topic_2697,2698,104.000,98.436,5.564,1.849,experiments/output/disabled_with_jfr/run_20260131_153100
test_topic_2698,2699,108.000,104.644,3.356,2.322,experiments/output/disabled_with_jfr/run_20260131_153100
test_topic_2699,2700,167.000,105.516,61.484,60.846,experiments/output/disabled_with_jfr/run_20260131_153100
test_topic_2700,2701,87.000,84.610,2.390,1.578,experiments/output/disabled_with_jfr/run_20260131_153100
test_topic_2701,2702,108.000,104.848,3.152,2.147,experiments/output/disabled_with_jfr/run_20260131_153100
test_topic_2702,2703,114.000,112.153,1.847,0.000,experiments/output/disabled_with_jfr/run_20260131_153100
test_topic_2703,2704,32.000,30.215,1.785,1.085,experiments/output/disabled_with_jfr/run_20260131_153100
test_topic_2704,2705,32.000,30.181,1.819,0.000,experiments/output/disabled_with_jfr/run_20260131_153100
test_topic_2705,2706,33.000,31.130,1.870,0.000,experiments/output/disabled_with_jfr/run_20260131_153100
test_topic_2706,2707,34.000,31.849,2.151,0.000,experiments/output/disabled_with_jfr/run_20260131_153100
test_topic_2707,2708,34.000,31.935,2.065,0.000,experiments/output/disabled_with_jfr/run_20260131_153100
test_topic_2708,2709,33.000,30.770,2.230,0.000,experiments/output/disabled_with_jfr/run_20260131_153100
test_topic_2709,2710,30.000,28.741,1.259,0.000,experiments/output/disabled_with_jfr/run_20260131_153100
test_topic_2710,2711,34.000,30.413,3.587,0.000,experiments/output/disabled_with_jfr/run_20260131_153100
test_topic_2711,2712,31.000,29.571,1.429,0.000,experiments/output/disabled_with_jfr/run_20260131_153100
test_topic_2712,2713,32.000,29.676,2.324,0.000,experiments/output/disabled_with_jfr/run_20260131_153100
test_topic_2713,2714,32.000,29.897,2.103,0.000,experiments/output/disabled_with_jfr/run_20260131_153100
test_topic_2714,2715,32.000,29.840,2.160,0.000,experiments/output/disabled_with_jfr/run_20260131_153100
test_topic_2715,2716,31.000,28.432,2.568,1.356,experiments/output/disabled_with_jfr/run_20260131_153100
test_topic_2716,2717,32.000,28.637,3.363,0.000,experiments/output/disabled_with_jfr/run_20260131_153100
test_topic_2717,2718,32.000,29.388,2.612,1.266,experiments/output/disabled_with_jfr/run_20260131_153100
test_topic_2718,2719,31.000,28.289,2.711,0.000,experiments/output/disabled_with_jfr/run_20260131_153100
test_topic_2719,2720,47.000,43.909,3.091,1.018,experiments/output/disabled_with_jfr/run_20260131_153100
test_topic_2720,2721,29.000,26.078,2.922,2.067,experiments/output/disabled_with_jfr/run_20260131_153100
test_topic_2721,2722,30.000,28.074,1.926,1.358,experiments/output/disabled_with_jfr/run_20260131_153100
test_topic_2722,2723,32.000,28.586,3.414,2.292,experiments/output/disabled_with_jfr/run_20260131_153100
test_topic_2723,2724,43.000,39.535,3.465,3.203,experiments/output/disabled_with_jfr/run_20260131_153100
test_topic_2724,2725,30.000,29.047,0.953,0.000,experiments/output/disabled_with_jfr/run_20260131_153100
test_topic_2725,2726,31.000,29.875,1.125,0.000,experiments/output/disabled_with_jfr/run_20260131_153100
test_topic_2726,2727,30.000,28.559,1.442,0.000,experiments/output/disabled_with_jfr/run_20260131_153100
test_topic_2727,2728,33.000,31.090,1.910,0.000,experiments/output/disabled_with_jfr/run_20260131_153100
test_topic_2728,2729,33.000,31.324,1.676,0.000,experiments/output/disabled_with_jfr/run_20260131_153100
test_topic_2729,2730,32.000,28.937,3.063,0.000,experiments/output/disabled_with_jfr/run_20260131_153100
test_topic_2730,2731,32.000,30.209,1.791,0.000,experiments/output/disabled_with_jfr/run_20260131_153100
test_topic_2731,2732,31.000,29.286,1.714,0.000,experiments/output/disabled_with_jfr/run_20260131_153100
test_topic_2732,2733,31.000,28.904,2.096,0.000,experiments/output/disabled_with_jfr/run_20260131_153100
test_topic_2733,2734,31.000,29.590,1.410,0.000,experiments/output/disabled_with_jfr/run_20260131_153100
test_topic_2734,2735,32.000,30.352,1.648,0.000,experiments/output/disabled_with_jfr/run_20260131_153100
test_topic_2735,2736,35.000,31.556,3.444,0.000,experiments/output/disabled_with_jfr/run_20260131_153100
test_topic_2736,2737,32.000,30.450,1.550,0.000,experiments/output/disabled_with_jfr/run_20260131_153100
test_topic_2737,2738,32.000,30.176,1.824,0.000,experiments/output/disabled_with_jfr/run_20260131_153100
test_topic_2738,2739,32.000,29.976,2.024,0.000,experiments/output/disabled_with_jfr/run_20260131_153100
test_topic_2739,2740,33.000,30.877,2.123,0.000,experiments/output/disabled_with_jfr/run_20260131_153100
test_topic_2740,2741,31.000,29.624,1.377,0.000,experiments/output/disabled_with_jfr/run_20260131_153100
test_topic_2741,2742,2062.000,2058.355,3.645,0.000,experiments/output/disabled_with_jfr/run_20260131_153100
test_topic_2742,2743,41.000,34.364,6.636,2.103,experiments/output/disabled_with_jfr/run_20260131_153100
test_topic_2743,2744,34.000,31.527,2.473,0.000,experiments/output/disabled_with_jfr/run_20260131_153100
test_topic_2744,2745,35.000,31.832,3.168,0.000,experiments/output/disabled_with_jfr/run_20260131_153100
test_topic_2745,2746,32.000,29.698,2.302,0.000,experiments/output/disabled_with_jfr/run_20260131_153100
test_topic_2746,2747,48.000,45.786,2.214,0.000,experiments/output/disabled_with_jfr/run_20260131_153100
test_topic_2747,2748,34.000,30.484,3.516,0.000,experiments/output/disabled_with_jfr/run_20260131_153100
test_topic_2748,2749,32.000,28.996,3.004,0.000,experiments/output/disabled_with_jfr/run_20260131_153100
test_topic_2749,2750,32.000,30.126,1.874,0.000,experiments/output/disabled_with_jfr/run_20260131_153100
test_topic_2750,2751,33.000,29.497,3.503,1.488,experiments/output/disabled_with_jfr/run_20260131_153100
test_topic_2751,2752,35.000,30.609,4.391,1.823,experiments/output/disabled_with_jfr/run_20260131_153100
test_topic_2752,2753,31.000,28.117,2.883,0.000,experiments/output/disabled_with_jfr/run_20260131_153100
test_topic_2753,2754,30.000,28.333,1.667,0.000,experiments/output/disabled_with_jfr/run_20260131_153100
test_topic_2754,2755,29.000,27.408,1.592,0.000,experiments/output/disabled_with_jfr/run_20260131_153100
test_topic_2755,2756,30.000,29.027,0.973,0.000,experiments/output/disabled_with_jfr/run_20260131_153100
test_topic_2756,2757,32.000,29.501,2.499,0.000,experiments/output/disabled_with_jfr/run_20260131_153100
test_topic_2757,2758,30.000,28.705,1.295,0.000,experiments/output/disabled_with_jfr/run_20260131_153100
test_topic_2758,2759,32.000,29.923,2.077,0.000,experiments/output/disabled_with_jfr/run_20260131_153100
test_topic_2759,2760,32.000,30.232,1.768,0.000,experiments/output/disabled_with_jfr/run_20260131_153100
test_topic_2760,2761,41.000,38.233,2.767,0.000,experiments/output/disabled_with_jfr/run_20260131_153100
test_topic_2761,2762,39.000,33.694,5.306,1.669,experiments/output/disabled_with_jfr/run_20260131_153100
test_topic_2762,2763,32.000,29.990,2.010,0.000,experiments/output/disabled_with_jfr/run_20260131_153100
test_topic_2763,2764,31.000,28.854,2.146,0.000,experiments/output/disabled_with_jfr/run_20260131_153100
test_topic_2764,2765,32.000,29.436,2.564,1.784,experiments/output/disabled_with_jfr/run_20260131_153100
test_topic_2765,2766,29.000,27.437,1.563,0.000,experiments/output/disabled_with_jfr/run_20260131_153100
test_topic_2766,2767,32.000,29.320,2.680,1.023,experiments/output/disabled_with_jfr/run_20260131_153100
test_topic_2767,2768,453.000,449.956,3.044,1.777,experiments/output/disabled_with_jfr/run_20260131_153100
test_topic_2768,2769,29.000,28.150,0.850,0.000,experiments/output/disabled_with_jfr/run_20260131_153100
test_topic_2769,2770,43.000,42.256,0.744,0.000,experiments/output/disabled_with_jfr/run_20260131_153100
test_topic_2770,2771,28.000,26.522,1.478,0.000,experiments/output/disabled_with_jfr/run_20260131_153100
test_topic_2771,2772,29.000,27.979,1.021,0.000,experiments/output/disabled_with_jfr/run_20260131_153100
test_topic_2772,2773,30.000,27.675,2.325,0.000,experiments/output/disabled_with_jfr/run_20260131_153100
test_topic_2773,2774,30.000,28.380,1.620,0.000,experiments/output/disabled_with_jfr/run_20260131_153100
test_topic_2774,2775,29.000,28.068,0.932,0.000,experiments/output/disabled_with_jfr/run_20260131_153100
test_topic_2775,2776,28.000,26.556,1.444,0.000,experiments/output/disabled_with_jfr/run_20260131_153100
test_topic_2776,2777,30.000,28.508,1.492,0.000,experiments/output/disabled_with_jfr/run_20260131_153100
test_topic_2777,2778,44.000,41.430,2.570,1.336,experiments/output/disabled_with_jfr/run_20260131_153100
test_topic_2778,2779,31.000,27.445,3.555,1.200,experiments/output/disabled_with_jfr/run_20260131_153100
test_topic_2779,2780,31.000,29.094,1.906,0.000,experiments/output/disabled_with_jfr/run_20260131_153100
test_topic_2780,2781,30.000,28.034,1.966,0.000,experiments/output/disabled_with_jfr/run_20260131_153100
test_topic_2781,2782,31.000,29.495,1.505,1.249,experiments/output/disabled_with_jfr/run_20260131_153100
test_topic_2782,2783,41.000,39.001,1.999,1.713,experiments/output/disabled_with_jfr/run_20260131_153100
test_topic_2783,2784,35.000,32.102,2.898,1.296,experiments/output/disabled_with_jfr/run_20260131_153100
test_topic_2784,2785,30.000,28.218,1.782,0.000,experiments/output/disabled_with_jfr/run_20260131_153100
test_topic_2785,2786,28.000,26.638,1.362,0.000,experiments/output/disabled_with_jfr/run_20260131_153100
test_topic_2786,2787,28.000,26.629,1.371,1.028,experiments/output/disabled_with_jfr/run_20260131_153100
test_topic_2787,2788,32.000,28.302,3.698,2.773,experiments/output/disabled_with_jfr/run_20260131_153100
test_topic_2788,2789,30.000,28.240,1.760,0.000,experiments/output/disabled_with_jfr/run_20260131_153100
test_topic_2789,2790,30.000,28.572,1.428,0.000,experiments/output/disabled_with_jfr/run_20260131_153100
test_topic_2790,2791,32.000,29.963,2.037,0.000,experiments/output/disabled_with_jfr/run_20260131_153100
test_topic_2791,2792,29.000,27.870,1.130,0.000,experiments/output/disabled_with_jfr/run_20260131_153100
test_topic_2792,2793,43.000,41.295,1.705,0.000,experiments/output/disabled_with_jfr/run_20260131_153100
test_topic_2793,2794,30.000,28.609,1.391,0.000,experiments/output/disabled_with_jfr/run_20260131_153100
test_topic_2794,2795,28.000,26.810,1.190,0.000,experiments/output/disabled_with_jfr/run_20260131_153100
test_topic_2795,2796,29.000,27.431,1.569,0.000,experiments/output/disabled_with_jfr/run_20260131_153100
test_topic_2796,2797,44.000,41.540,2.460,1.520,experiments/output/disabled_with_jfr/run_20260131_153100
test_topic_2797,2798,29.000,26.894,2.106,0.000,experiments/output/disabled_with_jfr/run_20260131_153100
test_topic_2798,2799,28.000,26.884,1.116,0.000,experiments/output/disabled_with_jfr/run_20260131_153100
test_topic_2799,2800,28.000,26.639,1.361,0.000,experiments/output/disabled_with_jfr/run_20260131_153100
test_topic_2800,2801,29.000,27.255,1.745,1.242,experiments/output/disabled_with_jfr/run_20260131_153100
test_topic_2801,2802,29.000,26.928,2.072,1.247,experiments/output/disabled_with_jfr/run_20260131_153100
test_topic_2802,2803,2033.000,2030.767,2.233,1.089,experiments/output/disabled_with_jfr/run_20260131_153100
test_topic_2803,2804,33.000,29.091,3.909,2.569,experiments/output/disabled_with_jfr/run_20260131_153100
test_topic_2804,2805,100.000,26.838,73.162,72.078,experiments/output/disabled_with_jfr/run_20260131_153100
test_topic_2805,2806,193.000,107.272,85.728,79.270,experiments/output/disabled_with_jfr/run_20260131_153100
test_topic_2806,2807,102.000,97.827,4.173,3.581,experiments/output/disabled_with_jfr/run_20260131_153100
test_topic_2807,2808,177.000,103.632,73.368,72.888,experiments/output/disabled_with_jfr/run_20260131_153100
test_topic_2808,2809,107.000,102.553,4.447,2.936,experiments/output/disabled_with_jfr/run_20260131_153100
test_topic_2809,2810,163.000,101.083,61.917,59.769,experiments/output/disabled_with_jfr/run_20260131_153100
test_topic_2810,2811,96.000,94.070,1.930,1.367,experiments/output/disabled_with_jfr/run_20260131_153100
test_topic_2811,2812,31.000,27.406,3.594,2.213,experiments/output/disabled_with_jfr/run_20260131_153100
test_topic_2812,2813,97.000,91.930,5.070,4.258,experiments/output/disabled_with_jfr/run_20260131_153100
test_topic_2813,2814,172.000,171.006,0.994,0.000,experiments/output/disabled_with_jfr/run_20260131_153100
test_topic_2814,2815,110.000,27.181,82.819,81.389,experiments/output/disabled_with_jfr/run_20260131_153100
test_topic_2815,2816,37.000,35.451,1.549,0.000,experiments/output/disabled_with_jfr/run_20260131_153100
test_topic_2816,2817,27.000,26.264,0.736,0.000,experiments/output/disabled_with_jfr/run_20260131_153100
test_topic_2817,2818,28.000,26.913,1.087,0.000,experiments/output/disabled_with_jfr/run_20260131_153100
test_topic_2818,2819,32.000,28.897,3.103,1.626,experiments/output/disabled_with_jfr/run_20260131_153100
test_topic_2819,2820,29.000,27.276,1.724,0.000,experiments/output/disabled_with_jfr/run_20260131_153100
test_topic_2820,2821,29.000,26.691,2.309,1.492,experiments/output/disabled_with_jfr/run_20260131_153100
test_topic_2821,2822,30.000,28.705,1.295,0.000,experiments/output/disabled_with_jfr/run_20260131_153100
test_topic_2822,2823,29.000,26.645,2.355,0.000,experiments/output/disabled_with_jfr/run_20260131_153100
test_topic_2823,2824,30.000,28.822,1.178,0.000,experiments/output/disabled_with_jfr/run_20260131_153100
test_topic_2824,2825,31.000,28.532,2.468,1.465,experiments/output/disabled_with_jfr/run_20260131_153100
test_topic_2825,2826,29.000,27.755,1.245,0.000,experiments/output/disabled_with_jfr/run_20260131_153100
test_topic_2826,2827,28.000,26.756,1.244,0.000,experiments/output/disabled_with_jfr/run_20260131_153100
test_topic_2827,2828,29.000,27.415,1.585,0.000,experiments/output/disabled_with_jfr/run_20260131_153100
test_topic_2828,2829,30.000,28.322,1.678,0.000,experiments/output/disabled_with_jfr/run_20260131_153100
test_topic_2829,2830,29.000,28.143,0.857,0.000,experiments/output/disabled_with_jfr/run_20260131_153100
test_topic_2830,2831,29.000,28.074,0.926,0.000,experiments/output/disabled_with_jfr/run_20260131_153100
test_topic_2831,2832,28.000,26.647,1.353,0.000,experiments/output/disabled_with_jfr/run_20260131_153100
test_topic_2832,2833,45.000,41.341,3.659,3.217,experiments/output/disabled_with_jfr/run_20260131_153100
test_topic_2833,2834,44.000,39.932,4.069,3.110,experiments/output/disabled_with_jfr/run_20260131_153100
test_topic_2834,2835,33.000,31.136,1.864,0.000,experiments/output/disabled_with_jfr/run_20260131_153100
test_topic_2835,2836,32.000,27.291,4.709,2.324,experiments/output/disabled_with_jfr/run_20260131_153100
test_topic_2836,2837,678.000,675.612,2.388,1.628,experiments/output/disabled_with_jfr/run_20260131_153100
test_topic_2837,2838,42.000,41.159,0.841,0.000,experiments/output/disabled_with_jfr/run_20260131_153100
test_topic_2838,2839,29.000,28.239,0.761,0.000,experiments/output/disabled_with_jfr/run_20260131_153100
test_topic_2839,2840,30.000,28.654,1.346,0.000,experiments/output/disabled_with_jfr/run_20260131_153100
test_topic_2840,2841,31.000,29.139,1.861,0.000,experiments/output/disabled_with_jfr/run_20260131_153100
test_topic_2841,2842,32.000,30.467,1.533,0.000,experiments/output/disabled_with_jfr/run_20260131_153100
test_topic_2842,2843,34.000,30.266,3.734,1.040,experiments/output/disabled_with_jfr/run_20260131_153100
test_topic_2843,2844,32.000,29.732,2.268,0.000,experiments/output/disabled_with_jfr/run_20260131_153100
test_topic_2844,2845,32.000,30.391,1.609,0.000,experiments/output/disabled_with_jfr/run_20260131_153100
test_topic_2845,2846,33.000,30.648,2.352,0.000,experiments/output/disabled_with_jfr/run_20260131_153100
test_topic_2846,2847,35.000,32.050,2.950,0.000,experiments/output/disabled_with_jfr/run_20260131_153100
test_topic_2847,2848,33.000,31.438,1.562,0.000,experiments/output/disabled_with_jfr/run_20260131_153100
test_topic_2848,2849,33.000,31.329,1.671,0.000,experiments/output/disabled_with_jfr/run_20260131_153100
test_topic_2849,2850,32.000,29.376,2.624,1.015,experiments/output/disabled_with_jfr/run_20260131_153100
test_topic_2850,2851,31.000,28.622,2.378,0.000,experiments/output/disabled_with_jfr/run_20260131_153100
test_topic_2851,2852,31.000,29.305,1.695,0.000,experiments/output/disabled_with_jfr/run_20260131_153100
test_topic_2852,2853,32.000,29.536,2.464,0.000,experiments/output/disabled_with_jfr/run_20260131_153100
test_topic_2853,2854,30.000,28.631,1.369,0.000,experiments/output/disabled_with_jfr/run_20260131_153100
test_topic_2854,2855,28.000,26.831,1.169,0.000,experiments/output/disabled_with_jfr/run_20260131_153100
test_topic_2855,2856,29.000,28.246,0.754,0.000,experiments/output/disabled_with_jfr/run_20260131_153100
test_topic_2856,2857,30.000,28.188,1.812,0.000,experiments/output/disabled_with_jfr/run_20260131_153100
test_topic_2857,2858,27.000,26.383,0.617,0.000,experiments/output/disabled_with_jfr/run_20260131_153100
test_topic_2858,2859,35.000,32.615,2.385,0.000,experiments/output/disabled_with_jfr/run_20260131_153100
test_topic_2859,2860,75.000,41.600,33.400,7.780,experiments/output/disabled_with_jfr/run_20260131_153100
test_topic_2860,2861,41.000,38.812,2.188,1.010,experiments/output/disabled_with_jfr/run_20260131_153100
test_topic_2861,2862,27.000,26.214,0.786,0.000,experiments/output/disabled_with_jfr/run_20260131_153100
test_topic_2862,2863,30.000,27.815,2.185,1.273,experiments/output/disabled_with_jfr/run_20260131_153100
test_topic_2863,2864,29.000,27.839,1.161,0.000,experiments/output/disabled_with_jfr/run_20260131_153100
test_topic_2864,2865,29.000,27.791,1.209,0.000,experiments/output/disabled_with_jfr/run_20260131_153100
test_topic_2865,2866,29.000,28.255,0.745,0.000,experiments/output/disabled_with_jfr/run_20260131_153100
test_topic_2866,2867,34.000,32.274,1.726,0.000,experiments/output/disabled_with_jfr/run_20260131_153100
test_topic_2867,2868,29.000,27.871,1.129,0.000,experiments/output/disabled_with_jfr/run_20260131_153100
test_topic_2868,2869,34.000,32.496,1.504,0.000,experiments/output/disabled_with_jfr/run_20260131_153100
test_topic_2869,2870,30.000,28.106,1.894,0.000,experiments/output/disabled_with_jfr/run_20260131_153100
test_topic_2870,2871,2028.000,2027.008,0.992,0.000,experiments/output/disabled_with_jfr/run_20260131_153100
test_topic_2871,2872,36.000,31.469,4.531,2.100,experiments/output/disabled_with_jfr/run_20260131_153100
test_topic_2872,2873,29.000,27.277,1.723,1.011,experiments/output/disabled_with_jfr/run_20260131_153100
test_topic_2873,2874,29.000,27.220,1.780,0.000,experiments/output/disabled_with_jfr/run_20260131_153100
test_topic_2874,2875,29.000,26.797,2.203,1.130,experiments/output/disabled_with_jfr/run_20260131_153100
test_topic_2875,2876,30.000,27.387,2.613,1.694,experiments/output/disabled_with_jfr/run_20260131_153100
test_topic_2876,2877,31.000,28.802,2.198,1.117,experiments/output/disabled_with_jfr/run_20260131_153100
test_topic_2877,2878,32.000,29.781,2.219,0.000,experiments/output/disabled_with_jfr/run_20260131_153100
test_topic_2878,2879,29.000,27.513,1.487,0.000,experiments/output/disabled_with_jfr/run_20260131_153100
test_topic_2879,2880,31.000,29.780,1.220,0.000,experiments/output/disabled_with_jfr/run_20260131_153100
test_topic_2880,2881,28.000,27.039,0.961,0.000,experiments/output/disabled_with_jfr/run_20260131_153100
test_topic_2881,2882,29.000,27.508,1.492,0.000,experiments/output/disabled_with_jfr/run_20260131_153100
test_topic_2882,2883,29.000,27.720,1.280,0.000,experiments/output/disabled_with_jfr/run_20260131_153100
test_topic_2883,2884,59.000,54.831,4.169,2.149,experiments/output/disabled_with_jfr/run_20260131_153100
test_topic_2884,2885,28.000,27.174,0.826,0.000,experiments/output/disabled_with_jfr/run_20260131_153100
test_topic_2885,2886,28.000,26.868,1.132,0.000,experiments/output/disabled_with_jfr/run_20260131_153100
test_topic_2886,2887,30.000,27.888,2.112,1.129,experiments/output/disabled_with_jfr/run_20260131_153100
test_topic_2887,2888,28.000,27.057,0.943,0.000,experiments/output/disabled_with_jfr/run_20260131_153100
test_topic_2888,2889,28.000,26.219,1.781,0.000,experiments/output/disabled_with_jfr/run_20260131_153100
test_topic_2889,2890,29.000,26.985,2.015,0.000,experiments/output/disabled_with_jfr/run_20260131_153100
test_topic_2890,2891,30.000,28.869,1.131,0.000,experiments/output/disabled_with_jfr/run_20260131_153100
test_topic_2891,2892,29.000,28.203,0.797,0.000,experiments/output/disabled_with_jfr/run_20260131_153100
test_topic_2892,2893,30.000,28.667,1.333,0.000,experiments/output/disabled_with_jfr/run_20260131_153100
test_topic_2893,2894,28.000,26.807,1.193,0.000,experiments/output/disabled_with_jfr/run_20260131_153100
test_topic_2894,2895,28.000,27.213,0.787,0.000,experiments/output/disabled_with_jfr/run_20260131_153100
test_topic_2895,2896,30.000,28.945,1.055,0.000,experiments/output/disabled_with_jfr/run_20260131_153100
test_topic_2896,2897,66.000,65.004,0.996,0.000,experiments/output/disabled_with_jfr/run_20260131_153100
test_topic_2897,2898,29.000,28.085,0.915,0.000,experiments/output/disabled_with_jfr/run_20260131_153100
test_topic_2898,2899,28.000,27.016,0.984,0.000,experiments/output/disabled_with_jfr/run_20260131_153100
test_topic_2899,2900,28.000,27.149,0.851,0.000,experiments/output/disabled_with_jfr/run_20260131_153100
test_topic_2900,2901,29.000,27.926,1.074,0.000,experiments/output/disabled_with_jfr/run_20260131_153100
test_topic_2901,2902,29.000,27.681,1.319,0.000,experiments/output/disabled_with_jfr/run_20260131_153100
test_topic_2902,2903,29.000,27.573,1.427,0.000,experiments/output/disabled_with_jfr/run_20260131_153100
test_topic_2903,2904,28.000,26.863,1.137,0.000,experiments/output/disabled_with_jfr/run_20260131_153100
test_topic_2904,2905,29.000,27.044,1.956,1.072,experiments/output/disabled_with_jfr/run_20260131_153100
test_topic_2905,2906,2039.000,2037.741,1.259,0.000,experiments/output/disabled_with_jfr/run_20260131_153100
test_topic_2906,2907,49.000,46.252,2.748,1.693,experiments/output/disabled_with_jfr/run_20260131_153100
test_topic_2907,2908,31.000,29.965,1.035,0.000,experiments/output/disabled_with_jfr/run_20260131_153100
test_topic_2908,2909,37.000,32.134,4.866,2.523,experiments/output/disabled_with_jfr/run_20260131_153100
test_topic_2909,2910,69.000,66.811,2.189,1.098,experiments/output/disabled_with_jfr/run_20260131_153100
test_topic_2910,2911,101.000,98.376,2.624,1.393,experiments/output/disabled_with_jfr/run_20260131_153100
test_topic_2911,2912,168.000,94.384,73.617,70.796,experiments/output/disabled_with_jfr/run_20260131_153100
test_topic_2912,2913,32.000,30.684,1.316,0.000,experiments/output/disabled_with_jfr/run_20260131_153100
test_topic_2913,2914,175.000,100.344,74.656,73.290,experiments/output/disabled_with_jfr/run_20260131_153100
test_topic_2914,2915,104.000,98.761,5.239,3.007,experiments/output/disabled_with_jfr/run_20260131_153100
test_topic_2915,2916,35.000,32.682,2.318,2.096,experiments/output/disabled_with_jfr/run_20260131_153100
test_topic_2916,2917,84.000,82.117,1.883,1.013,experiments/output/disabled_with_jfr/run_20260131_153100
test_topic_2917,2918,88.000,26.746,61.254,60.738,experiments/output/disabled_with_jfr/run_20260131_153100
test_topic_2918,2919,28.000,26.989,1.012,0.000,experiments/output/disabled_with_jfr/run_20260131_153100
test_topic_2919,2920,32.000,30.252,1.748,1.375,experiments/output/disabled_with_jfr/run_20260131_153100
test_topic_2920,2921,102.000,99.641,2.359,1.123,experiments/output/disabled_with_jfr/run_20260131_153100
test_topic_2921,2922,34.000,30.681,3.319,1.032,experiments/output/disabled_with_jfr/run_20260131_153100
test_topic_2922,2923,56.000,54.598,1.402,0.000,experiments/output/disabled_with_jfr/run_20260131_153100
test_topic_2923,2924,31.000,29.134,1.866,0.000,experiments/output/disabled_with_jfr/run_20260131_153100
test_topic_2924,2925,30.000,28.092,1.908,0.000,experiments/output/disabled_with_jfr/run_20260131_153100
test_topic_2925,2926,29.000,27.716,1.284,0.000,experiments/output/disabled_with_jfr/run_20260131_153100
test_topic_2926,2927,42.000,40.882,1.118,0.000,experiments/output/disabled_with_jfr/run_20260131_153100
test_topic_2927,2928,29.000,27.246,1.754,1.359,experiments/output/disabled_with_jfr/run_20260131_153100
test_topic_2928,2929,40.000,26.350,13.650,12.800,experiments/output/disabled_with_jfr/run_20260131_153100
test_topic_2929,2930,29.000,27.729,1.271,0.000,experiments/output/disabled_with_jfr/run_20260131_153100
test_topic_2930,2931,28.000,27.138,0.862,0.000,experiments/output/disabled_with_jfr/run_20260131_153100
test_topic_2931,2932,30.000,28.448,1.552,0.000,experiments/output/disabled_with_jfr/run_20260131_153100
test_topic_2932,2933,27.000,26.176,0.824,0.000,experiments/output/disabled_with_jfr/run_20260131_153100
test_topic_2933,2934,31.000,29.180,1.820,0.000,experiments/output/disabled_with_jfr/run_20260131_153100
test_topic_2934,2935,29.000,26.851,2.149,1.172,experiments/output/disabled_with_jfr/run_20260131_153100
test_topic_2935,2936,30.000,29.041,0.959,0.000,experiments/output/disabled_with_jfr/run_20260131_153100
test_topic_2936,2937,30.000,28.497,1.503,0.000,experiments/output/disabled_with_jfr/run_20260131_153100
test_topic_2937,2938,34.000,29.706,4.294,3.120,experiments/output/disabled_with_jfr/run_20260131_153100
test_topic_2938,2939,29.000,27.564,1.436,0.000,experiments/output/disabled_with_jfr/run_20260131_153100
test_topic_2939,2940,30.000,27.327,2.673,0.000,experiments/output/disabled_with_jfr/run_20260131_153100
test_topic_2940,2941,28.000,27.378,0.622,0.000,experiments/output/disabled_with_jfr/run_20260131_153100
test_topic_2941,2942,44.000,39.019,4.981,3.240,experiments/output/disabled_with_jfr/run_20260131_153100
test_topic_2942,2943,32.000,29.895,2.105,1.291,experiments/output/disabled_with_jfr/run_20260131_153100
test_topic_2943,2944,29.000,27.299,1.701,1.284,experiments/output/disabled_with_jfr/run_20260131_153100
test_topic_2944,2945,32.000,29.497,2.503,1.536,experiments/output/disabled_with_jfr/run_20260131_153100
test_topic_2945,2946,36.000,31.970,4.030,1.217,experiments/output/disabled_with_jfr/run_20260131_153100
test_topic_2946,2947,30.000,28.072,1.928,0.000,experiments/output/disabled_with_jfr/run_20260131_153100
test_topic_2947,2948,29.000,27.737,1.263,0.000,experiments/output/disabled_with_jfr/run_20260131_153100
test_topic_2948,2949,34.000,30.341,3.659,1.500,experiments/output/disabled_with_jfr/run_20260131_153100
test_topic_2949,2950,33.000,30.871,2.129,1.164,experiments/output/disabled_with_jfr/run_20260131_153100
test_topic_2950,2951,31.000,29.460,1.540,1.125,experiments/output/disabled_with_jfr/run_20260131_153100
test_topic_2951,2952,37.000,34.714,2.286,0.000,experiments/output/disabled_with_jfr/run_20260131_153100
test_topic_2952,2953,2030.000,2028.174,1.826,0.000,experiments/output/disabled_with_jfr/run_20260131_153100
test_topic_2953,2954,32.000,28.364,3.636,2.656,experiments/output/disabled_with_jfr/run_20260131_153100
test_topic_2954,2955,28.000,26.596,1.404,0.000,experiments/output/disabled_with_jfr/run_20260131_153100
test_topic_2955,2956,29.000,27.703,1.297,0.000,experiments/output/disabled_with_jfr/run_20260131_153100
test_topic_2956,2957,28.000,26.956,1.044,0.000,experiments/output/disabled_with_jfr/run_20260131_153100
test_topic_2957,2958,30.000,27.917,2.083,1.163,experiments/output/disabled_with_jfr/run_20260131_153100
test_topic_2958,2959,31.000,28.455,2.545,1.323,experiments/output/disabled_with_jfr/run_20260131_153100
test_topic_2959,2960,30.000,28.273,1.727,0.000,experiments/output/disabled_with_jfr/run_20260131_153100
test_topic_2960,2961,33.000,31.436,1.564,0.000,experiments/output/disabled_with_jfr/run_20260131_153100
test_topic_2961,2962,29.000,27.773,1.227,0.000,experiments/output/disabled_with_jfr/run_20260131_153100
test_topic_2962,2963,28.000,26.413,1.587,0.000,experiments/output/disabled_with_jfr/run_20260131_153100
test_topic_2963,2964,29.000,26.995,2.005,0.000,experiments/output/disabled_with_jfr/run_20260131_153100
test_topic_2964,2965,28.000,27.007,0.993,0.000,experiments/output/disabled_with_jfr/run_20260131_153100
test_topic_2965,2966,28.000,27.001,0.999,0.000,experiments/output/disabled_with_jfr/run_20260131_153100
test_topic_2966,2967,40.000,38.943,1.057,0.000,experiments/output/disabled_with_jfr/run_20260131_153100
test_topic_2967,2968,41.000,37.480,3.520,1.981,experiments/output/disabled_with_jfr/run_20260131_153100
test_topic_2968,2969,34.000,31.645,2.355,1.292,experiments/output/disabled_with_jfr/run_20260131_153100
test_topic_2969,2970,29.000,26.725,2.276,0.000,experiments/output/disabled_with_jfr/run_20260131_153100
test_topic_2970,2971,28.000,27.139,0.861,0.000,experiments/output/disabled_with_jfr/run_20260131_153100
test_topic_2971,2972,29.000,27.683,1.317,0.000,experiments/output/disabled_with_jfr/run_20260131_153100
test_topic_2972,2973,29.000,27.206,1.794,0.000,experiments/output/disabled_with_jfr/run_20260131_153100
test_topic_2973,2974,28.000,26.637,1.363,0.000,experiments/output/disabled_with_jfr/run_20260131_153100
test_topic_2974,2975,42.000,28.176,13.824,13.177,experiments/output/disabled_with_jfr/run_20260131_153100
test_topic_2975,2976,30.000,28.698,1.302,0.000,experiments/output/disabled_with_jfr/run_20260131_153100
test_topic_2976,2977,30.000,29.011,0.989,0.000,experiments/output/disabled_with_jfr/run_20260131_153100
test_topic_2977,2978,28.000,26.780,1.220,0.000,experiments/output/disabled_with_jfr/run_20260131_153100
test_topic_2978,2979,30.000,27.966,2.034,0.000,experiments/output/disabled_with_jfr/run_20260131_153100
test_topic_2979,2980,28.000,27.022,0.978,0.000,experiments/output/disabled_with_jfr/run_20260131_153100
test_topic_2980,2981,31.000,30.323,0.677,0.000,experiments/output/disabled_with_jfr/run_20260131_153100
test_topic_2981,2982,37.000,34.346,2.654,1.164,experiments/output/disabled_with_jfr/run_20260131_153100
test_topic_2982,2983,31.000,28.235,2.765,1.196,experiments/output/disabled_with_jfr/run_20260131_153100
test_topic_2983,2984,30.000,27.568,2.433,1.787,experiments/output/disabled_with_jfr/run_20260131_153100
test_topic_2984,2985,30.000,29.305,0.695,0.000,experiments/output/disabled_with_jfr/run_20260131_153100
test_topic_2985,2986,29.000,27.631,1.369,0.000,experiments/output/disabled_with_jfr/run_20260131_153100
test_topic_2986,2987,31.000,29.328,1.672,0.000,experiments/output/disabled_with_jfr/run_20260131_153100
test_topic_2987,2988,2083.000,2081.024,1.976,0.000,experiments/output/disabled_with_jfr/run_20260131_153100
test_topic_2988,2989,36.000,31.331,4.669,1.375,experiments/output/disabled_with_jfr/run_20260131_153100
test_topic_2989,2990,50.000,39.995,10.005,9.440,experiments/output/disabled_with_jfr/run_20260131_153100
test_topic_2990,2991,34.000,31.753,2.247,0.000,experiments/output/disabled_with_jfr/run_20260131_153100
test_topic_2991,2992,29.000,26.914,2.086,1.084,experiments/output/disabled_with_jfr/run_20260131_153100
test_topic_2992,2993,28.000,26.370,1.630,0.000,experiments/output/disabled_with_jfr/run_20260131_153100
test_topic_2993,2994,28.000,26.580,1.420,0.000,experiments/output/disabled_with_jfr/run_20260131_153100
test_topic_2994,2995,28.000,26.697,1.303,0.000,experiments/output/disabled_with_jfr/run_20260131_153100
test_topic_2995,2996,28.000,26.881,1.119,0.000,experiments/output/disabled_with_jfr/run_20260131_153100
test_topic_2996,2997,31.000,28.915,2.085,0.000,experiments/output/disabled_with_jfr/run_20260131_153100
test_topic_2997,2998,43.000,27.945,15.055,14.513,experiments/output/disabled_with_jfr/run_20260131_153100
test_topic_2998,2999,28.000,26.694,1.306,0.000,experiments/output/disabled_with_jfr/run_20260131_153100
test_topic_2999,3000,28.000,26.557,1.443,0.000,experiments/output/disabled_with_jfr/run_20260131_153100
