[2026-03-09 17:25:56,070] INFO Registered `kafka:type=kafka.Log4jController` MBean (kafka.utils.Log4jControllerRegistration$)
[2026-03-09 17:25:56,192] INFO Registered signal handlers for TERM, INT, HUP (org.apache.kafka.common.utils.LoggingSignalHandler)
[2026-03-09 17:25:56,193] INFO [ControllerServer id=1] Starting controller (kafka.server.ControllerServer)
[2026-03-09 17:25:56,305] INFO Updated connection-accept-rate max connection creation rate to 2147483647 (kafka.network.ConnectionQuotas)
[2026-03-09 17:25:56,319] INFO [SocketServer listenerType=CONTROLLER, nodeId=1] Created data-plane acceptor and processors for endpoint : ListenerName(CONTROLLER) (kafka.network.SocketServer)
[2026-03-09 17:25:56,322] INFO authorizerStart completed for endpoint CONTROLLER. Endpoint is now READY. (org.apache.kafka.server.network.EndpointReadyFutures)
[2026-03-09 17:25:56,323] INFO [SharedServer id=1] Starting SharedServer (kafka.server.SharedServer)
[2026-03-09 17:25:56,346] INFO [LogLoader partition=__cluster_metadata-0, dir=/tmp/kraft-combined-logs] Loading producer state till offset 0 (org.apache.kafka.storage.internals.log.UnifiedLog)
[2026-03-09 17:25:56,346] INFO [LogLoader partition=__cluster_metadata-0, dir=/tmp/kraft-combined-logs] Reloading from producer snapshot and rebuilding producer state from offset 0 (org.apache.kafka.storage.internals.log.UnifiedLog)
[2026-03-09 17:25:56,346] INFO [LogLoader partition=__cluster_metadata-0, dir=/tmp/kraft-combined-logs] Producer state recovery took 0ms for snapshot load and 0ms for segment recovery from offset 0 (org.apache.kafka.storage.internals.log.UnifiedLog)
[2026-03-09 17:25:56,357] INFO Initialized snapshots with IDs SortedSet(OffsetAndEpoch[offset=0, epoch=0]) from /tmp/kraft-combined-logs/__cluster_metadata-0 (kafka.raft.KafkaMetadataLog$)
[2026-03-09 17:25:56,362] INFO [raft-expiration-reaper]: Starting (org.apache.kafka.raft.TimingWheelExpirationService$ExpiredOperationReaper)
[2026-03-09 17:25:56,365] INFO [RaftManager id=1] Starting request manager with bootstrap servers: [localhost:9093 (id: -2 rack: null isFenced: false)] (org.apache.kafka.raft.KafkaRaftClient)
[2026-03-09 17:25:56,367] INFO [RaftManager id=1] Reading KRaft snapshot and log as part of the initialization (org.apache.kafka.raft.KafkaRaftClient)
[2026-03-09 17:25:56,368] INFO [RaftManager id=1] Loading snapshot (OffsetAndEpoch[offset=0, epoch=0]) since log start offset (0) is greater than the internal listener's next offset (-1) (org.apache.kafka.raft.internals.KRaftControlRecordStateMachine)
[2026-03-09 17:25:56,371] INFO [RaftManager id=1] Latest kraft.version is KRAFT_VERSION_1 at offset -1 (org.apache.kafka.raft.internals.KRaftControlRecordStateMachine)
[2026-03-09 17:25:56,371] INFO [RaftManager id=1] Latest set of voters is VoterSet(voters={1=VoterNode(voterKey=ReplicaKey(id=1, directoryId=NiMs2mD-QtmGVhrALaZOCA), listeners=Endpoints(endpoints={ListenerName(CONTROLLER)=localhost/<unresolved>:9093}), supportedKRaftVersion=SupportedVersionRange[min_version:0, max_version:1])}) at offset -1 (org.apache.kafka.raft.internals.KRaftControlRecordStateMachine)
[2026-03-09 17:25:56,372] INFO [RaftManager id=1] Starting voters are VoterSet(voters={1=VoterNode(voterKey=ReplicaKey(id=1, directoryId=NiMs2mD-QtmGVhrALaZOCA), listeners=Endpoints(endpoints={ListenerName(CONTROLLER)=localhost/<unresolved>:9093}), supportedKRaftVersion=SupportedVersionRange[min_version:0, max_version:1])}) (org.apache.kafka.raft.KafkaRaftClient)
[2026-03-09 17:25:56,373] INFO [RaftManager id=1] Attempting durable transition to UnattachedState(epoch=0, leaderId=OptionalInt.empty, votedKey=Optional.empty, voters=[1], electionTimeoutMs=1652, highWatermark=Optional.empty) from null (org.apache.kafka.raft.QuorumState)
[2026-03-09 17:25:56,383] INFO [RaftManager id=1] Completed transition to UnattachedState(epoch=0, leaderId=OptionalInt.empty, votedKey=Optional.empty, voters=[1], electionTimeoutMs=1652, highWatermark=Optional.empty) from null (org.apache.kafka.raft.QuorumState)
[2026-03-09 17:25:56,384] INFO [RaftManager id=1] Completed transition to ProspectiveState(epoch=0, leaderId=OptionalInt.empty, votedKey=Optional.empty, epochElection=EpochElection[voterStates={1=VoterState(replicaKey=ReplicaKey(id=1, directoryId=NiMs2mD-QtmGVhrALaZOCA), state=GRANTED)}], electionTimeoutMs=1541, highWatermark=Optional.empty) from UnattachedState(epoch=0, leaderId=OptionalInt.empty, votedKey=Optional.empty, voters=[1], electionTimeoutMs=1652, highWatermark=Optional.empty) (org.apache.kafka.raft.QuorumState)
[2026-03-09 17:25:56,385] INFO [RaftManager id=1] Attempting durable transition to CandidateState(localId=1, localDirectoryId=NiMs2mD-QtmGVhrALaZOCA, epoch=1, epochElection=EpochElection[voterStates={1=VoterState(replicaKey=ReplicaKey(id=1, directoryId=NiMs2mD-QtmGVhrALaZOCA), state=GRANTED)}], highWatermark=Optional.empty, electionTimeoutMs=1301) from ProspectiveState(epoch=0, leaderId=OptionalInt.empty, votedKey=Optional.empty, epochElection=EpochElection[voterStates={1=VoterState(replicaKey=ReplicaKey(id=1, directoryId=NiMs2mD-QtmGVhrALaZOCA), state=GRANTED)}], electionTimeoutMs=1541, highWatermark=Optional.empty) (org.apache.kafka.raft.QuorumState)
[2026-03-09 17:25:56,389] INFO [RaftManager id=1] Completed transition to CandidateState(localId=1, localDirectoryId=NiMs2mD-QtmGVhrALaZOCA, epoch=1, epochElection=EpochElection[voterStates={1=VoterState(replicaKey=ReplicaKey(id=1, directoryId=NiMs2mD-QtmGVhrALaZOCA), state=GRANTED)}], highWatermark=Optional.empty, electionTimeoutMs=1301) from ProspectiveState(epoch=0, leaderId=OptionalInt.empty, votedKey=Optional.empty, epochElection=EpochElection[voterStates={1=VoterState(replicaKey=ReplicaKey(id=1, directoryId=NiMs2mD-QtmGVhrALaZOCA), state=GRANTED)}], electionTimeoutMs=1541, highWatermark=Optional.empty) (org.apache.kafka.raft.QuorumState)
[2026-03-09 17:25:56,390] INFO [RaftManager id=1] Attempting durable transition to Leader(localVoterNode=VoterNode(voterKey=ReplicaKey(id=1, directoryId=NiMs2mD-QtmGVhrALaZOCA), listeners=Endpoints(endpoints={ListenerName(CONTROLLER)=localhost/<unresolved>:9093}), supportedKRaftVersion=SupportedVersionRange[min_version:0, max_version:1]), epoch=1, epochStartOffset=0, highWatermark=Optional.empty, voterStates={1=ReplicaState(replicaKey=ReplicaKey(id=1, directoryId=NiMs2mD-QtmGVhrALaZOCA), endOffset=Optional.empty, lastFetchTimestamp=-1, lastCaughtUpTimestamp=-1, hasAcknowledgedLeader=true)}) from CandidateState(localId=1, localDirectoryId=NiMs2mD-QtmGVhrALaZOCA, epoch=1, epochElection=EpochElection[voterStates={1=VoterState(replicaKey=ReplicaKey(id=1, directoryId=NiMs2mD-QtmGVhrALaZOCA), state=GRANTED)}], highWatermark=Optional.empty, electionTimeoutMs=1301) (org.apache.kafka.raft.QuorumState)
[2026-03-09 17:25:56,394] INFO [RaftManager id=1] Completed transition to Leader(localVoterNode=VoterNode(voterKey=ReplicaKey(id=1, directoryId=NiMs2mD-QtmGVhrALaZOCA), listeners=Endpoints(endpoints={ListenerName(CONTROLLER)=localhost/<unresolved>:9093}), supportedKRaftVersion=SupportedVersionRange[min_version:0, max_version:1]), epoch=1, epochStartOffset=0, highWatermark=Optional.empty, voterStates={1=ReplicaState(replicaKey=ReplicaKey(id=1, directoryId=NiMs2mD-QtmGVhrALaZOCA), endOffset=Optional.empty, lastFetchTimestamp=-1, lastCaughtUpTimestamp=-1, hasAcknowledgedLeader=true)}) from CandidateState(localId=1, localDirectoryId=NiMs2mD-QtmGVhrALaZOCA, epoch=1, epochElection=EpochElection[voterStates={1=VoterState(replicaKey=ReplicaKey(id=1, directoryId=NiMs2mD-QtmGVhrALaZOCA), state=GRANTED)}], highWatermark=Optional.empty, electionTimeoutMs=1301) (org.apache.kafka.raft.QuorumState)
[2026-03-09 17:25:56,404] INFO [kafka-1-raft-outbound-request-thread]: Starting (org.apache.kafka.raft.KafkaNetworkChannel$SendThread)
[2026-03-09 17:25:56,404] INFO [kafka-1-raft-io-thread]: Starting (org.apache.kafka.raft.KafkaRaftClientDriver)
[2026-03-09 17:25:56,408] INFO [RaftManager id=1] Latest kraft.version is KRAFT_VERSION_1 at offset 1 (org.apache.kafka.raft.internals.KRaftControlRecordStateMachine)
[2026-03-09 17:25:56,408] INFO [RaftManager id=1] Latest set of voters is VoterSet(voters={1=VoterNode(voterKey=ReplicaKey(id=1, directoryId=NiMs2mD-QtmGVhrALaZOCA), listeners=Endpoints(endpoints={ListenerName(CONTROLLER)=localhost/<unresolved>:9093}), supportedKRaftVersion=SupportedVersionRange[min_version:0, max_version:1])}) at offset 2 (org.apache.kafka.raft.internals.KRaftControlRecordStateMachine)
[2026-03-09 17:25:56,410] INFO [MetadataLoader id=1] initializeNewPublishers: The loader is still catching up because we have loaded up to offset -1, but the high water mark is 3 (org.apache.kafka.image.loader.MetadataLoader)
[2026-03-09 17:25:56,410] INFO [RaftManager id=1] High watermark set to LogOffsetMetadata(offset=3, metadata=Optional[(segmentBaseOffset=0,relativePositionInSegment=174)]) for the first time for epoch 1 based on indexOfHw 0 and voters [ReplicaState(replicaKey=ReplicaKey(id=1, directoryId=NiMs2mD-QtmGVhrALaZOCA), endOffset=Optional[LogOffsetMetadata(offset=3, metadata=Optional[(segmentBaseOffset=0,relativePositionInSegment=174)])], lastFetchTimestamp=-1, lastCaughtUpTimestamp=-1, hasAcknowledgedLeader=true)] (org.apache.kafka.raft.LeaderState)
[2026-03-09 17:25:56,411] INFO [ControllerServer id=1] Waiting for controller quorum voters future (kafka.server.ControllerServer)
[2026-03-09 17:25:56,411] INFO [ControllerServer id=1] Finished waiting for controller quorum voters future (kafka.server.ControllerServer)
[2026-03-09 17:25:56,420] INFO [RaftManager id=1] Registered the listener org.apache.kafka.image.loader.MetadataLoader@1301123483 (org.apache.kafka.raft.KafkaRaftClient)
[2026-03-09 17:25:56,421] INFO [MetadataLoader id=1] handleLoadSnapshot(00000000000000000000-0000000000): incrementing HandleLoadSnapshotCount to 1. (org.apache.kafka.image.loader.MetadataLoader)
[2026-03-09 17:25:56,423] INFO [MetadataLoader id=1] handleLoadSnapshot(00000000000000000000-0000000000): generated a metadata delta between offset -1 and this snapshot in 2491 us. (org.apache.kafka.image.loader.MetadataLoader)
[2026-03-09 17:25:56,424] INFO [MetadataLoader id=1] maybePublishMetadata(SNAPSHOT): The loader is still catching up because we have loaded up to offset -1, but the high water mark is 3 (org.apache.kafka.image.loader.MetadataLoader)
[2026-03-09 17:25:56,424] INFO [MetadataLoader id=1] maybePublishMetadata(LOG_DELTA): The loader is still catching up because we have not loaded a controller record as of offset 2 and high water mark is 3 (org.apache.kafka.image.loader.MetadataLoader)
[2026-03-09 17:25:56,425] INFO [RaftManager id=1] Registered the listener org.apache.kafka.controller.QuorumController$QuorumMetaLogListener@1204674804 (org.apache.kafka.raft.KafkaRaftClient)
[2026-03-09 17:25:56,427] INFO [controller-1-ThrottledChannelReaper-Fetch]: Starting (org.apache.kafka.server.quota.ClientQuotaManager$ThrottledChannelReaper)
[2026-03-09 17:25:56,427] INFO [controller-1-ThrottledChannelReaper-Produce]: Starting (org.apache.kafka.server.quota.ClientQuotaManager$ThrottledChannelReaper)
[2026-03-09 17:25:56,428] INFO [controller-1-ThrottledChannelReaper-Request]: Starting (org.apache.kafka.server.quota.ClientQuotaManager$ThrottledChannelReaper)
[2026-03-09 17:25:56,428] INFO [controller-1-ThrottledChannelReaper-ControllerMutation]: Starting (org.apache.kafka.server.quota.ClientQuotaManager$ThrottledChannelReaper)
[2026-03-09 17:25:56,435] INFO [ExpirationReaper-1-AlterAcls]: Starting (org.apache.kafka.server.purgatory.DelayedOperationPurgatory$ExpiredOperationReaper)
[2026-03-09 17:25:56,446] INFO [ControllerServer id=1] Waiting for the controller metadata publishers to be installed (kafka.server.ControllerServer)
[2026-03-09 17:25:56,446] INFO [MetadataLoader id=1] initializeNewPublishers: The loader is still catching up because we have not loaded a controller record as of offset 2 and high water mark is 3 (org.apache.kafka.image.loader.MetadataLoader)
[2026-03-09 17:25:56,446] INFO [ControllerServer id=1] Finished waiting for the controller metadata publishers to be installed (kafka.server.ControllerServer)
[2026-03-09 17:25:56,447] INFO [SocketServer listenerType=CONTROLLER, nodeId=1] Enabling request processing. (kafka.network.SocketServer)
[2026-03-09 17:25:56,449] INFO Awaiting socket connections on 0.0.0.0:9093. (kafka.network.DataPlaneAcceptor)
[2026-03-09 17:25:56,452] INFO [controller-1-to-controller-registration-channel-manager]: Starting (kafka.server.NodeToControllerRequestThread)
[2026-03-09 17:25:56,452] INFO [ControllerRegistrationManager id=1 incarnation=Z3hng1_2TJex6OLU20uB1g] initialized channel manager. (kafka.server.ControllerRegistrationManager)
[2026-03-09 17:25:56,453] INFO [ControllerRegistrationManager id=1 incarnation=Z3hng1_2TJex6OLU20uB1g] maybeSendControllerRegistration: cannot register yet because the metadata.version is not known yet. (kafka.server.ControllerRegistrationManager)
[2026-03-09 17:25:56,453] INFO [controller-1-to-controller-registration-channel-manager]: Recorded new KRaft controller, from now on will use node localhost:9093 (id: 1 rack: null isFenced: false) (kafka.server.NodeToControllerRequestThread)
[2026-03-09 17:25:56,453] INFO [ControllerServer id=1] Waiting for all of the authorizer futures to be completed (kafka.server.ControllerServer)
[2026-03-09 17:25:56,453] INFO [ControllerServer id=1] Finished waiting for all of the authorizer futures to be completed (kafka.server.ControllerServer)
[2026-03-09 17:25:56,453] INFO [ControllerServer id=1] Waiting for all of the SocketServer Acceptors to be started (kafka.server.ControllerServer)
[2026-03-09 17:25:56,453] INFO [ControllerServer id=1] Finished waiting for all of the SocketServer Acceptors to be started (kafka.server.ControllerServer)
[2026-03-09 17:25:56,454] INFO [BrokerServer id=1] Transition from SHUTDOWN to STARTING (kafka.server.BrokerServer)
[2026-03-09 17:25:56,454] INFO [BrokerServer id=1] Starting broker (kafka.server.BrokerServer)
[2026-03-09 17:25:56,456] INFO [broker-1-ThrottledChannelReaper-Fetch]: Starting (org.apache.kafka.server.quota.ClientQuotaManager$ThrottledChannelReaper)
[2026-03-09 17:25:56,456] INFO [broker-1-ThrottledChannelReaper-Produce]: Starting (org.apache.kafka.server.quota.ClientQuotaManager$ThrottledChannelReaper)
[2026-03-09 17:25:56,456] INFO [broker-1-ThrottledChannelReaper-Request]: Starting (org.apache.kafka.server.quota.ClientQuotaManager$ThrottledChannelReaper)
[2026-03-09 17:25:56,456] INFO [broker-1-ThrottledChannelReaper-ControllerMutation]: Starting (org.apache.kafka.server.quota.ClientQuotaManager$ThrottledChannelReaper)
[2026-03-09 17:25:56,459] INFO KafkaConfig values: 
	add.partitions.to.txn.retry.backoff.max.ms = 100
	add.partitions.to.txn.retry.backoff.ms = 20
	advertised.listeners = [PLAINTEXT://localhost:9092, CONTROLLER://localhost:9093]
	alter.config.policy.class.name = null
	alter.log.dirs.replication.quota.window.num = 11
	alter.log.dirs.replication.quota.window.size.seconds = 1
	authorizer.class.name = 
	auto.create.topics.enable = true
	auto.leader.rebalance.enable = true
	background.threads = 10
	broker.heartbeat.interval.ms = 2000
	broker.id = 1
	broker.rack = null
	broker.session.timeout.ms = 9000
	client.quota.callback.class = null
	compression.gzip.level = -1
	compression.lz4.level = 9
	compression.type = producer
	compression.zstd.level = 3
	config.providers = []
	connection.failed.authentication.delay.ms = 100
	connections.max.idle.ms = 600000
	connections.max.reauth.ms = 0
	controlled.shutdown.enable = true
	controller.listener.names = [CONTROLLER]
	controller.performance.always.log.threshold.ms = 2000
	controller.performance.sample.period.ms = 60000
	controller.quorum.append.linger.ms = 25
	controller.quorum.auto.join.enable = false
	controller.quorum.bootstrap.servers = [localhost:9093]
	controller.quorum.election.backoff.max.ms = 1000
	controller.quorum.election.timeout.ms = 1000
	controller.quorum.fetch.timeout.ms = 2000
	controller.quorum.request.timeout.ms = 2000
	controller.quorum.retry.backoff.ms = 20
	controller.quorum.voters = []
	controller.quota.window.num = 11
	controller.quota.window.size.seconds = 1
	controller.socket.timeout.ms = 30000
	create.topic.policy.class.name = null
	default.replication.factor = 1
	delegation.token.expiry.check.interval.ms = 3600000
	delegation.token.expiry.time.ms = 86400000
	delegation.token.max.lifetime.ms = 604800000
	delegation.token.secret.key = null
	delete.records.purgatory.purge.interval.requests = 1
	delete.topic.enable = true
	early.start.listeners = null
	fetch.max.bytes = 57671680
	fetch.purgatory.purge.interval.requests = 1000
	group.consumer.assignors = [uniform, range]
	group.consumer.heartbeat.interval.ms = 5000
	group.consumer.max.heartbeat.interval.ms = 15000
	group.consumer.max.session.timeout.ms = 60000
	group.consumer.max.size = 2147483647
	group.consumer.migration.policy = bidirectional
	group.consumer.min.heartbeat.interval.ms = 5000
	group.consumer.min.session.timeout.ms = 45000
	group.consumer.regex.refresh.interval.ms = 600000
	group.consumer.session.timeout.ms = 45000
	group.coordinator.append.linger.ms = -1
	group.coordinator.rebalance.protocols = [classic, consumer, streams]
	group.coordinator.threads = 4
	group.initial.rebalance.delay.ms = 3000
	group.max.session.timeout.ms = 1800000
	group.max.size = 2147483647
	group.min.session.timeout.ms = 6000
	group.share.assignors = [simple]
	group.share.delivery.count.limit = 5
	group.share.enable = false
	group.share.heartbeat.interval.ms = 5000
	group.share.initialize.retry.interval.ms = 30000
	group.share.max.heartbeat.interval.ms = 15000
	group.share.max.record.lock.duration.ms = 60000
	group.share.max.session.timeout.ms = 60000
	group.share.max.share.sessions = 2000
	group.share.max.size = 200
	group.share.min.heartbeat.interval.ms = 5000
	group.share.min.record.lock.duration.ms = 15000
	group.share.min.session.timeout.ms = 45000
	group.share.partition.max.record.locks = 2000
	group.share.persister.class.name = org.apache.kafka.server.share.persister.DefaultStatePersister
	group.share.record.lock.duration.ms = 30000
	group.share.session.timeout.ms = 45000
	group.streams.heartbeat.interval.ms = 5000
	group.streams.initial.rebalance.delay.ms = 3000
	group.streams.max.heartbeat.interval.ms = 15000
	group.streams.max.session.timeout.ms = 60000
	group.streams.max.size = 2147483647
	group.streams.max.standby.replicas = 2
	group.streams.min.heartbeat.interval.ms = 5000
	group.streams.min.session.timeout.ms = 45000
	group.streams.num.standby.replicas = 0
	group.streams.session.timeout.ms = 45000
	initial.broker.registration.timeout.ms = 60000
	inter.broker.listener.name = PLAINTEXT
	internal.metadata.delete.delay.millis = 60000
	internal.metadata.log.segment.bytes = null
	internal.metadata.max.batch.size.in.bytes = 8388608
	internal.metadata.max.fetch.size.in.bytes = 8388608
	kafka.metrics.polling.interval.secs = 10
	kafka.metrics.reporters = []
	leader.imbalance.check.interval.seconds = 300
	listener.security.protocol.map = CONTROLLER:PLAINTEXT,PLAINTEXT:PLAINTEXT,SSL:SSL,SASL_PLAINTEXT:SASL_PLAINTEXT,SASL_SSL:SASL_SSL
	listeners = [PLAINTEXT://:9092, CONTROLLER://:9093]
	log.cleaner.backoff.ms = 15000
	log.cleaner.dedupe.buffer.size = 134217728
	log.cleaner.delete.retention.ms = 86400000
	log.cleaner.enable = true
	log.cleaner.io.buffer.load.factor = 0.9
	log.cleaner.io.buffer.size = 524288
	log.cleaner.io.max.bytes.per.second = 1.7976931348623157E308
	log.cleaner.max.compaction.lag.ms = 9223372036854775807
	log.cleaner.min.cleanable.ratio = 0.5
	log.cleaner.min.compaction.lag.ms = 0
	log.cleaner.threads = 1
	log.cleanup.policy = [delete]
	log.dir = [/tmp/kafka-logs]
	log.dir.failure.timeout.ms = 30000
	log.dirs = [/tmp/kraft-combined-logs]
	log.flush.interval.messages = 9223372036854775807
	log.flush.interval.ms = null
	log.flush.offset.checkpoint.interval.ms = 60000
	log.flush.scheduler.interval.ms = 9223372036854775807
	log.flush.start.offset.checkpoint.interval.ms = 60000
	log.index.interval.bytes = 4096
	log.index.size.max.bytes = 10485760
	log.initial.task.delay.ms = 30000
	log.local.retention.bytes = -2
	log.local.retention.ms = -2
	log.message.timestamp.after.max.ms = 3600000
	log.message.timestamp.before.max.ms = 9223372036854775807
	log.message.timestamp.type = CreateTime
	log.preallocate = false
	log.retention.bytes = -1
	log.retention.check.interval.ms = 5000
	log.retention.hours = 168
	log.retention.minutes = null
	log.retention.ms = null
	log.roll.hours = 168
	log.roll.jitter.hours = 0
	log.roll.jitter.ms = null
	log.roll.ms = null
	log.segment.bytes = 1073741824
	log.segment.delete.delay.ms = 1000
	max.connection.creation.rate = 2147483647
	max.connections = 2147483647
	max.connections.per.ip = 2147483647
	max.connections.per.ip.overrides = 
	max.incremental.fetch.session.cache.slots = 1000
	max.request.partition.size.limit = 2000
	message.max.bytes = 11534336
	metadata.log.dir = null
	metadata.log.max.record.bytes.between.snapshots = 20971520
	metadata.log.max.snapshot.interval.ms = 3600000
	metadata.log.segment.bytes = 1073741824
	metadata.log.segment.ms = 604800000
	metadata.max.idle.interval.ms = 500
	metadata.max.retention.bytes = 104857600
	metadata.max.retention.ms = 604800000
	metric.reporters = [org.apache.kafka.common.metrics.JmxReporter]
	metrics.num.samples = 2
	metrics.recording.level = INFO
	metrics.sample.window.ms = 30000
	min.insync.replicas = 1
	node.id = 1
	num.io.threads = 8
	num.network.threads = 3
	num.partitions = 1
	num.recovery.threads.per.data.dir = 2
	num.replica.alter.log.dirs.threads = null
	num.replica.fetchers = 1
	offset.metadata.max.bytes = 4096
	offsets.commit.timeout.ms = 5000
	offsets.load.buffer.size = 5242880
	offsets.retention.check.interval.ms = 600000
	offsets.retention.minutes = 10080
	offsets.topic.compression.codec = 0
	offsets.topic.num.partitions = 50
	offsets.topic.replication.factor = 1
	offsets.topic.segment.bytes = 104857600
	principal.builder.class = class org.apache.kafka.common.security.authenticator.DefaultKafkaPrincipalBuilder
	process.roles = [broker, controller]
	producer.id.expiration.check.interval.ms = 600000
	producer.id.expiration.ms = 86400000
	producer.purgatory.purge.interval.requests = 1000
	queued.max.request.bytes = -1
	queued.max.requests = 500
	quota.window.num = 11
	quota.window.size.seconds = 1
	remote.fetch.max.wait.ms = 500
	remote.list.offsets.request.timeout.ms = 30000
	remote.log.index.file.cache.total.size.bytes = 1073741824
	remote.log.manager.copier.thread.pool.size = 10
	remote.log.manager.copy.max.bytes.per.second = 9223372036854775807
	remote.log.manager.copy.quota.window.num = 11
	remote.log.manager.copy.quota.window.size.seconds = 1
	remote.log.manager.expiration.thread.pool.size = 10
	remote.log.manager.fetch.max.bytes.per.second = 9223372036854775807
	remote.log.manager.fetch.quota.window.num = 11
	remote.log.manager.fetch.quota.window.size.seconds = 1
	remote.log.manager.follower.thread.pool.size = 2
	remote.log.manager.task.interval.ms = 30000
	remote.log.manager.task.retry.backoff.max.ms = 30000
	remote.log.manager.task.retry.backoff.ms = 500
	remote.log.manager.task.retry.jitter = 0.2
	remote.log.manager.thread.pool.size = 2
	remote.log.metadata.custom.metadata.max.bytes = 128
	remote.log.metadata.manager.class.name = org.apache.kafka.server.log.remote.metadata.storage.TopicBasedRemoteLogMetadataManager
	remote.log.metadata.manager.class.path = null
	remote.log.metadata.manager.impl.prefix = rlmm.config.
	remote.log.metadata.manager.listener.name = null
	remote.log.reader.max.pending.tasks = 100
	remote.log.reader.threads = 10
	remote.log.storage.manager.class.name = null
	remote.log.storage.manager.class.path = null
	remote.log.storage.manager.impl.prefix = rsm.config.
	remote.log.storage.system.enable = false
	replica.fetch.backoff.ms = 1000
	replica.fetch.max.bytes = 11534336
	replica.fetch.min.bytes = 1
	replica.fetch.response.max.bytes = 10485760
	replica.fetch.wait.max.ms = 500
	replica.high.watermark.checkpoint.interval.ms = 5000
	replica.lag.time.max.ms = 30000
	replica.selector.class = null
	replica.socket.receive.buffer.bytes = 65536
	replica.socket.timeout.ms = 30000
	replication.quota.window.num = 11
	replication.quota.window.size.seconds = 1
	request.timeout.ms = 30000
	sasl.client.callback.handler.class = null
	sasl.enabled.mechanisms = [GSSAPI]
	sasl.jaas.config = null
	sasl.kerberos.kinit.cmd = /usr/bin/kinit
	sasl.kerberos.min.time.before.relogin = 60000
	sasl.kerberos.principal.to.local.rules = [DEFAULT]
	sasl.kerberos.service.name = null
	sasl.kerberos.ticket.renew.jitter = 0.05
	sasl.kerberos.ticket.renew.window.factor = 0.8
	sasl.login.callback.handler.class = null
	sasl.login.class = null
	sasl.login.connect.timeout.ms = null
	sasl.login.read.timeout.ms = null
	sasl.login.refresh.buffer.seconds = 300
	sasl.login.refresh.min.period.seconds = 60
	sasl.login.refresh.window.factor = 0.8
	sasl.login.refresh.window.jitter = 0.05
	sasl.login.retry.backoff.max.ms = 10000
	sasl.login.retry.backoff.ms = 100
	sasl.mechanism.controller.protocol = GSSAPI
	sasl.mechanism.inter.broker.protocol = GSSAPI
	sasl.oauthbearer.assertion.algorithm = RS256
	sasl.oauthbearer.assertion.claim.aud = null
	sasl.oauthbearer.assertion.claim.exp.seconds = 300
	sasl.oauthbearer.assertion.claim.iss = null
	sasl.oauthbearer.assertion.claim.jti.include = false
	sasl.oauthbearer.assertion.claim.nbf.seconds = 60
	sasl.oauthbearer.assertion.claim.sub = null
	sasl.oauthbearer.assertion.file = null
	sasl.oauthbearer.assertion.private.key.file = null
	sasl.oauthbearer.assertion.private.key.passphrase = null
	sasl.oauthbearer.assertion.template.file = null
	sasl.oauthbearer.client.credentials.client.id = null
	sasl.oauthbearer.client.credentials.client.secret = null
	sasl.oauthbearer.clock.skew.seconds = 30
	sasl.oauthbearer.expected.audience = []
	sasl.oauthbearer.expected.issuer = null
	sasl.oauthbearer.jwks.endpoint.refresh.ms = 3600000
	sasl.oauthbearer.jwks.endpoint.retry.backoff.max.ms = 10000
	sasl.oauthbearer.jwks.endpoint.retry.backoff.ms = 100
	sasl.oauthbearer.jwks.endpoint.url = null
	sasl.oauthbearer.jwt.retriever.class = class org.apache.kafka.common.security.oauthbearer.DefaultJwtRetriever
	sasl.oauthbearer.jwt.validator.class = class org.apache.kafka.common.security.oauthbearer.DefaultJwtValidator
	sasl.oauthbearer.scope = null
	sasl.oauthbearer.scope.claim.name = scope
	sasl.oauthbearer.sub.claim.name = sub
	sasl.oauthbearer.token.endpoint.url = null
	sasl.server.callback.handler.class = null
	sasl.server.max.receive.size = 524288
	security.inter.broker.protocol = PLAINTEXT
	security.providers = null
	server.max.startup.time.ms = 9223372036854775807
	share.coordinator.append.linger.ms = -1
	share.coordinator.cold.partition.snapshot.interval.ms = 300000
	share.coordinator.load.buffer.size = 5242880
	share.coordinator.snapshot.update.records.per.snapshot = 500
	share.coordinator.state.topic.compression.codec = 0
	share.coordinator.state.topic.min.isr = 1
	share.coordinator.state.topic.num.partitions = 50
	share.coordinator.state.topic.prune.interval.ms = 300000
	share.coordinator.state.topic.replication.factor = 1
	share.coordinator.state.topic.segment.bytes = 104857600
	share.coordinator.threads = 1
	share.coordinator.write.timeout.ms = 5000
	share.fetch.purgatory.purge.interval.requests = 1000
	socket.connection.setup.timeout.max.ms = 30000
	socket.connection.setup.timeout.ms = 10000
	socket.listen.backlog.size = 50
	socket.receive.buffer.bytes = 102400
	socket.request.max.bytes = 104857600
	socket.send.buffer.bytes = 102400
	ssl.allow.dn.changes = false
	ssl.allow.san.changes = false
	ssl.cipher.suites = []
	ssl.client.auth = none
	ssl.enabled.protocols = [TLSv1.2, TLSv1.3]
	ssl.endpoint.identification.algorithm = https
	ssl.engine.factory.class = null
	ssl.key.password = null
	ssl.keymanager.algorithm = SunX509
	ssl.keystore.certificate.chain = null
	ssl.keystore.key = null
	ssl.keystore.location = null
	ssl.keystore.password = null
	ssl.keystore.type = JKS
	ssl.principal.mapping.rules = DEFAULT
	ssl.protocol = TLSv1.3
	ssl.provider = null
	ssl.secure.random.implementation = null
	ssl.trustmanager.algorithm = PKIX
	ssl.truststore.certificates = null
	ssl.truststore.location = null
	ssl.truststore.password = null
	ssl.truststore.type = JKS
	telemetry.max.bytes = 1048576
	transaction.abort.timed.out.transaction.cleanup.interval.ms = 10000
	transaction.max.timeout.ms = 900000
	transaction.partition.verification.enable = true
	transaction.remove.expired.transaction.cleanup.interval.ms = 3600000
	transaction.state.log.load.buffer.size = 5242880
	transaction.state.log.min.isr = 1
	transaction.state.log.num.partitions = 50
	transaction.state.log.replication.factor = 1
	transaction.state.log.segment.bytes = 104857600
	transaction.two.phase.commit.enable = false
	transactional.id.expiration.ms = 604800000
	unclean.leader.election.enable = false
	unclean.leader.election.interval.ms = 300000
	unstable.api.versions.enable = false
	unstable.feature.versions.enable = false
 (org.apache.kafka.common.config.AbstractConfig)
[2026-03-09 17:25:56,461] INFO KafkaConfig values: 
	add.partitions.to.txn.retry.backoff.max.ms = 100
	add.partitions.to.txn.retry.backoff.ms = 20
	advertised.listeners = [PLAINTEXT://localhost:9092, CONTROLLER://localhost:9093]
	alter.config.policy.class.name = null
	alter.log.dirs.replication.quota.window.num = 11
	alter.log.dirs.replication.quota.window.size.seconds = 1
	authorizer.class.name = 
	auto.create.topics.enable = true
	auto.leader.rebalance.enable = true
	background.threads = 10
	broker.heartbeat.interval.ms = 2000
	broker.id = 1
	broker.rack = null
	broker.session.timeout.ms = 9000
	client.quota.callback.class = null
	compression.gzip.level = -1
	compression.lz4.level = 9
	compression.type = producer
	compression.zstd.level = 3
	config.providers = []
	connection.failed.authentication.delay.ms = 100
	connections.max.idle.ms = 600000
	connections.max.reauth.ms = 0
	controlled.shutdown.enable = true
	controller.listener.names = [CONTROLLER]
	controller.performance.always.log.threshold.ms = 2000
	controller.performance.sample.period.ms = 60000
	controller.quorum.append.linger.ms = 25
	controller.quorum.auto.join.enable = false
	controller.quorum.bootstrap.servers = [localhost:9093]
	controller.quorum.election.backoff.max.ms = 1000
	controller.quorum.election.timeout.ms = 1000
	controller.quorum.fetch.timeout.ms = 2000
	controller.quorum.request.timeout.ms = 2000
	controller.quorum.retry.backoff.ms = 20
	controller.quorum.voters = []
	controller.quota.window.num = 11
	controller.quota.window.size.seconds = 1
	controller.socket.timeout.ms = 30000
	create.topic.policy.class.name = null
	default.replication.factor = 1
	delegation.token.expiry.check.interval.ms = 3600000
	delegation.token.expiry.time.ms = 86400000
	delegation.token.max.lifetime.ms = 604800000
	delegation.token.secret.key = null
	delete.records.purgatory.purge.interval.requests = 1
	delete.topic.enable = true
	early.start.listeners = null
	fetch.max.bytes = 57671680
	fetch.purgatory.purge.interval.requests = 1000
	group.consumer.assignors = [uniform, range]
	group.consumer.heartbeat.interval.ms = 5000
	group.consumer.max.heartbeat.interval.ms = 15000
	group.consumer.max.session.timeout.ms = 60000
	group.consumer.max.size = 2147483647
	group.consumer.migration.policy = bidirectional
	group.consumer.min.heartbeat.interval.ms = 5000
	group.consumer.min.session.timeout.ms = 45000
	group.consumer.regex.refresh.interval.ms = 600000
	group.consumer.session.timeout.ms = 45000
	group.coordinator.append.linger.ms = -1
	group.coordinator.rebalance.protocols = [classic, consumer, streams]
	group.coordinator.threads = 4
	group.initial.rebalance.delay.ms = 3000
	group.max.session.timeout.ms = 1800000
	group.max.size = 2147483647
	group.min.session.timeout.ms = 6000
	group.share.assignors = [simple]
	group.share.delivery.count.limit = 5
	group.share.enable = false
	group.share.heartbeat.interval.ms = 5000
	group.share.initialize.retry.interval.ms = 30000
	group.share.max.heartbeat.interval.ms = 15000
	group.share.max.record.lock.duration.ms = 60000
	group.share.max.session.timeout.ms = 60000
	group.share.max.share.sessions = 2000
	group.share.max.size = 200
	group.share.min.heartbeat.interval.ms = 5000
	group.share.min.record.lock.duration.ms = 15000
	group.share.min.session.timeout.ms = 45000
	group.share.partition.max.record.locks = 2000
	group.share.persister.class.name = org.apache.kafka.server.share.persister.DefaultStatePersister
	group.share.record.lock.duration.ms = 30000
	group.share.session.timeout.ms = 45000
	group.streams.heartbeat.interval.ms = 5000
	group.streams.initial.rebalance.delay.ms = 3000
	group.streams.max.heartbeat.interval.ms = 15000
	group.streams.max.session.timeout.ms = 60000
	group.streams.max.size = 2147483647
	group.streams.max.standby.replicas = 2
	group.streams.min.heartbeat.interval.ms = 5000
	group.streams.min.session.timeout.ms = 45000
	group.streams.num.standby.replicas = 0
	group.streams.session.timeout.ms = 45000
	initial.broker.registration.timeout.ms = 60000
	inter.broker.listener.name = PLAINTEXT
	internal.metadata.delete.delay.millis = 60000
	internal.metadata.log.segment.bytes = null
	internal.metadata.max.batch.size.in.bytes = 8388608
	internal.metadata.max.fetch.size.in.bytes = 8388608
	kafka.metrics.polling.interval.secs = 10
	kafka.metrics.reporters = []
	leader.imbalance.check.interval.seconds = 300
	listener.security.protocol.map = CONTROLLER:PLAINTEXT,PLAINTEXT:PLAINTEXT,SSL:SSL,SASL_PLAINTEXT:SASL_PLAINTEXT,SASL_SSL:SASL_SSL
	listeners = [PLAINTEXT://:9092, CONTROLLER://:9093]
	log.cleaner.backoff.ms = 15000
	log.cleaner.dedupe.buffer.size = 134217728
	log.cleaner.delete.retention.ms = 86400000
	log.cleaner.enable = true
	log.cleaner.io.buffer.load.factor = 0.9
	log.cleaner.io.buffer.size = 524288
	log.cleaner.io.max.bytes.per.second = 1.7976931348623157E308
	log.cleaner.max.compaction.lag.ms = 9223372036854775807
	log.cleaner.min.cleanable.ratio = 0.5
	log.cleaner.min.compaction.lag.ms = 0
	log.cleaner.threads = 1
	log.cleanup.policy = [delete]
	log.dir = [/tmp/kafka-logs]
	log.dir.failure.timeout.ms = 30000
	log.dirs = [/tmp/kraft-combined-logs]
	log.flush.interval.messages = 9223372036854775807
	log.flush.interval.ms = null
	log.flush.offset.checkpoint.interval.ms = 60000
	log.flush.scheduler.interval.ms = 9223372036854775807
	log.flush.start.offset.checkpoint.interval.ms = 60000
	log.index.interval.bytes = 4096
	log.index.size.max.bytes = 10485760
	log.initial.task.delay.ms = 30000
	log.local.retention.bytes = -2
	log.local.retention.ms = -2
	log.message.timestamp.after.max.ms = 3600000
	log.message.timestamp.before.max.ms = 9223372036854775807
	log.message.timestamp.type = CreateTime
	log.preallocate = false
	log.retention.bytes = -1
	log.retention.check.interval.ms = 5000
	log.retention.hours = 168
	log.retention.minutes = null
	log.retention.ms = null
	log.roll.hours = 168
	log.roll.jitter.hours = 0
	log.roll.jitter.ms = null
	log.roll.ms = null
	log.segment.bytes = 1073741824
	log.segment.delete.delay.ms = 1000
	max.connection.creation.rate = 2147483647
	max.connections = 2147483647
	max.connections.per.ip = 2147483647
	max.connections.per.ip.overrides = 
	max.incremental.fetch.session.cache.slots = 1000
	max.request.partition.size.limit = 2000
	message.max.bytes = 11534336
	metadata.log.dir = null
	metadata.log.max.record.bytes.between.snapshots = 20971520
	metadata.log.max.snapshot.interval.ms = 3600000
	metadata.log.segment.bytes = 1073741824
	metadata.log.segment.ms = 604800000
	metadata.max.idle.interval.ms = 500
	metadata.max.retention.bytes = 104857600
	metadata.max.retention.ms = 604800000
	metric.reporters = [org.apache.kafka.common.metrics.JmxReporter]
	metrics.num.samples = 2
	metrics.recording.level = INFO
	metrics.sample.window.ms = 30000
	min.insync.replicas = 1
	node.id = 1
	num.io.threads = 8
	num.network.threads = 3
	num.partitions = 1
	num.recovery.threads.per.data.dir = 2
	num.replica.alter.log.dirs.threads = null
	num.replica.fetchers = 1
	offset.metadata.max.bytes = 4096
	offsets.commit.timeout.ms = 5000
	offsets.load.buffer.size = 5242880
	offsets.retention.check.interval.ms = 600000
	offsets.retention.minutes = 10080
	offsets.topic.compression.codec = 0
	offsets.topic.num.partitions = 50
	offsets.topic.replication.factor = 1
	offsets.topic.segment.bytes = 104857600
	principal.builder.class = class org.apache.kafka.common.security.authenticator.DefaultKafkaPrincipalBuilder
	process.roles = [broker, controller]
	producer.id.expiration.check.interval.ms = 600000
	producer.id.expiration.ms = 86400000
	producer.purgatory.purge.interval.requests = 1000
	queued.max.request.bytes = -1
	queued.max.requests = 500
	quota.window.num = 11
	quota.window.size.seconds = 1
	remote.fetch.max.wait.ms = 500
	remote.list.offsets.request.timeout.ms = 30000
	remote.log.index.file.cache.total.size.bytes = 1073741824
	remote.log.manager.copier.thread.pool.size = 10
	remote.log.manager.copy.max.bytes.per.second = 9223372036854775807
	remote.log.manager.copy.quota.window.num = 11
	remote.log.manager.copy.quota.window.size.seconds = 1
	remote.log.manager.expiration.thread.pool.size = 10
	remote.log.manager.fetch.max.bytes.per.second = 9223372036854775807
	remote.log.manager.fetch.quota.window.num = 11
	remote.log.manager.fetch.quota.window.size.seconds = 1
	remote.log.manager.follower.thread.pool.size = 2
	remote.log.manager.task.interval.ms = 30000
	remote.log.manager.task.retry.backoff.max.ms = 30000
	remote.log.manager.task.retry.backoff.ms = 500
	remote.log.manager.task.retry.jitter = 0.2
	remote.log.manager.thread.pool.size = 2
	remote.log.metadata.custom.metadata.max.bytes = 128
	remote.log.metadata.manager.class.name = org.apache.kafka.server.log.remote.metadata.storage.TopicBasedRemoteLogMetadataManager
	remote.log.metadata.manager.class.path = null
	remote.log.metadata.manager.impl.prefix = rlmm.config.
	remote.log.metadata.manager.listener.name = null
	remote.log.reader.max.pending.tasks = 100
	remote.log.reader.threads = 10
	remote.log.storage.manager.class.name = null
	remote.log.storage.manager.class.path = null
	remote.log.storage.manager.impl.prefix = rsm.config.
	remote.log.storage.system.enable = false
	replica.fetch.backoff.ms = 1000
	replica.fetch.max.bytes = 11534336
	replica.fetch.min.bytes = 1
	replica.fetch.response.max.bytes = 10485760
	replica.fetch.wait.max.ms = 500
	replica.high.watermark.checkpoint.interval.ms = 5000
	replica.lag.time.max.ms = 30000
	replica.selector.class = null
	replica.socket.receive.buffer.bytes = 65536
	replica.socket.timeout.ms = 30000
	replication.quota.window.num = 11
	replication.quota.window.size.seconds = 1
	request.timeout.ms = 30000
	sasl.client.callback.handler.class = null
	sasl.enabled.mechanisms = [GSSAPI]
	sasl.jaas.config = null
	sasl.kerberos.kinit.cmd = /usr/bin/kinit
	sasl.kerberos.min.time.before.relogin = 60000
	sasl.kerberos.principal.to.local.rules = [DEFAULT]
	sasl.kerberos.service.name = null
	sasl.kerberos.ticket.renew.jitter = 0.05
	sasl.kerberos.ticket.renew.window.factor = 0.8
	sasl.login.callback.handler.class = null
	sasl.login.class = null
	sasl.login.connect.timeout.ms = null
	sasl.login.read.timeout.ms = null
	sasl.login.refresh.buffer.seconds = 300
	sasl.login.refresh.min.period.seconds = 60
	sasl.login.refresh.window.factor = 0.8
	sasl.login.refresh.window.jitter = 0.05
	sasl.login.retry.backoff.max.ms = 10000
	sasl.login.retry.backoff.ms = 100
	sasl.mechanism.controller.protocol = GSSAPI
	sasl.mechanism.inter.broker.protocol = GSSAPI
	sasl.oauthbearer.assertion.algorithm = RS256
	sasl.oauthbearer.assertion.claim.aud = null
	sasl.oauthbearer.assertion.claim.exp.seconds = 300
	sasl.oauthbearer.assertion.claim.iss = null
	sasl.oauthbearer.assertion.claim.jti.include = false
	sasl.oauthbearer.assertion.claim.nbf.seconds = 60
	sasl.oauthbearer.assertion.claim.sub = null
	sasl.oauthbearer.assertion.file = null
	sasl.oauthbearer.assertion.private.key.file = null
	sasl.oauthbearer.assertion.private.key.passphrase = null
	sasl.oauthbearer.assertion.template.file = null
	sasl.oauthbearer.client.credentials.client.id = null
	sasl.oauthbearer.client.credentials.client.secret = null
	sasl.oauthbearer.clock.skew.seconds = 30
	sasl.oauthbearer.expected.audience = []
	sasl.oauthbearer.expected.issuer = null
	sasl.oauthbearer.jwks.endpoint.refresh.ms = 3600000
	sasl.oauthbearer.jwks.endpoint.retry.backoff.max.ms = 10000
	sasl.oauthbearer.jwks.endpoint.retry.backoff.ms = 100
	sasl.oauthbearer.jwks.endpoint.url = null
	sasl.oauthbearer.jwt.retriever.class = class org.apache.kafka.common.security.oauthbearer.DefaultJwtRetriever
	sasl.oauthbearer.jwt.validator.class = class org.apache.kafka.common.security.oauthbearer.DefaultJwtValidator
	sasl.oauthbearer.scope = null
	sasl.oauthbearer.scope.claim.name = scope
	sasl.oauthbearer.sub.claim.name = sub
	sasl.oauthbearer.token.endpoint.url = null
	sasl.server.callback.handler.class = null
	sasl.server.max.receive.size = 524288
	security.inter.broker.protocol = PLAINTEXT
	security.providers = null
	server.max.startup.time.ms = 9223372036854775807
	share.coordinator.append.linger.ms = -1
	share.coordinator.cold.partition.snapshot.interval.ms = 300000
	share.coordinator.load.buffer.size = 5242880
	share.coordinator.snapshot.update.records.per.snapshot = 500
	share.coordinator.state.topic.compression.codec = 0
	share.coordinator.state.topic.min.isr = 1
	share.coordinator.state.topic.num.partitions = 50
	share.coordinator.state.topic.prune.interval.ms = 300000
	share.coordinator.state.topic.replication.factor = 1
	share.coordinator.state.topic.segment.bytes = 104857600
	share.coordinator.threads = 1
	share.coordinator.write.timeout.ms = 5000
	share.fetch.purgatory.purge.interval.requests = 1000
	socket.connection.setup.timeout.max.ms = 30000
	socket.connection.setup.timeout.ms = 10000
	socket.listen.backlog.size = 50
	socket.receive.buffer.bytes = 102400
	socket.request.max.bytes = 104857600
	socket.send.buffer.bytes = 102400
	ssl.allow.dn.changes = false
	ssl.allow.san.changes = false
	ssl.cipher.suites = []
	ssl.client.auth = none
	ssl.enabled.protocols = [TLSv1.2, TLSv1.3]
	ssl.endpoint.identification.algorithm = https
	ssl.engine.factory.class = null
	ssl.key.password = null
	ssl.keymanager.algorithm = SunX509
	ssl.keystore.certificate.chain = null
	ssl.keystore.key = null
	ssl.keystore.location = null
	ssl.keystore.password = null
	ssl.keystore.type = JKS
	ssl.principal.mapping.rules = DEFAULT
	ssl.protocol = TLSv1.3
	ssl.provider = null
	ssl.secure.random.implementation = null
	ssl.trustmanager.algorithm = PKIX
	ssl.truststore.certificates = null
	ssl.truststore.location = null
	ssl.truststore.password = null
	ssl.truststore.type = JKS
	telemetry.max.bytes = 1048576
	transaction.abort.timed.out.transaction.cleanup.interval.ms = 10000
	transaction.max.timeout.ms = 900000
	transaction.partition.verification.enable = true
	transaction.remove.expired.transaction.cleanup.interval.ms = 3600000
	transaction.state.log.load.buffer.size = 5242880
	transaction.state.log.min.isr = 1
	transaction.state.log.num.partitions = 50
	transaction.state.log.replication.factor = 1
	transaction.state.log.segment.bytes = 104857600
	transaction.two.phase.commit.enable = false
	transactional.id.expiration.ms = 604800000
	unclean.leader.election.enable = false
	unclean.leader.election.interval.ms = 300000
	unstable.api.versions.enable = false
	unstable.feature.versions.enable = false
 (org.apache.kafka.common.config.AbstractConfig)
[2026-03-09 17:25:56,463] INFO [MetadataLoader id=1] maybePublishMetadata(LOG_DELTA): The loader finished catching up to the current high water mark of 12 (org.apache.kafka.image.loader.MetadataLoader)
[2026-03-09 17:25:56,465] INFO [MetadataLoader id=1] InitializeNewPublishers: initializing SnapshotGenerator with a snapshot at offset 11 (org.apache.kafka.image.loader.MetadataLoader)
[2026-03-09 17:25:56,466] INFO [MetadataLoader id=1] InitializeNewPublishers: initializing KRaftMetadataCachePublisher with a snapshot at offset 11 (org.apache.kafka.image.loader.MetadataLoader)
[2026-03-09 17:25:56,466] INFO [MetadataLoader id=1] InitializeNewPublishers: initializing FeaturesPublisher with a snapshot at offset 11 (org.apache.kafka.image.loader.MetadataLoader)
[2026-03-09 17:25:56,467] INFO [ControllerServer id=1] Loaded new metadata FinalizedFeatures[metadataVersion=4.2-IV1, finalizedFeatures={group.version=1, streams.version=1, transaction.version=2, eligible.leader.replicas.version=1, share.version=1, metadata.version=29}, finalizedFeaturesEpoch=11]. (org.apache.kafka.metadata.publisher.FeaturesPublisher)
[2026-03-09 17:25:56,467] INFO [MetadataLoader id=1] InitializeNewPublishers: initializing ControllerRegistrationsPublisher with a snapshot at offset 11 (org.apache.kafka.image.loader.MetadataLoader)
[2026-03-09 17:25:56,467] INFO [MetadataLoader id=1] InitializeNewPublishers: initializing ControllerRegistrationManager with a snapshot at offset 11 (org.apache.kafka.image.loader.MetadataLoader)
[2026-03-09 17:25:56,467] INFO [MetadataLoader id=1] InitializeNewPublishers: initializing DynamicConfigPublisher controller id=1 with a snapshot at offset 11 (org.apache.kafka.image.loader.MetadataLoader)
[2026-03-09 17:25:56,469] INFO [DynamicConfigPublisher controller id=1] Updating cluster configuration : min.insync.replicas -> 1 (kafka.server.metadata.DynamicConfigPublisher)
[2026-03-09 17:25:56,471] INFO KafkaConfig values: 
	add.partitions.to.txn.retry.backoff.max.ms = 100
	add.partitions.to.txn.retry.backoff.ms = 20
	advertised.listeners = [PLAINTEXT://localhost:9092, CONTROLLER://localhost:9093]
	alter.config.policy.class.name = null
	alter.log.dirs.replication.quota.window.num = 11
	alter.log.dirs.replication.quota.window.size.seconds = 1
	authorizer.class.name = 
	auto.create.topics.enable = true
	auto.leader.rebalance.enable = true
	background.threads = 10
	broker.heartbeat.interval.ms = 2000
	broker.id = 1
	broker.rack = null
	broker.session.timeout.ms = 9000
	client.quota.callback.class = null
	compression.gzip.level = -1
	compression.lz4.level = 9
	compression.type = producer
	compression.zstd.level = 3
	config.providers = []
	connection.failed.authentication.delay.ms = 100
	connections.max.idle.ms = 600000
	connections.max.reauth.ms = 0
	controlled.shutdown.enable = true
	controller.listener.names = [CONTROLLER]
	controller.performance.always.log.threshold.ms = 2000
	controller.performance.sample.period.ms = 60000
	controller.quorum.append.linger.ms = 25
	controller.quorum.auto.join.enable = false
	controller.quorum.bootstrap.servers = [localhost:9093]
	controller.quorum.election.backoff.max.ms = 1000
	controller.quorum.election.timeout.ms = 1000
	controller.quorum.fetch.timeout.ms = 2000
	controller.quorum.request.timeout.ms = 2000
	controller.quorum.retry.backoff.ms = 20
	controller.quorum.voters = []
	controller.quota.window.num = 11
	controller.quota.window.size.seconds = 1
	controller.socket.timeout.ms = 30000
	create.topic.policy.class.name = null
	default.replication.factor = 1
	delegation.token.expiry.check.interval.ms = 3600000
	delegation.token.expiry.time.ms = 86400000
	delegation.token.max.lifetime.ms = 604800000
	delegation.token.secret.key = null
	delete.records.purgatory.purge.interval.requests = 1
	delete.topic.enable = true
	early.start.listeners = null
	fetch.max.bytes = 57671680
	fetch.purgatory.purge.interval.requests = 1000
	group.consumer.assignors = [uniform, range]
	group.consumer.heartbeat.interval.ms = 5000
	group.consumer.max.heartbeat.interval.ms = 15000
	group.consumer.max.session.timeout.ms = 60000
	group.consumer.max.size = 2147483647
	group.consumer.migration.policy = bidirectional
	group.consumer.min.heartbeat.interval.ms = 5000
	group.consumer.min.session.timeout.ms = 45000
	group.consumer.regex.refresh.interval.ms = 600000
	group.consumer.session.timeout.ms = 45000
	group.coordinator.append.linger.ms = -1
	group.coordinator.rebalance.protocols = [classic, consumer, streams]
	group.coordinator.threads = 4
	group.initial.rebalance.delay.ms = 3000
	group.max.session.timeout.ms = 1800000
	group.max.size = 2147483647
	group.min.session.timeout.ms = 6000
	group.share.assignors = [simple]
	group.share.delivery.count.limit = 5
	group.share.enable = false
	group.share.heartbeat.interval.ms = 5000
	group.share.initialize.retry.interval.ms = 30000
	group.share.max.heartbeat.interval.ms = 15000
	group.share.max.record.lock.duration.ms = 60000
	group.share.max.session.timeout.ms = 60000
	group.share.max.share.sessions = 2000
	group.share.max.size = 200
	group.share.min.heartbeat.interval.ms = 5000
	group.share.min.record.lock.duration.ms = 15000
	group.share.min.session.timeout.ms = 45000
	group.share.partition.max.record.locks = 2000
	group.share.persister.class.name = org.apache.kafka.server.share.persister.DefaultStatePersister
	group.share.record.lock.duration.ms = 30000
	group.share.session.timeout.ms = 45000
	group.streams.heartbeat.interval.ms = 5000
	group.streams.initial.rebalance.delay.ms = 3000
	group.streams.max.heartbeat.interval.ms = 15000
	group.streams.max.session.timeout.ms = 60000
	group.streams.max.size = 2147483647
	group.streams.max.standby.replicas = 2
	group.streams.min.heartbeat.interval.ms = 5000
	group.streams.min.session.timeout.ms = 45000
	group.streams.num.standby.replicas = 0
	group.streams.session.timeout.ms = 45000
	initial.broker.registration.timeout.ms = 60000
	inter.broker.listener.name = PLAINTEXT
	internal.metadata.delete.delay.millis = 60000
	internal.metadata.log.segment.bytes = null
	internal.metadata.max.batch.size.in.bytes = 8388608
	internal.metadata.max.fetch.size.in.bytes = 8388608
	kafka.metrics.polling.interval.secs = 10
	kafka.metrics.reporters = []
	leader.imbalance.check.interval.seconds = 300
	listener.security.protocol.map = CONTROLLER:PLAINTEXT,PLAINTEXT:PLAINTEXT,SSL:SSL,SASL_PLAINTEXT:SASL_PLAINTEXT,SASL_SSL:SASL_SSL
	listeners = [PLAINTEXT://:9092, CONTROLLER://:9093]
	log.cleaner.backoff.ms = 15000
	log.cleaner.dedupe.buffer.size = 134217728
	log.cleaner.delete.retention.ms = 86400000
	log.cleaner.enable = true
	log.cleaner.io.buffer.load.factor = 0.9
	log.cleaner.io.buffer.size = 524288
	log.cleaner.io.max.bytes.per.second = 1.7976931348623157E308
	log.cleaner.max.compaction.lag.ms = 9223372036854775807
	log.cleaner.min.cleanable.ratio = 0.5
	log.cleaner.min.compaction.lag.ms = 0
	log.cleaner.threads = 1
	log.cleanup.policy = [delete]
	log.dir = [/tmp/kafka-logs]
	log.dir.failure.timeout.ms = 30000
	log.dirs = [/tmp/kraft-combined-logs]
	log.flush.interval.messages = 9223372036854775807
	log.flush.interval.ms = null
	log.flush.offset.checkpoint.interval.ms = 60000
	log.flush.scheduler.interval.ms = 9223372036854775807
	log.flush.start.offset.checkpoint.interval.ms = 60000
	log.index.interval.bytes = 4096
	log.index.size.max.bytes = 10485760
	log.initial.task.delay.ms = 30000
	log.local.retention.bytes = -2
	log.local.retention.ms = -2
	log.message.timestamp.after.max.ms = 3600000
	log.message.timestamp.before.max.ms = 9223372036854775807
	log.message.timestamp.type = CreateTime
	log.preallocate = false
	log.retention.bytes = -1
	log.retention.check.interval.ms = 5000
	log.retention.hours = 168
	log.retention.minutes = null
	log.retention.ms = null
	log.roll.hours = 168
	log.roll.jitter.hours = 0
	log.roll.jitter.ms = null
	log.roll.ms = null
	log.segment.bytes = 1073741824
	log.segment.delete.delay.ms = 1000
	max.connection.creation.rate = 2147483647
	max.connections = 2147483647
	max.connections.per.ip = 2147483647
	max.connections.per.ip.overrides = 
	max.incremental.fetch.session.cache.slots = 1000
	max.request.partition.size.limit = 2000
	message.max.bytes = 11534336
	metadata.log.dir = null
	metadata.log.max.record.bytes.between.snapshots = 20971520
	metadata.log.max.snapshot.interval.ms = 3600000
	metadata.log.segment.bytes = 1073741824
	metadata.log.segment.ms = 604800000
	metadata.max.idle.interval.ms = 500
	metadata.max.retention.bytes = 104857600
	metadata.max.retention.ms = 604800000
	metric.reporters = [org.apache.kafka.common.metrics.JmxReporter]
	metrics.num.samples = 2
	metrics.recording.level = INFO
	metrics.sample.window.ms = 30000
	min.insync.replicas = 1
	node.id = 1
	num.io.threads = 8
	num.network.threads = 3
	num.partitions = 1
	num.recovery.threads.per.data.dir = 2
	num.replica.alter.log.dirs.threads = null
	num.replica.fetchers = 1
	offset.metadata.max.bytes = 4096
	offsets.commit.timeout.ms = 5000
	offsets.load.buffer.size = 5242880
	offsets.retention.check.interval.ms = 600000
	offsets.retention.minutes = 10080
	offsets.topic.compression.codec = 0
	offsets.topic.num.partitions = 50
	offsets.topic.replication.factor = 1
	offsets.topic.segment.bytes = 104857600
	principal.builder.class = class org.apache.kafka.common.security.authenticator.DefaultKafkaPrincipalBuilder
	process.roles = [broker, controller]
	producer.id.expiration.check.interval.ms = 600000
	producer.id.expiration.ms = 86400000
	producer.purgatory.purge.interval.requests = 1000
	queued.max.request.bytes = -1
	queued.max.requests = 500
	quota.window.num = 11
	quota.window.size.seconds = 1
	remote.fetch.max.wait.ms = 500
	remote.list.offsets.request.timeout.ms = 30000
	remote.log.index.file.cache.total.size.bytes = 1073741824
	remote.log.manager.copier.thread.pool.size = 10
	remote.log.manager.copy.max.bytes.per.second = 9223372036854775807
	remote.log.manager.copy.quota.window.num = 11
	remote.log.manager.copy.quota.window.size.seconds = 1
	remote.log.manager.expiration.thread.pool.size = 10
	remote.log.manager.fetch.max.bytes.per.second = 9223372036854775807
	remote.log.manager.fetch.quota.window.num = 11
	remote.log.manager.fetch.quota.window.size.seconds = 1
	remote.log.manager.follower.thread.pool.size = 2
	remote.log.manager.task.interval.ms = 30000
	remote.log.manager.task.retry.backoff.max.ms = 30000
	remote.log.manager.task.retry.backoff.ms = 500
	remote.log.manager.task.retry.jitter = 0.2
	remote.log.manager.thread.pool.size = 2
	remote.log.metadata.custom.metadata.max.bytes = 128
	remote.log.metadata.manager.class.name = org.apache.kafka.server.log.remote.metadata.storage.TopicBasedRemoteLogMetadataManager
	remote.log.metadata.manager.class.path = null
	remote.log.metadata.manager.impl.prefix = rlmm.config.
	remote.log.metadata.manager.listener.name = null
	remote.log.reader.max.pending.tasks = 100
	remote.log.reader.threads = 10
	remote.log.storage.manager.class.name = null
	remote.log.storage.manager.class.path = null
	remote.log.storage.manager.impl.prefix = rsm.config.
	remote.log.storage.system.enable = false
	replica.fetch.backoff.ms = 1000
	replica.fetch.max.bytes = 11534336
	replica.fetch.min.bytes = 1
	replica.fetch.response.max.bytes = 10485760
	replica.fetch.wait.max.ms = 500
	replica.high.watermark.checkpoint.interval.ms = 5000
	replica.lag.time.max.ms = 30000
	replica.selector.class = null
	replica.socket.receive.buffer.bytes = 65536
	replica.socket.timeout.ms = 30000
	replication.quota.window.num = 11
	replication.quota.window.size.seconds = 1
	request.timeout.ms = 30000
	sasl.client.callback.handler.class = null
	sasl.enabled.mechanisms = [GSSAPI]
	sasl.jaas.config = null
	sasl.kerberos.kinit.cmd = /usr/bin/kinit
	sasl.kerberos.min.time.before.relogin = 60000
	sasl.kerberos.principal.to.local.rules = [DEFAULT]
	sasl.kerberos.service.name = null
	sasl.kerberos.ticket.renew.jitter = 0.05
	sasl.kerberos.ticket.renew.window.factor = 0.8
	sasl.login.callback.handler.class = null
	sasl.login.class = null
	sasl.login.connect.timeout.ms = null
	sasl.login.read.timeout.ms = null
	sasl.login.refresh.buffer.seconds = 300
	sasl.login.refresh.min.period.seconds = 60
	sasl.login.refresh.window.factor = 0.8
	sasl.login.refresh.window.jitter = 0.05
	sasl.login.retry.backoff.max.ms = 10000
	sasl.login.retry.backoff.ms = 100
	sasl.mechanism.controller.protocol = GSSAPI
	sasl.mechanism.inter.broker.protocol = GSSAPI
	sasl.oauthbearer.assertion.algorithm = RS256
	sasl.oauthbearer.assertion.claim.aud = null
	sasl.oauthbearer.assertion.claim.exp.seconds = 300
	sasl.oauthbearer.assertion.claim.iss = null
	sasl.oauthbearer.assertion.claim.jti.include = false
	sasl.oauthbearer.assertion.claim.nbf.seconds = 60
	sasl.oauthbearer.assertion.claim.sub = null
	sasl.oauthbearer.assertion.file = null
	sasl.oauthbearer.assertion.private.key.file = null
	sasl.oauthbearer.assertion.private.key.passphrase = null
	sasl.oauthbearer.assertion.template.file = null
	sasl.oauthbearer.client.credentials.client.id = null
	sasl.oauthbearer.client.credentials.client.secret = null
	sasl.oauthbearer.clock.skew.seconds = 30
	sasl.oauthbearer.expected.audience = []
	sasl.oauthbearer.expected.issuer = null
	sasl.oauthbearer.jwks.endpoint.refresh.ms = 3600000
	sasl.oauthbearer.jwks.endpoint.retry.backoff.max.ms = 10000
	sasl.oauthbearer.jwks.endpoint.retry.backoff.ms = 100
	sasl.oauthbearer.jwks.endpoint.url = null
	sasl.oauthbearer.jwt.retriever.class = class org.apache.kafka.common.security.oauthbearer.DefaultJwtRetriever
	sasl.oauthbearer.jwt.validator.class = class org.apache.kafka.common.security.oauthbearer.DefaultJwtValidator
	sasl.oauthbearer.scope = null
	sasl.oauthbearer.scope.claim.name = scope
	sasl.oauthbearer.sub.claim.name = sub
	sasl.oauthbearer.token.endpoint.url = null
	sasl.server.callback.handler.class = null
	sasl.server.max.receive.size = 524288
	security.inter.broker.protocol = PLAINTEXT
	security.providers = null
	server.max.startup.time.ms = 9223372036854775807
	share.coordinator.append.linger.ms = -1
	share.coordinator.cold.partition.snapshot.interval.ms = 300000
	share.coordinator.load.buffer.size = 5242880
	share.coordinator.snapshot.update.records.per.snapshot = 500
	share.coordinator.state.topic.compression.codec = 0
	share.coordinator.state.topic.min.isr = 1
	share.coordinator.state.topic.num.partitions = 50
	share.coordinator.state.topic.prune.interval.ms = 300000
	share.coordinator.state.topic.replication.factor = 1
	share.coordinator.state.topic.segment.bytes = 104857600
	share.coordinator.threads = 1
	share.coordinator.write.timeout.ms = 5000
	share.fetch.purgatory.purge.interval.requests = 1000
	socket.connection.setup.timeout.max.ms = 30000
	socket.connection.setup.timeout.ms = 10000
	socket.listen.backlog.size = 50
	socket.receive.buffer.bytes = 102400
	socket.request.max.bytes = 104857600
	socket.send.buffer.bytes = 102400
	ssl.allow.dn.changes = false
	ssl.allow.san.changes = false
	ssl.cipher.suites = []
	ssl.client.auth = none
	ssl.enabled.protocols = [TLSv1.2, TLSv1.3]
	ssl.endpoint.identification.algorithm = https
	ssl.engine.factory.class = null
	ssl.key.password = null
	ssl.keymanager.algorithm = SunX509
	ssl.keystore.certificate.chain = null
	ssl.keystore.key = null
	ssl.keystore.location = null
	ssl.keystore.password = null
	ssl.keystore.type = JKS
	ssl.principal.mapping.rules = DEFAULT
	ssl.protocol = TLSv1.3
	ssl.provider = null
	ssl.secure.random.implementation = null
	ssl.trustmanager.algorithm = PKIX
	ssl.truststore.certificates = null
	ssl.truststore.location = null
	ssl.truststore.password = null
	ssl.truststore.type = JKS
	telemetry.max.bytes = 1048576
	transaction.abort.timed.out.transaction.cleanup.interval.ms = 10000
	transaction.max.timeout.ms = 900000
	transaction.partition.verification.enable = true
	transaction.remove.expired.transaction.cleanup.interval.ms = 3600000
	transaction.state.log.load.buffer.size = 5242880
	transaction.state.log.min.isr = 1
	transaction.state.log.num.partitions = 50
	transaction.state.log.replication.factor = 1
	transaction.state.log.segment.bytes = 104857600
	transaction.two.phase.commit.enable = false
	transactional.id.expiration.ms = 604800000
	unclean.leader.election.enable = false
	unclean.leader.election.interval.ms = 300000
	unstable.api.versions.enable = false
	unstable.feature.versions.enable = false
 (org.apache.kafka.common.config.AbstractConfig)
[2026-03-09 17:25:56,471] INFO [BrokerServer id=1] Waiting for controller quorum voters future (kafka.server.BrokerServer)
[2026-03-09 17:25:56,471] INFO [BrokerServer id=1] Finished waiting for controller quorum voters future (kafka.server.BrokerServer)
[2026-03-09 17:25:56,471] INFO [ControllerRegistrationManager id=1 incarnation=Z3hng1_2TJex6OLU20uB1g] sendControllerRegistration: attempting to send ControllerRegistrationRequestData(controllerId=1, incarnationId=Z3hng1_2TJex6OLU20uB1g, zkMigrationReady=false, listeners=[Listener(name='CONTROLLER', host='localhost', port=9093, securityProtocol=0)], features=[Feature(name='group.version', minSupportedVersion=0, maxSupportedVersion=1), Feature(name='kraft.version', minSupportedVersion=0, maxSupportedVersion=1), Feature(name='metadata.version', minSupportedVersion=7, maxSupportedVersion=29), Feature(name='share.version', minSupportedVersion=0, maxSupportedVersion=1), Feature(name='streams.version', minSupportedVersion=0, maxSupportedVersion=1), Feature(name='transaction.version', minSupportedVersion=0, maxSupportedVersion=2), Feature(name='eligible.leader.replicas.version', minSupportedVersion=0, maxSupportedVersion=1)]) (kafka.server.ControllerRegistrationManager)
[2026-03-09 17:25:56,472] INFO [broker-1-to-controller-forwarding-channel-manager]: Starting (kafka.server.NodeToControllerRequestThread)
[2026-03-09 17:25:56,473] INFO [broker-1-to-controller-forwarding-channel-manager]: Recorded new KRaft controller, from now on will use node localhost:9093 (id: 1 rack: null isFenced: false) (kafka.server.NodeToControllerRequestThread)
[2026-03-09 17:25:56,476] INFO [MetadataLoader id=1] InitializeNewPublishers: initializing DynamicClientQuotaPublisher controller id=1 with a snapshot at offset 11 (org.apache.kafka.image.loader.MetadataLoader)
[2026-03-09 17:25:56,476] INFO [client-metrics-reaper]: Starting (org.apache.kafka.server.util.timer.SystemTimerReaper$Reaper)
[2026-03-09 17:25:56,476] INFO [MetadataLoader id=1] InitializeNewPublishers: initializing DynamicTopicClusterQuotaPublisher controller id=1 with a snapshot at offset 11 (org.apache.kafka.image.loader.MetadataLoader)
[2026-03-09 17:25:56,477] INFO [MetadataLoader id=1] InitializeNewPublishers: initializing ScramPublisher controller id=1 with a snapshot at offset 11 (org.apache.kafka.image.loader.MetadataLoader)
[2026-03-09 17:25:56,477] INFO [MetadataLoader id=1] InitializeNewPublishers: initializing DelegationTokenPublisher controller id=1 with a snapshot at offset 11 (org.apache.kafka.image.loader.MetadataLoader)
[2026-03-09 17:25:56,477] INFO [MetadataLoader id=1] InitializeNewPublishers: initializing ControllerMetadataMetricsPublisher with a snapshot at offset 11 (org.apache.kafka.image.loader.MetadataLoader)
[2026-03-09 17:25:56,478] INFO [MetadataLoader id=1] InitializeNewPublishers: initializing AclPublisher controller id=1 with a snapshot at offset 11 (org.apache.kafka.image.loader.MetadataLoader)
[2026-03-09 17:25:56,491] INFO Updated connection-accept-rate max connection creation rate to 2147483647 (kafka.network.ConnectionQuotas)
[2026-03-09 17:25:56,492] INFO [SocketServer listenerType=BROKER, nodeId=1] Created data-plane acceptor and processors for endpoint : ListenerName(PLAINTEXT) (kafka.network.SocketServer)
[2026-03-09 17:25:56,495] INFO [broker-1-to-controller-alter-partition-channel-manager]: Starting (kafka.server.NodeToControllerRequestThread)
[2026-03-09 17:25:56,495] INFO [broker-1-to-controller-alter-partition-channel-manager]: Recorded new KRaft controller, from now on will use node localhost:9093 (id: 1 rack: null isFenced: false) (kafka.server.NodeToControllerRequestThread)
[2026-03-09 17:25:56,498] INFO [broker-1-to-controller-directory-assignments-channel-manager]: Starting (kafka.server.NodeToControllerRequestThread)
[2026-03-09 17:25:56,498] INFO [broker-1-to-controller-directory-assignments-channel-manager]: Recorded new KRaft controller, from now on will use node localhost:9093 (id: 1 rack: null isFenced: false) (kafka.server.NodeToControllerRequestThread)
[2026-03-09 17:25:56,504] INFO [ExpirationReaper-1-Produce]: Starting (org.apache.kafka.server.purgatory.DelayedOperationPurgatory$ExpiredOperationReaper)
[2026-03-09 17:25:56,504] INFO [ExpirationReaper-1-Fetch]: Starting (org.apache.kafka.server.purgatory.DelayedOperationPurgatory$ExpiredOperationReaper)
[2026-03-09 17:25:56,504] INFO [ExpirationReaper-1-DeleteRecords]: Starting (org.apache.kafka.server.purgatory.DelayedOperationPurgatory$ExpiredOperationReaper)
[2026-03-09 17:25:56,505] INFO [ExpirationReaper-1-RemoteFetch]: Starting (org.apache.kafka.server.purgatory.DelayedOperationPurgatory$ExpiredOperationReaper)
[2026-03-09 17:25:56,505] INFO [ExpirationReaper-1-RemoteListOffsets]: Starting (org.apache.kafka.server.purgatory.DelayedOperationPurgatory$ExpiredOperationReaper)
[2026-03-09 17:25:56,506] INFO [ExpirationReaper-1-ShareFetch]: Starting (org.apache.kafka.server.purgatory.DelayedOperationPurgatory$ExpiredOperationReaper)
[2026-03-09 17:25:56,512] INFO [share-coordinator-reaper]: Starting (org.apache.kafka.server.util.timer.SystemTimerReaper$Reaper)
[2026-03-09 17:25:56,520] INFO [share-coordinator-event-processor-0]: Starting (org.apache.kafka.coordinator.common.runtime.MultiThreadedEventProcessor$EventProcessorThread)
[2026-03-09 17:25:56,523] INFO [persister-state-manager-reaper]: Starting (org.apache.kafka.server.util.timer.SystemTimerReaper$Reaper)
[2026-03-09 17:25:56,524] INFO [PersisterStateManager]: Starting (org.apache.kafka.server.share.persister.PersisterStateManager$SendThread)
[2026-03-09 17:25:56,524] INFO [network-partition-metadata-client-reaper]: Starting (org.apache.kafka.server.util.timer.SystemTimerReaper$Reaper)
[2026-03-09 17:25:56,524] INFO [group-coordinator-reaper]: Starting (org.apache.kafka.server.util.timer.SystemTimerReaper$Reaper)
[2026-03-09 17:25:56,528] INFO [group-coordinator-event-processor-0]: Starting (org.apache.kafka.coordinator.common.runtime.MultiThreadedEventProcessor$EventProcessorThread)
[2026-03-09 17:25:56,528] INFO [group-coordinator-event-processor-1]: Starting (org.apache.kafka.coordinator.common.runtime.MultiThreadedEventProcessor$EventProcessorThread)
[2026-03-09 17:25:56,529] INFO [group-coordinator-event-processor-3]: Starting (org.apache.kafka.coordinator.common.runtime.MultiThreadedEventProcessor$EventProcessorThread)
[2026-03-09 17:25:56,529] INFO [group-coordinator-event-processor-2]: Starting (org.apache.kafka.coordinator.common.runtime.MultiThreadedEventProcessor$EventProcessorThread)
[2026-03-09 17:25:56,529] INFO [ControllerRegistrationManager id=1 incarnation=Z3hng1_2TJex6OLU20uB1g] Our registration has been persisted to the metadata log. (kafka.server.ControllerRegistrationManager)
[2026-03-09 17:25:56,530] INFO [ControllerRegistrationManager id=1 incarnation=Z3hng1_2TJex6OLU20uB1g] RegistrationResponseHandler: controller acknowledged ControllerRegistrationRequest. (kafka.server.ControllerRegistrationManager)
[2026-03-09 17:25:56,539] INFO Unable to read the broker epoch in /tmp/kraft-combined-logs. (kafka.log.LogManager)
[2026-03-09 17:25:56,540] INFO [broker-1-to-controller-heartbeat-channel-manager]: Starting (kafka.server.NodeToControllerRequestThread)
[2026-03-09 17:25:56,540] INFO [broker-1-to-controller-heartbeat-channel-manager]: Recorded new KRaft controller, from now on will use node localhost:9093 (id: 1 rack: null isFenced: false) (kafka.server.NodeToControllerRequestThread)
[2026-03-09 17:25:56,543] INFO [BrokerLifecycleManager id=1] Incarnation _eIp200ARv6xZYEpkPKhYw of broker 1 in cluster l__74_HnTqeHH6dGMHkRZA is now STARTING. (kafka.server.BrokerLifecycleManager)
[2026-03-09 17:25:56,547] INFO [share-group-lock-timeout-reaper]: Starting (org.apache.kafka.server.util.timer.SystemTimerReaper$Reaper)
[2026-03-09 17:25:56,552] INFO [ExpirationReaper-1-AlterAcls]: Starting (org.apache.kafka.server.purgatory.DelayedOperationPurgatory$ExpiredOperationReaper)
[2026-03-09 17:25:56,559] INFO [BrokerServer id=1] Waiting for the broker metadata publishers to be installed (kafka.server.BrokerServer)
[2026-03-09 17:25:56,559] INFO [BrokerServer id=1] Finished waiting for the broker metadata publishers to be installed (kafka.server.BrokerServer)
[2026-03-09 17:25:56,559] INFO [BrokerServer id=1] Waiting for the controller to acknowledge that we are caught up (kafka.server.BrokerServer)
[2026-03-09 17:25:56,559] INFO [MetadataLoader id=1] InitializeNewPublishers: initializing MetadataVersionPublisher(id=1) with a snapshot at offset 12 (org.apache.kafka.image.loader.MetadataLoader)
[2026-03-09 17:25:56,559] INFO [MetadataLoader id=1] InitializeNewPublishers: initializing BrokerMetadataPublisher with a snapshot at offset 12 (org.apache.kafka.image.loader.MetadataLoader)
[2026-03-09 17:25:56,559] INFO [BrokerMetadataPublisher id=1] Publishing initial metadata at offset OffsetAndEpoch[offset=12, epoch=1] with metadata.version Optional[4.2-IV1]. (kafka.server.metadata.BrokerMetadataPublisher)
[2026-03-09 17:25:56,560] INFO Loading logs from log dirs ArrayBuffer(/tmp/kraft-combined-logs) (kafka.log.LogManager)
[2026-03-09 17:25:56,561] INFO No logs found to be loaded in /tmp/kraft-combined-logs (kafka.log.LogManager)
[2026-03-09 17:25:56,564] INFO Loaded 0 logs in 4ms (kafka.log.LogManager)
[2026-03-09 17:25:56,564] INFO Starting log cleanup with a period of 5000 ms. (kafka.log.LogManager)
[2026-03-09 17:25:56,565] INFO Starting log flusher with a default period of 9223372036854775807 ms. (kafka.log.LogManager)
[2026-03-09 17:25:56,576] INFO [LogDirFailureHandler]: Starting (kafka.server.ReplicaManager$LogDirFailureHandler)
[2026-03-09 17:25:56,577] INFO [AddPartitionsToTxnSenderThread-1]: Starting (org.apache.kafka.server.transaction.AddPartitionsToTxnManager)
[2026-03-09 17:25:56,578] INFO [GroupCoordinator id=1] Starting up. (org.apache.kafka.coordinator.group.GroupCoordinatorService)
[2026-03-09 17:25:56,577] INFO [BrokerLifecycleManager id=1] Successfully registered broker 1 with broker epoch 13 (kafka.server.BrokerLifecycleManager)
[2026-03-09 17:25:56,579] INFO [GroupCoordinator id=1] Startup complete. (org.apache.kafka.coordinator.group.GroupCoordinatorService)
[2026-03-09 17:25:56,579] INFO [TransactionCoordinator id=1] Starting up. (kafka.coordinator.transaction.TransactionCoordinator)
[2026-03-09 17:25:56,580] INFO [TxnMarkerSenderThread-1]: Starting (kafka.coordinator.transaction.TransactionMarkerChannelManager)
[2026-03-09 17:25:56,580] INFO [TransactionCoordinator id=1] Startup complete. (kafka.coordinator.transaction.TransactionCoordinator)
[2026-03-09 17:25:56,580] INFO [ShareCoordinator id=1] Starting up. (org.apache.kafka.coordinator.share.ShareCoordinatorService)
[2026-03-09 17:25:56,580] INFO [ShareCoordinator id=1] Startup complete. (org.apache.kafka.coordinator.share.ShareCoordinatorService)
[2026-03-09 17:25:56,582] INFO [DynamicConfigPublisher broker id=1] Updating cluster configuration : min.insync.replicas -> 1 (kafka.server.metadata.DynamicConfigPublisher)
[2026-03-09 17:25:56,583] INFO KafkaConfig values: 
	add.partitions.to.txn.retry.backoff.max.ms = 100
	add.partitions.to.txn.retry.backoff.ms = 20
	advertised.listeners = [PLAINTEXT://localhost:9092, CONTROLLER://localhost:9093]
	alter.config.policy.class.name = null
	alter.log.dirs.replication.quota.window.num = 11
	alter.log.dirs.replication.quota.window.size.seconds = 1
	authorizer.class.name = 
	auto.create.topics.enable = true
	auto.leader.rebalance.enable = true
	background.threads = 10
	broker.heartbeat.interval.ms = 2000
	broker.id = 1
	broker.rack = null
	broker.session.timeout.ms = 9000
	client.quota.callback.class = null
	compression.gzip.level = -1
	compression.lz4.level = 9
	compression.type = producer
	compression.zstd.level = 3
	config.providers = []
	connection.failed.authentication.delay.ms = 100
	connections.max.idle.ms = 600000
	connections.max.reauth.ms = 0
	controlled.shutdown.enable = true
	controller.listener.names = [CONTROLLER]
	controller.performance.always.log.threshold.ms = 2000
	controller.performance.sample.period.ms = 60000
	controller.quorum.append.linger.ms = 25
	controller.quorum.auto.join.enable = false
	controller.quorum.bootstrap.servers = [localhost:9093]
	controller.quorum.election.backoff.max.ms = 1000
	controller.quorum.election.timeout.ms = 1000
	controller.quorum.fetch.timeout.ms = 2000
	controller.quorum.request.timeout.ms = 2000
	controller.quorum.retry.backoff.ms = 20
	controller.quorum.voters = []
	controller.quota.window.num = 11
	controller.quota.window.size.seconds = 1
	controller.socket.timeout.ms = 30000
	create.topic.policy.class.name = null
	default.replication.factor = 1
	delegation.token.expiry.check.interval.ms = 3600000
	delegation.token.expiry.time.ms = 86400000
	delegation.token.max.lifetime.ms = 604800000
	delegation.token.secret.key = null
	delete.records.purgatory.purge.interval.requests = 1
	delete.topic.enable = true
	early.start.listeners = null
	fetch.max.bytes = 57671680
	fetch.purgatory.purge.interval.requests = 1000
	group.consumer.assignors = [uniform, range]
	group.consumer.heartbeat.interval.ms = 5000
	group.consumer.max.heartbeat.interval.ms = 15000
	group.consumer.max.session.timeout.ms = 60000
	group.consumer.max.size = 2147483647
	group.consumer.migration.policy = bidirectional
	group.consumer.min.heartbeat.interval.ms = 5000
	group.consumer.min.session.timeout.ms = 45000
	group.consumer.regex.refresh.interval.ms = 600000
	group.consumer.session.timeout.ms = 45000
	group.coordinator.append.linger.ms = -1
	group.coordinator.rebalance.protocols = [classic, consumer, streams]
	group.coordinator.threads = 4
	group.initial.rebalance.delay.ms = 3000
	group.max.session.timeout.ms = 1800000
	group.max.size = 2147483647
	group.min.session.timeout.ms = 6000
	group.share.assignors = [simple]
	group.share.delivery.count.limit = 5
	group.share.enable = false
	group.share.heartbeat.interval.ms = 5000
	group.share.initialize.retry.interval.ms = 30000
	group.share.max.heartbeat.interval.ms = 15000
	group.share.max.record.lock.duration.ms = 60000
	group.share.max.session.timeout.ms = 60000
	group.share.max.share.sessions = 2000
	group.share.max.size = 200
	group.share.min.heartbeat.interval.ms = 5000
	group.share.min.record.lock.duration.ms = 15000
	group.share.min.session.timeout.ms = 45000
	group.share.partition.max.record.locks = 2000
	group.share.persister.class.name = org.apache.kafka.server.share.persister.DefaultStatePersister
	group.share.record.lock.duration.ms = 30000
	group.share.session.timeout.ms = 45000
	group.streams.heartbeat.interval.ms = 5000
	group.streams.initial.rebalance.delay.ms = 3000
	group.streams.max.heartbeat.interval.ms = 15000
	group.streams.max.session.timeout.ms = 60000
	group.streams.max.size = 2147483647
	group.streams.max.standby.replicas = 2
	group.streams.min.heartbeat.interval.ms = 5000
	group.streams.min.session.timeout.ms = 45000
	group.streams.num.standby.replicas = 0
	group.streams.session.timeout.ms = 45000
	initial.broker.registration.timeout.ms = 60000
	inter.broker.listener.name = PLAINTEXT
	internal.metadata.delete.delay.millis = 60000
	internal.metadata.log.segment.bytes = null
	internal.metadata.max.batch.size.in.bytes = 8388608
	internal.metadata.max.fetch.size.in.bytes = 8388608
	kafka.metrics.polling.interval.secs = 10
	kafka.metrics.reporters = []
	leader.imbalance.check.interval.seconds = 300
	listener.security.protocol.map = CONTROLLER:PLAINTEXT,PLAINTEXT:PLAINTEXT,SSL:SSL,SASL_PLAINTEXT:SASL_PLAINTEXT,SASL_SSL:SASL_SSL
	listeners = [PLAINTEXT://:9092, CONTROLLER://:9093]
	log.cleaner.backoff.ms = 15000
	log.cleaner.dedupe.buffer.size = 134217728
	log.cleaner.delete.retention.ms = 86400000
	log.cleaner.enable = true
	log.cleaner.io.buffer.load.factor = 0.9
	log.cleaner.io.buffer.size = 524288
	log.cleaner.io.max.bytes.per.second = 1.7976931348623157E308
	log.cleaner.max.compaction.lag.ms = 9223372036854775807
	log.cleaner.min.cleanable.ratio = 0.5
	log.cleaner.min.compaction.lag.ms = 0
	log.cleaner.threads = 1
	log.cleanup.policy = [delete]
	log.dir = [/tmp/kafka-logs]
	log.dir.failure.timeout.ms = 30000
	log.dirs = [/tmp/kraft-combined-logs]
	log.flush.interval.messages = 9223372036854775807
	log.flush.interval.ms = null
	log.flush.offset.checkpoint.interval.ms = 60000
	log.flush.scheduler.interval.ms = 9223372036854775807
	log.flush.start.offset.checkpoint.interval.ms = 60000
	log.index.interval.bytes = 4096
	log.index.size.max.bytes = 10485760
	log.initial.task.delay.ms = 30000
	log.local.retention.bytes = -2
	log.local.retention.ms = -2
	log.message.timestamp.after.max.ms = 3600000
	log.message.timestamp.before.max.ms = 9223372036854775807
	log.message.timestamp.type = CreateTime
	log.preallocate = false
	log.retention.bytes = -1
	log.retention.check.interval.ms = 5000
	log.retention.hours = 168
	log.retention.minutes = null
	log.retention.ms = null
	log.roll.hours = 168
	log.roll.jitter.hours = 0
	log.roll.jitter.ms = null
	log.roll.ms = null
	log.segment.bytes = 1073741824
	log.segment.delete.delay.ms = 1000
	max.connection.creation.rate = 2147483647
	max.connections = 2147483647
	max.connections.per.ip = 2147483647
	max.connections.per.ip.overrides = 
	max.incremental.fetch.session.cache.slots = 1000
	max.request.partition.size.limit = 2000
	message.max.bytes = 11534336
	metadata.log.dir = null
	metadata.log.max.record.bytes.between.snapshots = 20971520
	metadata.log.max.snapshot.interval.ms = 3600000
	metadata.log.segment.bytes = 1073741824
	metadata.log.segment.ms = 604800000
	metadata.max.idle.interval.ms = 500
	metadata.max.retention.bytes = 104857600
	metadata.max.retention.ms = 604800000
	metric.reporters = [org.apache.kafka.common.metrics.JmxReporter]
	metrics.num.samples = 2
	metrics.recording.level = INFO
	metrics.sample.window.ms = 30000
	min.insync.replicas = 1
	node.id = 1
	num.io.threads = 8
	num.network.threads = 3
	num.partitions = 1
	num.recovery.threads.per.data.dir = 2
	num.replica.alter.log.dirs.threads = null
	num.replica.fetchers = 1
	offset.metadata.max.bytes = 4096
	offsets.commit.timeout.ms = 5000
	offsets.load.buffer.size = 5242880
	offsets.retention.check.interval.ms = 600000
	offsets.retention.minutes = 10080
	offsets.topic.compression.codec = 0
	offsets.topic.num.partitions = 50
	offsets.topic.replication.factor = 1
	offsets.topic.segment.bytes = 104857600
	principal.builder.class = class org.apache.kafka.common.security.authenticator.DefaultKafkaPrincipalBuilder
	process.roles = [broker, controller]
	producer.id.expiration.check.interval.ms = 600000
	producer.id.expiration.ms = 86400000
	producer.purgatory.purge.interval.requests = 1000
	queued.max.request.bytes = -1
	queued.max.requests = 500
	quota.window.num = 11
	quota.window.size.seconds = 1
	remote.fetch.max.wait.ms = 500
	remote.list.offsets.request.timeout.ms = 30000
	remote.log.index.file.cache.total.size.bytes = 1073741824
	remote.log.manager.copier.thread.pool.size = 10
	remote.log.manager.copy.max.bytes.per.second = 9223372036854775807
	remote.log.manager.copy.quota.window.num = 11
	remote.log.manager.copy.quota.window.size.seconds = 1
	remote.log.manager.expiration.thread.pool.size = 10
	remote.log.manager.fetch.max.bytes.per.second = 9223372036854775807
	remote.log.manager.fetch.quota.window.num = 11
	remote.log.manager.fetch.quota.window.size.seconds = 1
	remote.log.manager.follower.thread.pool.size = 2
	remote.log.manager.task.interval.ms = 30000
	remote.log.manager.task.retry.backoff.max.ms = 30000
	remote.log.manager.task.retry.backoff.ms = 500
	remote.log.manager.task.retry.jitter = 0.2
	remote.log.manager.thread.pool.size = 2
	remote.log.metadata.custom.metadata.max.bytes = 128
	remote.log.metadata.manager.class.name = org.apache.kafka.server.log.remote.metadata.storage.TopicBasedRemoteLogMetadataManager
	remote.log.metadata.manager.class.path = null
	remote.log.metadata.manager.impl.prefix = rlmm.config.
	remote.log.metadata.manager.listener.name = null
	remote.log.reader.max.pending.tasks = 100
	remote.log.reader.threads = 10
	remote.log.storage.manager.class.name = null
	remote.log.storage.manager.class.path = null
	remote.log.storage.manager.impl.prefix = rsm.config.
	remote.log.storage.system.enable = false
	replica.fetch.backoff.ms = 1000
	replica.fetch.max.bytes = 11534336
	replica.fetch.min.bytes = 1
	replica.fetch.response.max.bytes = 10485760
	replica.fetch.wait.max.ms = 500
	replica.high.watermark.checkpoint.interval.ms = 5000
	replica.lag.time.max.ms = 30000
	replica.selector.class = null
	replica.socket.receive.buffer.bytes = 65536
	replica.socket.timeout.ms = 30000
	replication.quota.window.num = 11
	replication.quota.window.size.seconds = 1
	request.timeout.ms = 30000
	sasl.client.callback.handler.class = null
	sasl.enabled.mechanisms = [GSSAPI]
	sasl.jaas.config = null
	sasl.kerberos.kinit.cmd = /usr/bin/kinit
	sasl.kerberos.min.time.before.relogin = 60000
	sasl.kerberos.principal.to.local.rules = [DEFAULT]
	sasl.kerberos.service.name = null
	sasl.kerberos.ticket.renew.jitter = 0.05
	sasl.kerberos.ticket.renew.window.factor = 0.8
	sasl.login.callback.handler.class = null
	sasl.login.class = null
	sasl.login.connect.timeout.ms = null
	sasl.login.read.timeout.ms = null
	sasl.login.refresh.buffer.seconds = 300
	sasl.login.refresh.min.period.seconds = 60
	sasl.login.refresh.window.factor = 0.8
	sasl.login.refresh.window.jitter = 0.05
	sasl.login.retry.backoff.max.ms = 10000
	sasl.login.retry.backoff.ms = 100
	sasl.mechanism.controller.protocol = GSSAPI
	sasl.mechanism.inter.broker.protocol = GSSAPI
	sasl.oauthbearer.assertion.algorithm = RS256
	sasl.oauthbearer.assertion.claim.aud = null
	sasl.oauthbearer.assertion.claim.exp.seconds = 300
	sasl.oauthbearer.assertion.claim.iss = null
	sasl.oauthbearer.assertion.claim.jti.include = false
	sasl.oauthbearer.assertion.claim.nbf.seconds = 60
	sasl.oauthbearer.assertion.claim.sub = null
	sasl.oauthbearer.assertion.file = null
	sasl.oauthbearer.assertion.private.key.file = null
	sasl.oauthbearer.assertion.private.key.passphrase = null
	sasl.oauthbearer.assertion.template.file = null
	sasl.oauthbearer.client.credentials.client.id = null
	sasl.oauthbearer.client.credentials.client.secret = null
	sasl.oauthbearer.clock.skew.seconds = 30
	sasl.oauthbearer.expected.audience = []
	sasl.oauthbearer.expected.issuer = null
	sasl.oauthbearer.jwks.endpoint.refresh.ms = 3600000
	sasl.oauthbearer.jwks.endpoint.retry.backoff.max.ms = 10000
	sasl.oauthbearer.jwks.endpoint.retry.backoff.ms = 100
	sasl.oauthbearer.jwks.endpoint.url = null
	sasl.oauthbearer.jwt.retriever.class = class org.apache.kafka.common.security.oauthbearer.DefaultJwtRetriever
	sasl.oauthbearer.jwt.validator.class = class org.apache.kafka.common.security.oauthbearer.DefaultJwtValidator
	sasl.oauthbearer.scope = null
	sasl.oauthbearer.scope.claim.name = scope
	sasl.oauthbearer.sub.claim.name = sub
	sasl.oauthbearer.token.endpoint.url = null
	sasl.server.callback.handler.class = null
	sasl.server.max.receive.size = 524288
	security.inter.broker.protocol = PLAINTEXT
	security.providers = null
	server.max.startup.time.ms = 9223372036854775807
	share.coordinator.append.linger.ms = -1
	share.coordinator.cold.partition.snapshot.interval.ms = 300000
	share.coordinator.load.buffer.size = 5242880
	share.coordinator.snapshot.update.records.per.snapshot = 500
	share.coordinator.state.topic.compression.codec = 0
	share.coordinator.state.topic.min.isr = 1
	share.coordinator.state.topic.num.partitions = 50
	share.coordinator.state.topic.prune.interval.ms = 300000
	share.coordinator.state.topic.replication.factor = 1
	share.coordinator.state.topic.segment.bytes = 104857600
	share.coordinator.threads = 1
	share.coordinator.write.timeout.ms = 5000
	share.fetch.purgatory.purge.interval.requests = 1000
	socket.connection.setup.timeout.max.ms = 30000
	socket.connection.setup.timeout.ms = 10000
	socket.listen.backlog.size = 50
	socket.receive.buffer.bytes = 102400
	socket.request.max.bytes = 104857600
	socket.send.buffer.bytes = 102400
	ssl.allow.dn.changes = false
	ssl.allow.san.changes = false
	ssl.cipher.suites = []
	ssl.client.auth = none
	ssl.enabled.protocols = [TLSv1.2, TLSv1.3]
	ssl.endpoint.identification.algorithm = https
	ssl.engine.factory.class = null
	ssl.key.password = null
	ssl.keymanager.algorithm = SunX509
	ssl.keystore.certificate.chain = null
	ssl.keystore.key = null
	ssl.keystore.location = null
	ssl.keystore.password = null
	ssl.keystore.type = JKS
	ssl.principal.mapping.rules = DEFAULT
	ssl.protocol = TLSv1.3
	ssl.provider = null
	ssl.secure.random.implementation = null
	ssl.trustmanager.algorithm = PKIX
	ssl.truststore.certificates = null
	ssl.truststore.location = null
	ssl.truststore.password = null
	ssl.truststore.type = JKS
	telemetry.max.bytes = 1048576
	transaction.abort.timed.out.transaction.cleanup.interval.ms = 10000
	transaction.max.timeout.ms = 900000
	transaction.partition.verification.enable = true
	transaction.remove.expired.transaction.cleanup.interval.ms = 3600000
	transaction.state.log.load.buffer.size = 5242880
	transaction.state.log.min.isr = 1
	transaction.state.log.num.partitions = 50
	transaction.state.log.replication.factor = 1
	transaction.state.log.segment.bytes = 104857600
	transaction.two.phase.commit.enable = false
	transactional.id.expiration.ms = 604800000
	unclean.leader.election.enable = false
	unclean.leader.election.interval.ms = 300000
	unstable.api.versions.enable = false
	unstable.feature.versions.enable = false
 (org.apache.kafka.common.config.AbstractConfig)
[2026-03-09 17:25:56,586] INFO [BrokerMetadataPublisher id=1] Feature share.version has been updated to version 1 (kafka.server.metadata.BrokerMetadataPublisher)
[2026-03-09 17:25:56,586] INFO [MetadataLoader id=1] InitializeNewPublishers: initializing BrokerRegistrationTracker(id=1) with a snapshot at offset 12 (org.apache.kafka.image.loader.MetadataLoader)
[2026-03-09 17:25:56,596] INFO [BrokerLifecycleManager id=1] The broker has caught up. Transitioning from STARTING to RECOVERY. (kafka.server.BrokerLifecycleManager)
[2026-03-09 17:25:56,596] INFO [BrokerServer id=1] Finished waiting for the controller to acknowledge that we are caught up (kafka.server.BrokerServer)
[2026-03-09 17:25:56,596] INFO [BrokerServer id=1] Waiting for the initial broker metadata update to be published (kafka.server.BrokerServer)
[2026-03-09 17:25:56,596] INFO [BrokerServer id=1] Finished waiting for the initial broker metadata update to be published (kafka.server.BrokerServer)
[2026-03-09 17:25:56,597] INFO KafkaConfig values: 
	add.partitions.to.txn.retry.backoff.max.ms = 100
	add.partitions.to.txn.retry.backoff.ms = 20
	advertised.listeners = [PLAINTEXT://localhost:9092, CONTROLLER://localhost:9093]
	alter.config.policy.class.name = null
	alter.log.dirs.replication.quota.window.num = 11
	alter.log.dirs.replication.quota.window.size.seconds = 1
	authorizer.class.name = 
	auto.create.topics.enable = true
	auto.leader.rebalance.enable = true
	background.threads = 10
	broker.heartbeat.interval.ms = 2000
	broker.id = 1
	broker.rack = null
	broker.session.timeout.ms = 9000
	client.quota.callback.class = null
	compression.gzip.level = -1
	compression.lz4.level = 9
	compression.type = producer
	compression.zstd.level = 3
	config.providers = []
	connection.failed.authentication.delay.ms = 100
	connections.max.idle.ms = 600000
	connections.max.reauth.ms = 0
	controlled.shutdown.enable = true
	controller.listener.names = [CONTROLLER]
	controller.performance.always.log.threshold.ms = 2000
	controller.performance.sample.period.ms = 60000
	controller.quorum.append.linger.ms = 25
	controller.quorum.auto.join.enable = false
	controller.quorum.bootstrap.servers = [localhost:9093]
	controller.quorum.election.backoff.max.ms = 1000
	controller.quorum.election.timeout.ms = 1000
	controller.quorum.fetch.timeout.ms = 2000
	controller.quorum.request.timeout.ms = 2000
	controller.quorum.retry.backoff.ms = 20
	controller.quorum.voters = []
	controller.quota.window.num = 11
	controller.quota.window.size.seconds = 1
	controller.socket.timeout.ms = 30000
	create.topic.policy.class.name = null
	default.replication.factor = 1
	delegation.token.expiry.check.interval.ms = 3600000
	delegation.token.expiry.time.ms = 86400000
	delegation.token.max.lifetime.ms = 604800000
	delegation.token.secret.key = null
	delete.records.purgatory.purge.interval.requests = 1
	delete.topic.enable = true
	early.start.listeners = null
	fetch.max.bytes = 57671680
	fetch.purgatory.purge.interval.requests = 1000
	group.consumer.assignors = [uniform, range]
	group.consumer.heartbeat.interval.ms = 5000
	group.consumer.max.heartbeat.interval.ms = 15000
	group.consumer.max.session.timeout.ms = 60000
	group.consumer.max.size = 2147483647
	group.consumer.migration.policy = bidirectional
	group.consumer.min.heartbeat.interval.ms = 5000
	group.consumer.min.session.timeout.ms = 45000
	group.consumer.regex.refresh.interval.ms = 600000
	group.consumer.session.timeout.ms = 45000
	group.coordinator.append.linger.ms = -1
	group.coordinator.rebalance.protocols = [classic, consumer, streams]
	group.coordinator.threads = 4
	group.initial.rebalance.delay.ms = 3000
	group.max.session.timeout.ms = 1800000
	group.max.size = 2147483647
	group.min.session.timeout.ms = 6000
	group.share.assignors = [simple]
	group.share.delivery.count.limit = 5
	group.share.enable = false
	group.share.heartbeat.interval.ms = 5000
	group.share.initialize.retry.interval.ms = 30000
	group.share.max.heartbeat.interval.ms = 15000
	group.share.max.record.lock.duration.ms = 60000
	group.share.max.session.timeout.ms = 60000
	group.share.max.share.sessions = 2000
	group.share.max.size = 200
	group.share.min.heartbeat.interval.ms = 5000
	group.share.min.record.lock.duration.ms = 15000
	group.share.min.session.timeout.ms = 45000
	group.share.partition.max.record.locks = 2000
	group.share.persister.class.name = org.apache.kafka.server.share.persister.DefaultStatePersister
	group.share.record.lock.duration.ms = 30000
	group.share.session.timeout.ms = 45000
	group.streams.heartbeat.interval.ms = 5000
	group.streams.initial.rebalance.delay.ms = 3000
	group.streams.max.heartbeat.interval.ms = 15000
	group.streams.max.session.timeout.ms = 60000
	group.streams.max.size = 2147483647
	group.streams.max.standby.replicas = 2
	group.streams.min.heartbeat.interval.ms = 5000
	group.streams.min.session.timeout.ms = 45000
	group.streams.num.standby.replicas = 0
	group.streams.session.timeout.ms = 45000
	initial.broker.registration.timeout.ms = 60000
	inter.broker.listener.name = PLAINTEXT
	internal.metadata.delete.delay.millis = 60000
	internal.metadata.log.segment.bytes = null
	internal.metadata.max.batch.size.in.bytes = 8388608
	internal.metadata.max.fetch.size.in.bytes = 8388608
	kafka.metrics.polling.interval.secs = 10
	kafka.metrics.reporters = []
	leader.imbalance.check.interval.seconds = 300
	listener.security.protocol.map = CONTROLLER:PLAINTEXT,PLAINTEXT:PLAINTEXT,SSL:SSL,SASL_PLAINTEXT:SASL_PLAINTEXT,SASL_SSL:SASL_SSL
	listeners = [PLAINTEXT://:9092, CONTROLLER://:9093]
	log.cleaner.backoff.ms = 15000
	log.cleaner.dedupe.buffer.size = 134217728
	log.cleaner.delete.retention.ms = 86400000
	log.cleaner.enable = true
	log.cleaner.io.buffer.load.factor = 0.9
	log.cleaner.io.buffer.size = 524288
	log.cleaner.io.max.bytes.per.second = 1.7976931348623157E308
	log.cleaner.max.compaction.lag.ms = 9223372036854775807
	log.cleaner.min.cleanable.ratio = 0.5
	log.cleaner.min.compaction.lag.ms = 0
	log.cleaner.threads = 1
	log.cleanup.policy = [delete]
	log.dir = [/tmp/kafka-logs]
	log.dir.failure.timeout.ms = 30000
	log.dirs = [/tmp/kraft-combined-logs]
	log.flush.interval.messages = 9223372036854775807
	log.flush.interval.ms = null
	log.flush.offset.checkpoint.interval.ms = 60000
	log.flush.scheduler.interval.ms = 9223372036854775807
	log.flush.start.offset.checkpoint.interval.ms = 60000
	log.index.interval.bytes = 4096
	log.index.size.max.bytes = 10485760
	log.initial.task.delay.ms = 30000
	log.local.retention.bytes = -2
	log.local.retention.ms = -2
	log.message.timestamp.after.max.ms = 3600000
	log.message.timestamp.before.max.ms = 9223372036854775807
	log.message.timestamp.type = CreateTime
	log.preallocate = false
	log.retention.bytes = -1
	log.retention.check.interval.ms = 5000
	log.retention.hours = 168
	log.retention.minutes = null
	log.retention.ms = null
	log.roll.hours = 168
	log.roll.jitter.hours = 0
	log.roll.jitter.ms = null
	log.roll.ms = null
	log.segment.bytes = 1073741824
	log.segment.delete.delay.ms = 1000
	max.connection.creation.rate = 2147483647
	max.connections = 2147483647
	max.connections.per.ip = 2147483647
	max.connections.per.ip.overrides = 
	max.incremental.fetch.session.cache.slots = 1000
	max.request.partition.size.limit = 2000
	message.max.bytes = 11534336
	metadata.log.dir = null
	metadata.log.max.record.bytes.between.snapshots = 20971520
	metadata.log.max.snapshot.interval.ms = 3600000
	metadata.log.segment.bytes = 1073741824
	metadata.log.segment.ms = 604800000
	metadata.max.idle.interval.ms = 500
	metadata.max.retention.bytes = 104857600
	metadata.max.retention.ms = 604800000
	metric.reporters = [org.apache.kafka.common.metrics.JmxReporter]
	metrics.num.samples = 2
	metrics.recording.level = INFO
	metrics.sample.window.ms = 30000
	min.insync.replicas = 1
	node.id = 1
	num.io.threads = 8
	num.network.threads = 3
	num.partitions = 1
	num.recovery.threads.per.data.dir = 2
	num.replica.alter.log.dirs.threads = null
	num.replica.fetchers = 1
	offset.metadata.max.bytes = 4096
	offsets.commit.timeout.ms = 5000
	offsets.load.buffer.size = 5242880
	offsets.retention.check.interval.ms = 600000
	offsets.retention.minutes = 10080
	offsets.topic.compression.codec = 0
	offsets.topic.num.partitions = 50
	offsets.topic.replication.factor = 1
	offsets.topic.segment.bytes = 104857600
	principal.builder.class = class org.apache.kafka.common.security.authenticator.DefaultKafkaPrincipalBuilder
	process.roles = [broker, controller]
	producer.id.expiration.check.interval.ms = 600000
	producer.id.expiration.ms = 86400000
	producer.purgatory.purge.interval.requests = 1000
	queued.max.request.bytes = -1
	queued.max.requests = 500
	quota.window.num = 11
	quota.window.size.seconds = 1
	remote.fetch.max.wait.ms = 500
	remote.list.offsets.request.timeout.ms = 30000
	remote.log.index.file.cache.total.size.bytes = 1073741824
	remote.log.manager.copier.thread.pool.size = 10
	remote.log.manager.copy.max.bytes.per.second = 9223372036854775807
	remote.log.manager.copy.quota.window.num = 11
	remote.log.manager.copy.quota.window.size.seconds = 1
	remote.log.manager.expiration.thread.pool.size = 10
	remote.log.manager.fetch.max.bytes.per.second = 9223372036854775807
	remote.log.manager.fetch.quota.window.num = 11
	remote.log.manager.fetch.quota.window.size.seconds = 1
	remote.log.manager.follower.thread.pool.size = 2
	remote.log.manager.task.interval.ms = 30000
	remote.log.manager.task.retry.backoff.max.ms = 30000
	remote.log.manager.task.retry.backoff.ms = 500
	remote.log.manager.task.retry.jitter = 0.2
	remote.log.manager.thread.pool.size = 2
	remote.log.metadata.custom.metadata.max.bytes = 128
	remote.log.metadata.manager.class.name = org.apache.kafka.server.log.remote.metadata.storage.TopicBasedRemoteLogMetadataManager
	remote.log.metadata.manager.class.path = null
	remote.log.metadata.manager.impl.prefix = rlmm.config.
	remote.log.metadata.manager.listener.name = null
	remote.log.reader.max.pending.tasks = 100
	remote.log.reader.threads = 10
	remote.log.storage.manager.class.name = null
	remote.log.storage.manager.class.path = null
	remote.log.storage.manager.impl.prefix = rsm.config.
	remote.log.storage.system.enable = false
	replica.fetch.backoff.ms = 1000
	replica.fetch.max.bytes = 11534336
	replica.fetch.min.bytes = 1
	replica.fetch.response.max.bytes = 10485760
	replica.fetch.wait.max.ms = 500
	replica.high.watermark.checkpoint.interval.ms = 5000
	replica.lag.time.max.ms = 30000
	replica.selector.class = null
	replica.socket.receive.buffer.bytes = 65536
	replica.socket.timeout.ms = 30000
	replication.quota.window.num = 11
	replication.quota.window.size.seconds = 1
	request.timeout.ms = 30000
	sasl.client.callback.handler.class = null
	sasl.enabled.mechanisms = [GSSAPI]
	sasl.jaas.config = null
	sasl.kerberos.kinit.cmd = /usr/bin/kinit
	sasl.kerberos.min.time.before.relogin = 60000
	sasl.kerberos.principal.to.local.rules = [DEFAULT]
	sasl.kerberos.service.name = null
	sasl.kerberos.ticket.renew.jitter = 0.05
	sasl.kerberos.ticket.renew.window.factor = 0.8
	sasl.login.callback.handler.class = null
	sasl.login.class = null
	sasl.login.connect.timeout.ms = null
	sasl.login.read.timeout.ms = null
	sasl.login.refresh.buffer.seconds = 300
	sasl.login.refresh.min.period.seconds = 60
	sasl.login.refresh.window.factor = 0.8
	sasl.login.refresh.window.jitter = 0.05
	sasl.login.retry.backoff.max.ms = 10000
	sasl.login.retry.backoff.ms = 100
	sasl.mechanism.controller.protocol = GSSAPI
	sasl.mechanism.inter.broker.protocol = GSSAPI
	sasl.oauthbearer.assertion.algorithm = RS256
	sasl.oauthbearer.assertion.claim.aud = null
	sasl.oauthbearer.assertion.claim.exp.seconds = 300
	sasl.oauthbearer.assertion.claim.iss = null
	sasl.oauthbearer.assertion.claim.jti.include = false
	sasl.oauthbearer.assertion.claim.nbf.seconds = 60
	sasl.oauthbearer.assertion.claim.sub = null
	sasl.oauthbearer.assertion.file = null
	sasl.oauthbearer.assertion.private.key.file = null
	sasl.oauthbearer.assertion.private.key.passphrase = null
	sasl.oauthbearer.assertion.template.file = null
	sasl.oauthbearer.client.credentials.client.id = null
	sasl.oauthbearer.client.credentials.client.secret = null
	sasl.oauthbearer.clock.skew.seconds = 30
	sasl.oauthbearer.expected.audience = []
	sasl.oauthbearer.expected.issuer = null
	sasl.oauthbearer.jwks.endpoint.refresh.ms = 3600000
	sasl.oauthbearer.jwks.endpoint.retry.backoff.max.ms = 10000
	sasl.oauthbearer.jwks.endpoint.retry.backoff.ms = 100
	sasl.oauthbearer.jwks.endpoint.url = null
	sasl.oauthbearer.jwt.retriever.class = class org.apache.kafka.common.security.oauthbearer.DefaultJwtRetriever
	sasl.oauthbearer.jwt.validator.class = class org.apache.kafka.common.security.oauthbearer.DefaultJwtValidator
	sasl.oauthbearer.scope = null
	sasl.oauthbearer.scope.claim.name = scope
	sasl.oauthbearer.sub.claim.name = sub
	sasl.oauthbearer.token.endpoint.url = null
	sasl.server.callback.handler.class = null
	sasl.server.max.receive.size = 524288
	security.inter.broker.protocol = PLAINTEXT
	security.providers = null
	server.max.startup.time.ms = 9223372036854775807
	share.coordinator.append.linger.ms = -1
	share.coordinator.cold.partition.snapshot.interval.ms = 300000
	share.coordinator.load.buffer.size = 5242880
	share.coordinator.snapshot.update.records.per.snapshot = 500
	share.coordinator.state.topic.compression.codec = 0
	share.coordinator.state.topic.min.isr = 1
	share.coordinator.state.topic.num.partitions = 50
	share.coordinator.state.topic.prune.interval.ms = 300000
	share.coordinator.state.topic.replication.factor = 1
	share.coordinator.state.topic.segment.bytes = 104857600
	share.coordinator.threads = 1
	share.coordinator.write.timeout.ms = 5000
	share.fetch.purgatory.purge.interval.requests = 1000
	socket.connection.setup.timeout.max.ms = 30000
	socket.connection.setup.timeout.ms = 10000
	socket.listen.backlog.size = 50
	socket.receive.buffer.bytes = 102400
	socket.request.max.bytes = 104857600
	socket.send.buffer.bytes = 102400
	ssl.allow.dn.changes = false
	ssl.allow.san.changes = false
	ssl.cipher.suites = []
	ssl.client.auth = none
	ssl.enabled.protocols = [TLSv1.2, TLSv1.3]
	ssl.endpoint.identification.algorithm = https
	ssl.engine.factory.class = null
	ssl.key.password = null
	ssl.keymanager.algorithm = SunX509
	ssl.keystore.certificate.chain = null
	ssl.keystore.key = null
	ssl.keystore.location = null
	ssl.keystore.password = null
	ssl.keystore.type = JKS
	ssl.principal.mapping.rules = DEFAULT
	ssl.protocol = TLSv1.3
	ssl.provider = null
	ssl.secure.random.implementation = null
	ssl.trustmanager.algorithm = PKIX
	ssl.truststore.certificates = null
	ssl.truststore.location = null
	ssl.truststore.password = null
	ssl.truststore.type = JKS
	telemetry.max.bytes = 1048576
	transaction.abort.timed.out.transaction.cleanup.interval.ms = 10000
	transaction.max.timeout.ms = 900000
	transaction.partition.verification.enable = true
	transaction.remove.expired.transaction.cleanup.interval.ms = 3600000
	transaction.state.log.load.buffer.size = 5242880
	transaction.state.log.min.isr = 1
	transaction.state.log.num.partitions = 50
	transaction.state.log.replication.factor = 1
	transaction.state.log.segment.bytes = 104857600
	transaction.two.phase.commit.enable = false
	transactional.id.expiration.ms = 604800000
	unclean.leader.election.enable = false
	unclean.leader.election.interval.ms = 300000
	unstable.api.versions.enable = false
	unstable.feature.versions.enable = false
 (org.apache.kafka.common.config.AbstractConfig)
[2026-03-09 17:25:56,600] INFO [BrokerServer id=1] Waiting for the broker to be unfenced (kafka.server.BrokerServer)
[2026-03-09 17:25:56,630] INFO [BrokerLifecycleManager id=1] The broker has been unfenced. Transitioning from RECOVERY to RUNNING. (kafka.server.BrokerLifecycleManager)
[2026-03-09 17:25:56,634] INFO [BrokerServer id=1] Finished waiting for the broker to be unfenced (kafka.server.BrokerServer)
[2026-03-09 17:25:56,634] INFO authorizerStart completed for endpoint PLAINTEXT. Endpoint is now READY. (org.apache.kafka.server.network.EndpointReadyFutures)
[2026-03-09 17:25:56,634] INFO [SocketServer listenerType=BROKER, nodeId=1] Enabling request processing. (kafka.network.SocketServer)
[2026-03-09 17:25:56,634] INFO Awaiting socket connections on 0.0.0.0:9092. (kafka.network.DataPlaneAcceptor)
[2026-03-09 17:25:56,634] INFO [BrokerServer id=1] Waiting for all of the authorizer futures to be completed (kafka.server.BrokerServer)
[2026-03-09 17:25:56,634] INFO [BrokerServer id=1] Finished waiting for all of the authorizer futures to be completed (kafka.server.BrokerServer)
[2026-03-09 17:25:56,634] INFO [BrokerServer id=1] Waiting for all of the SocketServer Acceptors to be started (kafka.server.BrokerServer)
[2026-03-09 17:25:56,635] INFO [BrokerServer id=1] Finished waiting for all of the SocketServer Acceptors to be started (kafka.server.BrokerServer)
[2026-03-09 17:25:56,635] INFO [BrokerServer id=1] Transition from STARTING to STARTED (kafka.server.BrokerServer)
[2026-03-09 17:25:56,635] INFO Kafka version: 4.2.0 (org.apache.kafka.common.utils.AppInfoParser)
[2026-03-09 17:25:56,635] INFO Kafka commitId: unknown (org.apache.kafka.common.utils.AppInfoParser)
[2026-03-09 17:25:56,635] INFO Kafka startTimeMs: 1773044756635 (org.apache.kafka.common.utils.AppInfoParser)
[2026-03-09 17:25:56,635] INFO [KafkaRaftServer nodeId=1] Kafka Server started (kafka.server.KafkaRaftServer)
[2026-03-09 17:26:01,829] INFO Sent auto-creation request for Set(baseline-auto-topic-0001) to the active controller. (kafka.server.DefaultAutoTopicCreationManager)
[2026-03-09 17:26:01,871] INFO [ReplicaFetcherManager on broker 1] Removed fetcher for partitions Set(baseline-auto-topic-0001-0) (kafka.server.ReplicaFetcherManager)
[2026-03-09 17:26:01,877] INFO [LogLoader partition=baseline-auto-topic-0001-0, dir=/tmp/kraft-combined-logs] Loading producer state till offset 0 (org.apache.kafka.storage.internals.log.UnifiedLog)
[2026-03-09 17:26:01,878] INFO Created log for partition baseline-auto-topic-0001-0 in /tmp/kraft-combined-logs/baseline-auto-topic-0001-0 with properties {} (kafka.log.LogManager)
[2026-03-09 17:26:01,879] INFO [Partition baseline-auto-topic-0001-0 broker=1] No checkpointed highwatermark is found for partition baseline-auto-topic-0001-0 (kafka.cluster.Partition)
[2026-03-09 17:26:01,883] INFO [Partition baseline-auto-topic-0001-0 broker=1] Log loaded for partition baseline-auto-topic-0001-0 with initial high watermark 0 (kafka.cluster.Partition)
[2026-03-09 17:26:02,035] INFO Sent auto-creation request for Set(baseline-auto-topic-0002) to the active controller. (kafka.server.DefaultAutoTopicCreationManager)
[2026-03-09 17:26:02,068] INFO [ReplicaFetcherManager on broker 1] Removed fetcher for partitions Set(baseline-auto-topic-0002-0) (kafka.server.ReplicaFetcherManager)
[2026-03-09 17:26:02,073] INFO [LogLoader partition=baseline-auto-topic-0002-0, dir=/tmp/kraft-combined-logs] Loading producer state till offset 0 (org.apache.kafka.storage.internals.log.UnifiedLog)
[2026-03-09 17:26:02,074] INFO Created log for partition baseline-auto-topic-0002-0 in /tmp/kraft-combined-logs/baseline-auto-topic-0002-0 with properties {} (kafka.log.LogManager)
[2026-03-09 17:26:02,074] INFO [Partition baseline-auto-topic-0002-0 broker=1] No checkpointed highwatermark is found for partition baseline-auto-topic-0002-0 (kafka.cluster.Partition)
[2026-03-09 17:26:02,075] INFO [Partition baseline-auto-topic-0002-0 broker=1] Log loaded for partition baseline-auto-topic-0002-0 with initial high watermark 0 (kafka.cluster.Partition)
[2026-03-09 17:26:02,245] INFO Sent auto-creation request for Set(baseline-auto-topic-0003) to the active controller. (kafka.server.DefaultAutoTopicCreationManager)
[2026-03-09 17:26:02,277] INFO [ReplicaFetcherManager on broker 1] Removed fetcher for partitions Set(baseline-auto-topic-0003-0) (kafka.server.ReplicaFetcherManager)
[2026-03-09 17:26:02,285] INFO [LogLoader partition=baseline-auto-topic-0003-0, dir=/tmp/kraft-combined-logs] Loading producer state till offset 0 (org.apache.kafka.storage.internals.log.UnifiedLog)
[2026-03-09 17:26:02,286] INFO Created log for partition baseline-auto-topic-0003-0 in /tmp/kraft-combined-logs/baseline-auto-topic-0003-0 with properties {} (kafka.log.LogManager)
[2026-03-09 17:26:02,286] INFO [Partition baseline-auto-topic-0003-0 broker=1] No checkpointed highwatermark is found for partition baseline-auto-topic-0003-0 (kafka.cluster.Partition)
[2026-03-09 17:26:02,286] INFO [Partition baseline-auto-topic-0003-0 broker=1] Log loaded for partition baseline-auto-topic-0003-0 with initial high watermark 0 (kafka.cluster.Partition)
[2026-03-09 17:26:02,455] INFO Sent auto-creation request for Set(baseline-auto-topic-0004) to the active controller. (kafka.server.DefaultAutoTopicCreationManager)
[2026-03-09 17:26:02,488] INFO [ReplicaFetcherManager on broker 1] Removed fetcher for partitions Set(baseline-auto-topic-0004-0) (kafka.server.ReplicaFetcherManager)
[2026-03-09 17:26:02,495] INFO [LogLoader partition=baseline-auto-topic-0004-0, dir=/tmp/kraft-combined-logs] Loading producer state till offset 0 (org.apache.kafka.storage.internals.log.UnifiedLog)
[2026-03-09 17:26:02,496] INFO Created log for partition baseline-auto-topic-0004-0 in /tmp/kraft-combined-logs/baseline-auto-topic-0004-0 with properties {} (kafka.log.LogManager)
[2026-03-09 17:26:02,496] INFO [Partition baseline-auto-topic-0004-0 broker=1] No checkpointed highwatermark is found for partition baseline-auto-topic-0004-0 (kafka.cluster.Partition)
[2026-03-09 17:26:02,496] INFO [Partition baseline-auto-topic-0004-0 broker=1] Log loaded for partition baseline-auto-topic-0004-0 with initial high watermark 0 (kafka.cluster.Partition)
[2026-03-09 17:26:02,670] INFO Sent auto-creation request for Set(baseline-auto-topic-0005) to the active controller. (kafka.server.DefaultAutoTopicCreationManager)
[2026-03-09 17:26:02,705] INFO [ReplicaFetcherManager on broker 1] Removed fetcher for partitions Set(baseline-auto-topic-0005-0) (kafka.server.ReplicaFetcherManager)
[2026-03-09 17:26:02,711] INFO [LogLoader partition=baseline-auto-topic-0005-0, dir=/tmp/kraft-combined-logs] Loading producer state till offset 0 (org.apache.kafka.storage.internals.log.UnifiedLog)
[2026-03-09 17:26:02,712] INFO Created log for partition baseline-auto-topic-0005-0 in /tmp/kraft-combined-logs/baseline-auto-topic-0005-0 with properties {} (kafka.log.LogManager)
[2026-03-09 17:26:02,712] INFO [Partition baseline-auto-topic-0005-0 broker=1] No checkpointed highwatermark is found for partition baseline-auto-topic-0005-0 (kafka.cluster.Partition)
[2026-03-09 17:26:02,712] INFO [Partition baseline-auto-topic-0005-0 broker=1] Log loaded for partition baseline-auto-topic-0005-0 with initial high watermark 0 (kafka.cluster.Partition)
[2026-03-09 17:26:02,882] INFO Sent auto-creation request for Set(baseline-auto-topic-0006) to the active controller. (kafka.server.DefaultAutoTopicCreationManager)
[2026-03-09 17:26:02,913] INFO [ReplicaFetcherManager on broker 1] Removed fetcher for partitions Set(baseline-auto-topic-0006-0) (kafka.server.ReplicaFetcherManager)
[2026-03-09 17:26:02,921] INFO [LogLoader partition=baseline-auto-topic-0006-0, dir=/tmp/kraft-combined-logs] Loading producer state till offset 0 (org.apache.kafka.storage.internals.log.UnifiedLog)
[2026-03-09 17:26:02,922] INFO Created log for partition baseline-auto-topic-0006-0 in /tmp/kraft-combined-logs/baseline-auto-topic-0006-0 with properties {} (kafka.log.LogManager)
[2026-03-09 17:26:02,922] INFO [Partition baseline-auto-topic-0006-0 broker=1] No checkpointed highwatermark is found for partition baseline-auto-topic-0006-0 (kafka.cluster.Partition)
[2026-03-09 17:26:02,923] INFO [Partition baseline-auto-topic-0006-0 broker=1] Log loaded for partition baseline-auto-topic-0006-0 with initial high watermark 0 (kafka.cluster.Partition)
[2026-03-09 17:26:03,088] INFO Sent auto-creation request for Set(baseline-auto-topic-0007) to the active controller. (kafka.server.DefaultAutoTopicCreationManager)
[2026-03-09 17:26:03,119] INFO [ReplicaFetcherManager on broker 1] Removed fetcher for partitions Set(baseline-auto-topic-0007-0) (kafka.server.ReplicaFetcherManager)
[2026-03-09 17:26:03,123] INFO [LogLoader partition=baseline-auto-topic-0007-0, dir=/tmp/kraft-combined-logs] Loading producer state till offset 0 (org.apache.kafka.storage.internals.log.UnifiedLog)
[2026-03-09 17:26:03,124] INFO Created log for partition baseline-auto-topic-0007-0 in /tmp/kraft-combined-logs/baseline-auto-topic-0007-0 with properties {} (kafka.log.LogManager)
[2026-03-09 17:26:03,124] INFO [Partition baseline-auto-topic-0007-0 broker=1] No checkpointed highwatermark is found for partition baseline-auto-topic-0007-0 (kafka.cluster.Partition)
[2026-03-09 17:26:03,124] INFO [Partition baseline-auto-topic-0007-0 broker=1] Log loaded for partition baseline-auto-topic-0007-0 with initial high watermark 0 (kafka.cluster.Partition)
[2026-03-09 17:26:03,296] INFO Sent auto-creation request for Set(baseline-auto-topic-0008) to the active controller. (kafka.server.DefaultAutoTopicCreationManager)
[2026-03-09 17:26:03,327] INFO [ReplicaFetcherManager on broker 1] Removed fetcher for partitions Set(baseline-auto-topic-0008-0) (kafka.server.ReplicaFetcherManager)
[2026-03-09 17:26:03,335] INFO [LogLoader partition=baseline-auto-topic-0008-0, dir=/tmp/kraft-combined-logs] Loading producer state till offset 0 (org.apache.kafka.storage.internals.log.UnifiedLog)
[2026-03-09 17:26:03,335] INFO Created log for partition baseline-auto-topic-0008-0 in /tmp/kraft-combined-logs/baseline-auto-topic-0008-0 with properties {} (kafka.log.LogManager)
[2026-03-09 17:26:03,336] INFO [Partition baseline-auto-topic-0008-0 broker=1] No checkpointed highwatermark is found for partition baseline-auto-topic-0008-0 (kafka.cluster.Partition)
[2026-03-09 17:26:03,336] INFO [Partition baseline-auto-topic-0008-0 broker=1] Log loaded for partition baseline-auto-topic-0008-0 with initial high watermark 0 (kafka.cluster.Partition)
[2026-03-09 17:26:03,509] INFO Sent auto-creation request for Set(baseline-auto-topic-0009) to the active controller. (kafka.server.DefaultAutoTopicCreationManager)
[2026-03-09 17:26:03,547] INFO [ReplicaFetcherManager on broker 1] Removed fetcher for partitions Set(baseline-auto-topic-0009-0) (kafka.server.ReplicaFetcherManager)
[2026-03-09 17:26:03,552] INFO [LogLoader partition=baseline-auto-topic-0009-0, dir=/tmp/kraft-combined-logs] Loading producer state till offset 0 (org.apache.kafka.storage.internals.log.UnifiedLog)
[2026-03-09 17:26:03,553] INFO Created log for partition baseline-auto-topic-0009-0 in /tmp/kraft-combined-logs/baseline-auto-topic-0009-0 with properties {} (kafka.log.LogManager)
[2026-03-09 17:26:03,553] INFO [Partition baseline-auto-topic-0009-0 broker=1] No checkpointed highwatermark is found for partition baseline-auto-topic-0009-0 (kafka.cluster.Partition)
[2026-03-09 17:26:03,553] INFO [Partition baseline-auto-topic-0009-0 broker=1] Log loaded for partition baseline-auto-topic-0009-0 with initial high watermark 0 (kafka.cluster.Partition)
[2026-03-09 17:26:03,716] INFO Sent auto-creation request for Set(baseline-auto-topic-0010) to the active controller. (kafka.server.DefaultAutoTopicCreationManager)
[2026-03-09 17:26:03,743] INFO [ReplicaFetcherManager on broker 1] Removed fetcher for partitions Set(baseline-auto-topic-0010-0) (kafka.server.ReplicaFetcherManager)
[2026-03-09 17:26:03,748] INFO [LogLoader partition=baseline-auto-topic-0010-0, dir=/tmp/kraft-combined-logs] Loading producer state till offset 0 (org.apache.kafka.storage.internals.log.UnifiedLog)
[2026-03-09 17:26:03,748] INFO Created log for partition baseline-auto-topic-0010-0 in /tmp/kraft-combined-logs/baseline-auto-topic-0010-0 with properties {} (kafka.log.LogManager)
[2026-03-09 17:26:03,748] INFO [Partition baseline-auto-topic-0010-0 broker=1] No checkpointed highwatermark is found for partition baseline-auto-topic-0010-0 (kafka.cluster.Partition)
[2026-03-09 17:26:03,748] INFO [Partition baseline-auto-topic-0010-0 broker=1] Log loaded for partition baseline-auto-topic-0010-0 with initial high watermark 0 (kafka.cluster.Partition)
[2026-03-09 17:26:03,926] INFO Sent auto-creation request for Set(baseline-auto-topic-0011) to the active controller. (kafka.server.DefaultAutoTopicCreationManager)
[2026-03-09 17:26:03,961] INFO [ReplicaFetcherManager on broker 1] Removed fetcher for partitions Set(baseline-auto-topic-0011-0) (kafka.server.ReplicaFetcherManager)
[2026-03-09 17:26:03,969] INFO [LogLoader partition=baseline-auto-topic-0011-0, dir=/tmp/kraft-combined-logs] Loading producer state till offset 0 (org.apache.kafka.storage.internals.log.UnifiedLog)
[2026-03-09 17:26:03,970] INFO Created log for partition baseline-auto-topic-0011-0 in /tmp/kraft-combined-logs/baseline-auto-topic-0011-0 with properties {} (kafka.log.LogManager)
[2026-03-09 17:26:03,970] INFO [Partition baseline-auto-topic-0011-0 broker=1] No checkpointed highwatermark is found for partition baseline-auto-topic-0011-0 (kafka.cluster.Partition)
[2026-03-09 17:26:03,970] INFO [Partition baseline-auto-topic-0011-0 broker=1] Log loaded for partition baseline-auto-topic-0011-0 with initial high watermark 0 (kafka.cluster.Partition)
[2026-03-09 17:26:04,139] INFO Sent auto-creation request for Set(baseline-auto-topic-0012) to the active controller. (kafka.server.DefaultAutoTopicCreationManager)
[2026-03-09 17:26:04,175] INFO [ReplicaFetcherManager on broker 1] Removed fetcher for partitions Set(baseline-auto-topic-0012-0) (kafka.server.ReplicaFetcherManager)
[2026-03-09 17:26:04,182] INFO [LogLoader partition=baseline-auto-topic-0012-0, dir=/tmp/kraft-combined-logs] Loading producer state till offset 0 (org.apache.kafka.storage.internals.log.UnifiedLog)
[2026-03-09 17:26:04,183] INFO Created log for partition baseline-auto-topic-0012-0 in /tmp/kraft-combined-logs/baseline-auto-topic-0012-0 with properties {} (kafka.log.LogManager)
[2026-03-09 17:26:04,183] INFO [Partition baseline-auto-topic-0012-0 broker=1] No checkpointed highwatermark is found for partition baseline-auto-topic-0012-0 (kafka.cluster.Partition)
[2026-03-09 17:26:04,183] INFO [Partition baseline-auto-topic-0012-0 broker=1] Log loaded for partition baseline-auto-topic-0012-0 with initial high watermark 0 (kafka.cluster.Partition)
[2026-03-09 17:26:04,351] INFO Sent auto-creation request for Set(baseline-auto-topic-0013) to the active controller. (kafka.server.DefaultAutoTopicCreationManager)
[2026-03-09 17:26:04,387] INFO [ReplicaFetcherManager on broker 1] Removed fetcher for partitions Set(baseline-auto-topic-0013-0) (kafka.server.ReplicaFetcherManager)
[2026-03-09 17:26:04,394] INFO [LogLoader partition=baseline-auto-topic-0013-0, dir=/tmp/kraft-combined-logs] Loading producer state till offset 0 (org.apache.kafka.storage.internals.log.UnifiedLog)
[2026-03-09 17:26:04,395] INFO Created log for partition baseline-auto-topic-0013-0 in /tmp/kraft-combined-logs/baseline-auto-topic-0013-0 with properties {} (kafka.log.LogManager)
[2026-03-09 17:26:04,395] INFO [Partition baseline-auto-topic-0013-0 broker=1] No checkpointed highwatermark is found for partition baseline-auto-topic-0013-0 (kafka.cluster.Partition)
[2026-03-09 17:26:04,395] INFO [Partition baseline-auto-topic-0013-0 broker=1] Log loaded for partition baseline-auto-topic-0013-0 with initial high watermark 0 (kafka.cluster.Partition)
[2026-03-09 17:26:04,563] INFO Sent auto-creation request for Set(baseline-auto-topic-0014) to the active controller. (kafka.server.DefaultAutoTopicCreationManager)
[2026-03-09 17:26:04,598] INFO [ReplicaFetcherManager on broker 1] Removed fetcher for partitions Set(baseline-auto-topic-0014-0) (kafka.server.ReplicaFetcherManager)
[2026-03-09 17:26:04,606] INFO [LogLoader partition=baseline-auto-topic-0014-0, dir=/tmp/kraft-combined-logs] Loading producer state till offset 0 (org.apache.kafka.storage.internals.log.UnifiedLog)
[2026-03-09 17:26:04,606] INFO Created log for partition baseline-auto-topic-0014-0 in /tmp/kraft-combined-logs/baseline-auto-topic-0014-0 with properties {} (kafka.log.LogManager)
[2026-03-09 17:26:04,607] INFO [Partition baseline-auto-topic-0014-0 broker=1] No checkpointed highwatermark is found for partition baseline-auto-topic-0014-0 (kafka.cluster.Partition)
[2026-03-09 17:26:04,607] INFO [Partition baseline-auto-topic-0014-0 broker=1] Log loaded for partition baseline-auto-topic-0014-0 with initial high watermark 0 (kafka.cluster.Partition)
[2026-03-09 17:26:04,774] INFO Sent auto-creation request for Set(baseline-auto-topic-0015) to the active controller. (kafka.server.DefaultAutoTopicCreationManager)
[2026-03-09 17:26:04,808] INFO [ReplicaFetcherManager on broker 1] Removed fetcher for partitions Set(baseline-auto-topic-0015-0) (kafka.server.ReplicaFetcherManager)
[2026-03-09 17:26:04,815] INFO [LogLoader partition=baseline-auto-topic-0015-0, dir=/tmp/kraft-combined-logs] Loading producer state till offset 0 (org.apache.kafka.storage.internals.log.UnifiedLog)
[2026-03-09 17:26:04,816] INFO Created log for partition baseline-auto-topic-0015-0 in /tmp/kraft-combined-logs/baseline-auto-topic-0015-0 with properties {} (kafka.log.LogManager)
[2026-03-09 17:26:04,816] INFO [Partition baseline-auto-topic-0015-0 broker=1] No checkpointed highwatermark is found for partition baseline-auto-topic-0015-0 (kafka.cluster.Partition)
[2026-03-09 17:26:04,817] INFO [Partition baseline-auto-topic-0015-0 broker=1] Log loaded for partition baseline-auto-topic-0015-0 with initial high watermark 0 (kafka.cluster.Partition)
[2026-03-09 17:26:04,985] INFO Sent auto-creation request for Set(baseline-auto-topic-0016) to the active controller. (kafka.server.DefaultAutoTopicCreationManager)
[2026-03-09 17:26:05,015] INFO [ReplicaFetcherManager on broker 1] Removed fetcher for partitions Set(baseline-auto-topic-0016-0) (kafka.server.ReplicaFetcherManager)
[2026-03-09 17:26:05,023] INFO [LogLoader partition=baseline-auto-topic-0016-0, dir=/tmp/kraft-combined-logs] Loading producer state till offset 0 (org.apache.kafka.storage.internals.log.UnifiedLog)
[2026-03-09 17:26:05,023] INFO Created log for partition baseline-auto-topic-0016-0 in /tmp/kraft-combined-logs/baseline-auto-topic-0016-0 with properties {} (kafka.log.LogManager)
[2026-03-09 17:26:05,024] INFO [Partition baseline-auto-topic-0016-0 broker=1] No checkpointed highwatermark is found for partition baseline-auto-topic-0016-0 (kafka.cluster.Partition)
[2026-03-09 17:26:05,024] INFO [Partition baseline-auto-topic-0016-0 broker=1] Log loaded for partition baseline-auto-topic-0016-0 with initial high watermark 0 (kafka.cluster.Partition)
[2026-03-09 17:26:05,197] INFO Sent auto-creation request for Set(baseline-auto-topic-0017) to the active controller. (kafka.server.DefaultAutoTopicCreationManager)
[2026-03-09 17:26:05,232] INFO [ReplicaFetcherManager on broker 1] Removed fetcher for partitions Set(baseline-auto-topic-0017-0) (kafka.server.ReplicaFetcherManager)
[2026-03-09 17:26:05,241] INFO [LogLoader partition=baseline-auto-topic-0017-0, dir=/tmp/kraft-combined-logs] Loading producer state till offset 0 (org.apache.kafka.storage.internals.log.UnifiedLog)
[2026-03-09 17:26:05,242] INFO Created log for partition baseline-auto-topic-0017-0 in /tmp/kraft-combined-logs/baseline-auto-topic-0017-0 with properties {} (kafka.log.LogManager)
[2026-03-09 17:26:05,242] INFO [Partition baseline-auto-topic-0017-0 broker=1] No checkpointed highwatermark is found for partition baseline-auto-topic-0017-0 (kafka.cluster.Partition)
[2026-03-09 17:26:05,242] INFO [Partition baseline-auto-topic-0017-0 broker=1] Log loaded for partition baseline-auto-topic-0017-0 with initial high watermark 0 (kafka.cluster.Partition)
[2026-03-09 17:26:05,409] INFO Sent auto-creation request for Set(baseline-auto-topic-0018) to the active controller. (kafka.server.DefaultAutoTopicCreationManager)
[2026-03-09 17:26:05,437] INFO [ReplicaFetcherManager on broker 1] Removed fetcher for partitions Set(baseline-auto-topic-0018-0) (kafka.server.ReplicaFetcherManager)
[2026-03-09 17:26:05,442] INFO [LogLoader partition=baseline-auto-topic-0018-0, dir=/tmp/kraft-combined-logs] Loading producer state till offset 0 (org.apache.kafka.storage.internals.log.UnifiedLog)
[2026-03-09 17:26:05,442] INFO Created log for partition baseline-auto-topic-0018-0 in /tmp/kraft-combined-logs/baseline-auto-topic-0018-0 with properties {} (kafka.log.LogManager)
[2026-03-09 17:26:05,442] INFO [Partition baseline-auto-topic-0018-0 broker=1] No checkpointed highwatermark is found for partition baseline-auto-topic-0018-0 (kafka.cluster.Partition)
[2026-03-09 17:26:05,442] INFO [Partition baseline-auto-topic-0018-0 broker=1] Log loaded for partition baseline-auto-topic-0018-0 with initial high watermark 0 (kafka.cluster.Partition)
[2026-03-09 17:26:05,617] INFO Sent auto-creation request for Set(baseline-auto-topic-0019) to the active controller. (kafka.server.DefaultAutoTopicCreationManager)
[2026-03-09 17:26:05,647] INFO [ReplicaFetcherManager on broker 1] Removed fetcher for partitions Set(baseline-auto-topic-0019-0) (kafka.server.ReplicaFetcherManager)
[2026-03-09 17:26:05,654] INFO [LogLoader partition=baseline-auto-topic-0019-0, dir=/tmp/kraft-combined-logs] Loading producer state till offset 0 (org.apache.kafka.storage.internals.log.UnifiedLog)
[2026-03-09 17:26:05,654] INFO Created log for partition baseline-auto-topic-0019-0 in /tmp/kraft-combined-logs/baseline-auto-topic-0019-0 with properties {} (kafka.log.LogManager)
[2026-03-09 17:26:05,654] INFO [Partition baseline-auto-topic-0019-0 broker=1] No checkpointed highwatermark is found for partition baseline-auto-topic-0019-0 (kafka.cluster.Partition)
[2026-03-09 17:26:05,654] INFO [Partition baseline-auto-topic-0019-0 broker=1] Log loaded for partition baseline-auto-topic-0019-0 with initial high watermark 0 (kafka.cluster.Partition)
[2026-03-09 17:26:05,823] INFO Sent auto-creation request for Set(baseline-auto-topic-0020) to the active controller. (kafka.server.DefaultAutoTopicCreationManager)
[2026-03-09 17:26:05,855] INFO [ReplicaFetcherManager on broker 1] Removed fetcher for partitions Set(baseline-auto-topic-0020-0) (kafka.server.ReplicaFetcherManager)
[2026-03-09 17:26:05,861] INFO [LogLoader partition=baseline-auto-topic-0020-0, dir=/tmp/kraft-combined-logs] Loading producer state till offset 0 (org.apache.kafka.storage.internals.log.UnifiedLog)
[2026-03-09 17:26:05,862] INFO Created log for partition baseline-auto-topic-0020-0 in /tmp/kraft-combined-logs/baseline-auto-topic-0020-0 with properties {} (kafka.log.LogManager)
[2026-03-09 17:26:05,862] INFO [Partition baseline-auto-topic-0020-0 broker=1] No checkpointed highwatermark is found for partition baseline-auto-topic-0020-0 (kafka.cluster.Partition)
[2026-03-09 17:26:05,862] INFO [Partition baseline-auto-topic-0020-0 broker=1] Log loaded for partition baseline-auto-topic-0020-0 with initial high watermark 0 (kafka.cluster.Partition)
[2026-03-09 17:26:06,032] INFO Sent auto-creation request for Set(baseline-auto-topic-0021) to the active controller. (kafka.server.DefaultAutoTopicCreationManager)
[2026-03-09 17:26:06,070] INFO [ReplicaFetcherManager on broker 1] Removed fetcher for partitions Set(baseline-auto-topic-0021-0) (kafka.server.ReplicaFetcherManager)
[2026-03-09 17:26:06,074] INFO [LogLoader partition=baseline-auto-topic-0021-0, dir=/tmp/kraft-combined-logs] Loading producer state till offset 0 (org.apache.kafka.storage.internals.log.UnifiedLog)
[2026-03-09 17:26:06,074] INFO Created log for partition baseline-auto-topic-0021-0 in /tmp/kraft-combined-logs/baseline-auto-topic-0021-0 with properties {} (kafka.log.LogManager)
[2026-03-09 17:26:06,075] INFO [Partition baseline-auto-topic-0021-0 broker=1] No checkpointed highwatermark is found for partition baseline-auto-topic-0021-0 (kafka.cluster.Partition)
[2026-03-09 17:26:06,075] INFO [Partition baseline-auto-topic-0021-0 broker=1] Log loaded for partition baseline-auto-topic-0021-0 with initial high watermark 0 (kafka.cluster.Partition)
[2026-03-09 17:26:06,244] INFO Sent auto-creation request for Set(baseline-auto-topic-0022) to the active controller. (kafka.server.DefaultAutoTopicCreationManager)
[2026-03-09 17:26:06,279] INFO [ReplicaFetcherManager on broker 1] Removed fetcher for partitions Set(baseline-auto-topic-0022-0) (kafka.server.ReplicaFetcherManager)
[2026-03-09 17:26:06,288] INFO [LogLoader partition=baseline-auto-topic-0022-0, dir=/tmp/kraft-combined-logs] Loading producer state till offset 0 (org.apache.kafka.storage.internals.log.UnifiedLog)
[2026-03-09 17:26:06,289] INFO Created log for partition baseline-auto-topic-0022-0 in /tmp/kraft-combined-logs/baseline-auto-topic-0022-0 with properties {} (kafka.log.LogManager)
[2026-03-09 17:26:06,289] INFO [Partition baseline-auto-topic-0022-0 broker=1] No checkpointed highwatermark is found for partition baseline-auto-topic-0022-0 (kafka.cluster.Partition)
[2026-03-09 17:26:06,289] INFO [Partition baseline-auto-topic-0022-0 broker=1] Log loaded for partition baseline-auto-topic-0022-0 with initial high watermark 0 (kafka.cluster.Partition)
[2026-03-09 17:26:06,455] INFO Sent auto-creation request for Set(baseline-auto-topic-0023) to the active controller. (kafka.server.DefaultAutoTopicCreationManager)
[2026-03-09 17:26:06,488] INFO [ReplicaFetcherManager on broker 1] Removed fetcher for partitions Set(baseline-auto-topic-0023-0) (kafka.server.ReplicaFetcherManager)
[2026-03-09 17:26:06,494] INFO [LogLoader partition=baseline-auto-topic-0023-0, dir=/tmp/kraft-combined-logs] Loading producer state till offset 0 (org.apache.kafka.storage.internals.log.UnifiedLog)
[2026-03-09 17:26:06,494] INFO Created log for partition baseline-auto-topic-0023-0 in /tmp/kraft-combined-logs/baseline-auto-topic-0023-0 with properties {} (kafka.log.LogManager)
[2026-03-09 17:26:06,494] INFO [Partition baseline-auto-topic-0023-0 broker=1] No checkpointed highwatermark is found for partition baseline-auto-topic-0023-0 (kafka.cluster.Partition)
[2026-03-09 17:26:06,495] INFO [Partition baseline-auto-topic-0023-0 broker=1] Log loaded for partition baseline-auto-topic-0023-0 with initial high watermark 0 (kafka.cluster.Partition)
[2026-03-09 17:26:06,667] INFO Sent auto-creation request for Set(baseline-auto-topic-0024) to the active controller. (kafka.server.DefaultAutoTopicCreationManager)
[2026-03-09 17:26:06,701] INFO [ReplicaFetcherManager on broker 1] Removed fetcher for partitions Set(baseline-auto-topic-0024-0) (kafka.server.ReplicaFetcherManager)
[2026-03-09 17:26:06,708] INFO [LogLoader partition=baseline-auto-topic-0024-0, dir=/tmp/kraft-combined-logs] Loading producer state till offset 0 (org.apache.kafka.storage.internals.log.UnifiedLog)
[2026-03-09 17:26:06,709] INFO Created log for partition baseline-auto-topic-0024-0 in /tmp/kraft-combined-logs/baseline-auto-topic-0024-0 with properties {} (kafka.log.LogManager)
[2026-03-09 17:26:06,709] INFO [Partition baseline-auto-topic-0024-0 broker=1] No checkpointed highwatermark is found for partition baseline-auto-topic-0024-0 (kafka.cluster.Partition)
[2026-03-09 17:26:06,709] INFO [Partition baseline-auto-topic-0024-0 broker=1] Log loaded for partition baseline-auto-topic-0024-0 with initial high watermark 0 (kafka.cluster.Partition)
[2026-03-09 17:26:06,877] INFO Sent auto-creation request for Set(baseline-auto-topic-0025) to the active controller. (kafka.server.DefaultAutoTopicCreationManager)
[2026-03-09 17:26:06,911] INFO [ReplicaFetcherManager on broker 1] Removed fetcher for partitions Set(baseline-auto-topic-0025-0) (kafka.server.ReplicaFetcherManager)
[2026-03-09 17:26:06,918] INFO [LogLoader partition=baseline-auto-topic-0025-0, dir=/tmp/kraft-combined-logs] Loading producer state till offset 0 (org.apache.kafka.storage.internals.log.UnifiedLog)
[2026-03-09 17:26:06,919] INFO Created log for partition baseline-auto-topic-0025-0 in /tmp/kraft-combined-logs/baseline-auto-topic-0025-0 with properties {} (kafka.log.LogManager)
[2026-03-09 17:26:06,920] INFO [Partition baseline-auto-topic-0025-0 broker=1] No checkpointed highwatermark is found for partition baseline-auto-topic-0025-0 (kafka.cluster.Partition)
[2026-03-09 17:26:06,920] INFO [Partition baseline-auto-topic-0025-0 broker=1] Log loaded for partition baseline-auto-topic-0025-0 with initial high watermark 0 (kafka.cluster.Partition)
[2026-03-09 17:26:07,089] INFO Sent auto-creation request for Set(baseline-auto-topic-0026) to the active controller. (kafka.server.DefaultAutoTopicCreationManager)
[2026-03-09 17:26:07,123] INFO [ReplicaFetcherManager on broker 1] Removed fetcher for partitions Set(baseline-auto-topic-0026-0) (kafka.server.ReplicaFetcherManager)
[2026-03-09 17:26:07,131] INFO [LogLoader partition=baseline-auto-topic-0026-0, dir=/tmp/kraft-combined-logs] Loading producer state till offset 0 (org.apache.kafka.storage.internals.log.UnifiedLog)
[2026-03-09 17:26:07,132] INFO Created log for partition baseline-auto-topic-0026-0 in /tmp/kraft-combined-logs/baseline-auto-topic-0026-0 with properties {} (kafka.log.LogManager)
[2026-03-09 17:26:07,133] INFO [Partition baseline-auto-topic-0026-0 broker=1] No checkpointed highwatermark is found for partition baseline-auto-topic-0026-0 (kafka.cluster.Partition)
[2026-03-09 17:26:07,133] INFO [Partition baseline-auto-topic-0026-0 broker=1] Log loaded for partition baseline-auto-topic-0026-0 with initial high watermark 0 (kafka.cluster.Partition)
[2026-03-09 17:26:07,300] INFO Sent auto-creation request for Set(baseline-auto-topic-0027) to the active controller. (kafka.server.DefaultAutoTopicCreationManager)
[2026-03-09 17:26:07,334] INFO [ReplicaFetcherManager on broker 1] Removed fetcher for partitions Set(baseline-auto-topic-0027-0) (kafka.server.ReplicaFetcherManager)
[2026-03-09 17:26:07,341] INFO [LogLoader partition=baseline-auto-topic-0027-0, dir=/tmp/kraft-combined-logs] Loading producer state till offset 0 (org.apache.kafka.storage.internals.log.UnifiedLog)
[2026-03-09 17:26:07,341] INFO Created log for partition baseline-auto-topic-0027-0 in /tmp/kraft-combined-logs/baseline-auto-topic-0027-0 with properties {} (kafka.log.LogManager)
[2026-03-09 17:26:07,342] INFO [Partition baseline-auto-topic-0027-0 broker=1] No checkpointed highwatermark is found for partition baseline-auto-topic-0027-0 (kafka.cluster.Partition)
[2026-03-09 17:26:07,342] INFO [Partition baseline-auto-topic-0027-0 broker=1] Log loaded for partition baseline-auto-topic-0027-0 with initial high watermark 0 (kafka.cluster.Partition)
[2026-03-09 17:26:07,512] INFO Sent auto-creation request for Set(baseline-auto-topic-0028) to the active controller. (kafka.server.DefaultAutoTopicCreationManager)
[2026-03-09 17:26:07,534] INFO [ReplicaFetcherManager on broker 1] Removed fetcher for partitions Set(baseline-auto-topic-0028-0) (kafka.server.ReplicaFetcherManager)
[2026-03-09 17:26:07,541] INFO [LogLoader partition=baseline-auto-topic-0028-0, dir=/tmp/kraft-combined-logs] Loading producer state till offset 0 (org.apache.kafka.storage.internals.log.UnifiedLog)
[2026-03-09 17:26:07,542] INFO Created log for partition baseline-auto-topic-0028-0 in /tmp/kraft-combined-logs/baseline-auto-topic-0028-0 with properties {} (kafka.log.LogManager)
[2026-03-09 17:26:07,543] INFO [Partition baseline-auto-topic-0028-0 broker=1] No checkpointed highwatermark is found for partition baseline-auto-topic-0028-0 (kafka.cluster.Partition)
[2026-03-09 17:26:07,543] INFO [Partition baseline-auto-topic-0028-0 broker=1] Log loaded for partition baseline-auto-topic-0028-0 with initial high watermark 0 (kafka.cluster.Partition)
[2026-03-09 17:26:07,722] INFO Sent auto-creation request for Set(baseline-auto-topic-0029) to the active controller. (kafka.server.DefaultAutoTopicCreationManager)
[2026-03-09 17:26:07,754] INFO [ReplicaFetcherManager on broker 1] Removed fetcher for partitions Set(baseline-auto-topic-0029-0) (kafka.server.ReplicaFetcherManager)
[2026-03-09 17:26:07,761] INFO [LogLoader partition=baseline-auto-topic-0029-0, dir=/tmp/kraft-combined-logs] Loading producer state till offset 0 (org.apache.kafka.storage.internals.log.UnifiedLog)
[2026-03-09 17:26:07,762] INFO Created log for partition baseline-auto-topic-0029-0 in /tmp/kraft-combined-logs/baseline-auto-topic-0029-0 with properties {} (kafka.log.LogManager)
[2026-03-09 17:26:07,762] INFO [Partition baseline-auto-topic-0029-0 broker=1] No checkpointed highwatermark is found for partition baseline-auto-topic-0029-0 (kafka.cluster.Partition)
[2026-03-09 17:26:07,762] INFO [Partition baseline-auto-topic-0029-0 broker=1] Log loaded for partition baseline-auto-topic-0029-0 with initial high watermark 0 (kafka.cluster.Partition)
[2026-03-09 17:26:07,934] INFO Sent auto-creation request for Set(baseline-auto-topic-0030) to the active controller. (kafka.server.DefaultAutoTopicCreationManager)
[2026-03-09 17:26:07,968] INFO [ReplicaFetcherManager on broker 1] Removed fetcher for partitions Set(baseline-auto-topic-0030-0) (kafka.server.ReplicaFetcherManager)
[2026-03-09 17:26:07,973] INFO [LogLoader partition=baseline-auto-topic-0030-0, dir=/tmp/kraft-combined-logs] Loading producer state till offset 0 (org.apache.kafka.storage.internals.log.UnifiedLog)
[2026-03-09 17:26:07,974] INFO Created log for partition baseline-auto-topic-0030-0 in /tmp/kraft-combined-logs/baseline-auto-topic-0030-0 with properties {} (kafka.log.LogManager)
[2026-03-09 17:26:07,974] INFO [Partition baseline-auto-topic-0030-0 broker=1] No checkpointed highwatermark is found for partition baseline-auto-topic-0030-0 (kafka.cluster.Partition)
[2026-03-09 17:26:07,975] INFO [Partition baseline-auto-topic-0030-0 broker=1] Log loaded for partition baseline-auto-topic-0030-0 with initial high watermark 0 (kafka.cluster.Partition)
[2026-03-09 17:26:08,142] INFO Sent auto-creation request for Set(baseline-auto-topic-0031) to the active controller. (kafka.server.DefaultAutoTopicCreationManager)
[2026-03-09 17:26:08,172] INFO [ReplicaFetcherManager on broker 1] Removed fetcher for partitions Set(baseline-auto-topic-0031-0) (kafka.server.ReplicaFetcherManager)
[2026-03-09 17:26:08,176] INFO [LogLoader partition=baseline-auto-topic-0031-0, dir=/tmp/kraft-combined-logs] Loading producer state till offset 0 (org.apache.kafka.storage.internals.log.UnifiedLog)
[2026-03-09 17:26:08,176] INFO Created log for partition baseline-auto-topic-0031-0 in /tmp/kraft-combined-logs/baseline-auto-topic-0031-0 with properties {} (kafka.log.LogManager)
[2026-03-09 17:26:08,176] INFO [Partition baseline-auto-topic-0031-0 broker=1] No checkpointed highwatermark is found for partition baseline-auto-topic-0031-0 (kafka.cluster.Partition)
[2026-03-09 17:26:08,176] INFO [Partition baseline-auto-topic-0031-0 broker=1] Log loaded for partition baseline-auto-topic-0031-0 with initial high watermark 0 (kafka.cluster.Partition)
[2026-03-09 17:26:08,349] INFO Sent auto-creation request for Set(baseline-auto-topic-0032) to the active controller. (kafka.server.DefaultAutoTopicCreationManager)
[2026-03-09 17:26:08,381] INFO [ReplicaFetcherManager on broker 1] Removed fetcher for partitions Set(baseline-auto-topic-0032-0) (kafka.server.ReplicaFetcherManager)
[2026-03-09 17:26:08,387] INFO [LogLoader partition=baseline-auto-topic-0032-0, dir=/tmp/kraft-combined-logs] Loading producer state till offset 0 (org.apache.kafka.storage.internals.log.UnifiedLog)
[2026-03-09 17:26:08,387] INFO Created log for partition baseline-auto-topic-0032-0 in /tmp/kraft-combined-logs/baseline-auto-topic-0032-0 with properties {} (kafka.log.LogManager)
[2026-03-09 17:26:08,388] INFO [Partition baseline-auto-topic-0032-0 broker=1] No checkpointed highwatermark is found for partition baseline-auto-topic-0032-0 (kafka.cluster.Partition)
[2026-03-09 17:26:08,388] INFO [Partition baseline-auto-topic-0032-0 broker=1] Log loaded for partition baseline-auto-topic-0032-0 with initial high watermark 0 (kafka.cluster.Partition)
[2026-03-09 17:26:08,561] INFO Sent auto-creation request for Set(baseline-auto-topic-0033) to the active controller. (kafka.server.DefaultAutoTopicCreationManager)
[2026-03-09 17:26:08,597] INFO [ReplicaFetcherManager on broker 1] Removed fetcher for partitions Set(baseline-auto-topic-0033-0) (kafka.server.ReplicaFetcherManager)
[2026-03-09 17:26:08,601] INFO [LogLoader partition=baseline-auto-topic-0033-0, dir=/tmp/kraft-combined-logs] Loading producer state till offset 0 (org.apache.kafka.storage.internals.log.UnifiedLog)
[2026-03-09 17:26:08,601] INFO Created log for partition baseline-auto-topic-0033-0 in /tmp/kraft-combined-logs/baseline-auto-topic-0033-0 with properties {} (kafka.log.LogManager)
[2026-03-09 17:26:08,601] INFO [Partition baseline-auto-topic-0033-0 broker=1] No checkpointed highwatermark is found for partition baseline-auto-topic-0033-0 (kafka.cluster.Partition)
[2026-03-09 17:26:08,601] INFO [Partition baseline-auto-topic-0033-0 broker=1] Log loaded for partition baseline-auto-topic-0033-0 with initial high watermark 0 (kafka.cluster.Partition)
[2026-03-09 17:26:08,774] INFO Sent auto-creation request for Set(baseline-auto-topic-0034) to the active controller. (kafka.server.DefaultAutoTopicCreationManager)
[2026-03-09 17:26:08,809] INFO [ReplicaFetcherManager on broker 1] Removed fetcher for partitions Set(baseline-auto-topic-0034-0) (kafka.server.ReplicaFetcherManager)
[2026-03-09 17:26:08,815] INFO [LogLoader partition=baseline-auto-topic-0034-0, dir=/tmp/kraft-combined-logs] Loading producer state till offset 0 (org.apache.kafka.storage.internals.log.UnifiedLog)
[2026-03-09 17:26:08,816] INFO Created log for partition baseline-auto-topic-0034-0 in /tmp/kraft-combined-logs/baseline-auto-topic-0034-0 with properties {} (kafka.log.LogManager)
[2026-03-09 17:26:08,816] INFO [Partition baseline-auto-topic-0034-0 broker=1] No checkpointed highwatermark is found for partition baseline-auto-topic-0034-0 (kafka.cluster.Partition)
[2026-03-09 17:26:08,816] INFO [Partition baseline-auto-topic-0034-0 broker=1] Log loaded for partition baseline-auto-topic-0034-0 with initial high watermark 0 (kafka.cluster.Partition)
[2026-03-09 17:26:08,988] INFO Sent auto-creation request for Set(baseline-auto-topic-0035) to the active controller. (kafka.server.DefaultAutoTopicCreationManager)
[2026-03-09 17:26:09,018] INFO [ReplicaFetcherManager on broker 1] Removed fetcher for partitions Set(baseline-auto-topic-0035-0) (kafka.server.ReplicaFetcherManager)
[2026-03-09 17:26:09,024] INFO [LogLoader partition=baseline-auto-topic-0035-0, dir=/tmp/kraft-combined-logs] Loading producer state till offset 0 (org.apache.kafka.storage.internals.log.UnifiedLog)
[2026-03-09 17:26:09,024] INFO Created log for partition baseline-auto-topic-0035-0 in /tmp/kraft-combined-logs/baseline-auto-topic-0035-0 with properties {} (kafka.log.LogManager)
[2026-03-09 17:26:09,024] INFO [Partition baseline-auto-topic-0035-0 broker=1] No checkpointed highwatermark is found for partition baseline-auto-topic-0035-0 (kafka.cluster.Partition)
[2026-03-09 17:26:09,024] INFO [Partition baseline-auto-topic-0035-0 broker=1] Log loaded for partition baseline-auto-topic-0035-0 with initial high watermark 0 (kafka.cluster.Partition)
[2026-03-09 17:26:09,200] INFO Sent auto-creation request for Set(baseline-auto-topic-0036) to the active controller. (kafka.server.DefaultAutoTopicCreationManager)
[2026-03-09 17:26:09,235] INFO [ReplicaFetcherManager on broker 1] Removed fetcher for partitions Set(baseline-auto-topic-0036-0) (kafka.server.ReplicaFetcherManager)
[2026-03-09 17:26:09,244] INFO [LogLoader partition=baseline-auto-topic-0036-0, dir=/tmp/kraft-combined-logs] Loading producer state till offset 0 (org.apache.kafka.storage.internals.log.UnifiedLog)
[2026-03-09 17:26:09,245] INFO Created log for partition baseline-auto-topic-0036-0 in /tmp/kraft-combined-logs/baseline-auto-topic-0036-0 with properties {} (kafka.log.LogManager)
[2026-03-09 17:26:09,246] INFO [Partition baseline-auto-topic-0036-0 broker=1] No checkpointed highwatermark is found for partition baseline-auto-topic-0036-0 (kafka.cluster.Partition)
[2026-03-09 17:26:09,246] INFO [Partition baseline-auto-topic-0036-0 broker=1] Log loaded for partition baseline-auto-topic-0036-0 with initial high watermark 0 (kafka.cluster.Partition)
[2026-03-09 17:26:09,412] INFO Sent auto-creation request for Set(baseline-auto-topic-0037) to the active controller. (kafka.server.DefaultAutoTopicCreationManager)
[2026-03-09 17:26:09,446] INFO [ReplicaFetcherManager on broker 1] Removed fetcher for partitions Set(baseline-auto-topic-0037-0) (kafka.server.ReplicaFetcherManager)
[2026-03-09 17:26:09,454] INFO [LogLoader partition=baseline-auto-topic-0037-0, dir=/tmp/kraft-combined-logs] Loading producer state till offset 0 (org.apache.kafka.storage.internals.log.UnifiedLog)
[2026-03-09 17:26:09,455] INFO Created log for partition baseline-auto-topic-0037-0 in /tmp/kraft-combined-logs/baseline-auto-topic-0037-0 with properties {} (kafka.log.LogManager)
[2026-03-09 17:26:09,455] INFO [Partition baseline-auto-topic-0037-0 broker=1] No checkpointed highwatermark is found for partition baseline-auto-topic-0037-0 (kafka.cluster.Partition)
[2026-03-09 17:26:09,455] INFO [Partition baseline-auto-topic-0037-0 broker=1] Log loaded for partition baseline-auto-topic-0037-0 with initial high watermark 0 (kafka.cluster.Partition)
[2026-03-09 17:26:09,625] INFO Sent auto-creation request for Set(baseline-auto-topic-0038) to the active controller. (kafka.server.DefaultAutoTopicCreationManager)
[2026-03-09 17:26:09,658] INFO [ReplicaFetcherManager on broker 1] Removed fetcher for partitions Set(baseline-auto-topic-0038-0) (kafka.server.ReplicaFetcherManager)
[2026-03-09 17:26:09,662] INFO [LogLoader partition=baseline-auto-topic-0038-0, dir=/tmp/kraft-combined-logs] Loading producer state till offset 0 (org.apache.kafka.storage.internals.log.UnifiedLog)
[2026-03-09 17:26:09,662] INFO Created log for partition baseline-auto-topic-0038-0 in /tmp/kraft-combined-logs/baseline-auto-topic-0038-0 with properties {} (kafka.log.LogManager)
[2026-03-09 17:26:09,662] INFO [Partition baseline-auto-topic-0038-0 broker=1] No checkpointed highwatermark is found for partition baseline-auto-topic-0038-0 (kafka.cluster.Partition)
[2026-03-09 17:26:09,662] INFO [Partition baseline-auto-topic-0038-0 broker=1] Log loaded for partition baseline-auto-topic-0038-0 with initial high watermark 0 (kafka.cluster.Partition)
[2026-03-09 17:26:09,833] INFO Sent auto-creation request for Set(baseline-auto-topic-0039) to the active controller. (kafka.server.DefaultAutoTopicCreationManager)
[2026-03-09 17:26:09,860] INFO [ReplicaFetcherManager on broker 1] Removed fetcher for partitions Set(baseline-auto-topic-0039-0) (kafka.server.ReplicaFetcherManager)
[2026-03-09 17:26:09,865] INFO [LogLoader partition=baseline-auto-topic-0039-0, dir=/tmp/kraft-combined-logs] Loading producer state till offset 0 (org.apache.kafka.storage.internals.log.UnifiedLog)
[2026-03-09 17:26:09,865] INFO Created log for partition baseline-auto-topic-0039-0 in /tmp/kraft-combined-logs/baseline-auto-topic-0039-0 with properties {} (kafka.log.LogManager)
[2026-03-09 17:26:09,865] INFO [Partition baseline-auto-topic-0039-0 broker=1] No checkpointed highwatermark is found for partition baseline-auto-topic-0039-0 (kafka.cluster.Partition)
[2026-03-09 17:26:09,865] INFO [Partition baseline-auto-topic-0039-0 broker=1] Log loaded for partition baseline-auto-topic-0039-0 with initial high watermark 0 (kafka.cluster.Partition)
[2026-03-09 17:26:10,038] INFO Sent auto-creation request for Set(baseline-auto-topic-0040) to the active controller. (kafka.server.DefaultAutoTopicCreationManager)
[2026-03-09 17:26:10,051] INFO [ReplicaFetcherManager on broker 1] Removed fetcher for partitions Set(baseline-auto-topic-0040-0) (kafka.server.ReplicaFetcherManager)
[2026-03-09 17:26:10,055] INFO [LogLoader partition=baseline-auto-topic-0040-0, dir=/tmp/kraft-combined-logs] Loading producer state till offset 0 (org.apache.kafka.storage.internals.log.UnifiedLog)
[2026-03-09 17:26:10,055] INFO Created log for partition baseline-auto-topic-0040-0 in /tmp/kraft-combined-logs/baseline-auto-topic-0040-0 with properties {} (kafka.log.LogManager)
[2026-03-09 17:26:10,055] INFO [Partition baseline-auto-topic-0040-0 broker=1] No checkpointed highwatermark is found for partition baseline-auto-topic-0040-0 (kafka.cluster.Partition)
[2026-03-09 17:26:10,056] INFO [Partition baseline-auto-topic-0040-0 broker=1] Log loaded for partition baseline-auto-topic-0040-0 with initial high watermark 0 (kafka.cluster.Partition)
[2026-03-09 17:26:10,243] INFO Sent auto-creation request for Set(baseline-auto-topic-0041) to the active controller. (kafka.server.DefaultAutoTopicCreationManager)
[2026-03-09 17:26:10,273] INFO [ReplicaFetcherManager on broker 1] Removed fetcher for partitions Set(baseline-auto-topic-0041-0) (kafka.server.ReplicaFetcherManager)
[2026-03-09 17:26:10,278] INFO [LogLoader partition=baseline-auto-topic-0041-0, dir=/tmp/kraft-combined-logs] Loading producer state till offset 0 (org.apache.kafka.storage.internals.log.UnifiedLog)
[2026-03-09 17:26:10,278] INFO Created log for partition baseline-auto-topic-0041-0 in /tmp/kraft-combined-logs/baseline-auto-topic-0041-0 with properties {} (kafka.log.LogManager)
[2026-03-09 17:26:10,278] INFO [Partition baseline-auto-topic-0041-0 broker=1] No checkpointed highwatermark is found for partition baseline-auto-topic-0041-0 (kafka.cluster.Partition)
[2026-03-09 17:26:10,278] INFO [Partition baseline-auto-topic-0041-0 broker=1] Log loaded for partition baseline-auto-topic-0041-0 with initial high watermark 0 (kafka.cluster.Partition)
[2026-03-09 17:26:10,449] INFO Sent auto-creation request for Set(baseline-auto-topic-0042) to the active controller. (kafka.server.DefaultAutoTopicCreationManager)
[2026-03-09 17:26:10,481] INFO [ReplicaFetcherManager on broker 1] Removed fetcher for partitions Set(baseline-auto-topic-0042-0) (kafka.server.ReplicaFetcherManager)
[2026-03-09 17:26:10,486] INFO [LogLoader partition=baseline-auto-topic-0042-0, dir=/tmp/kraft-combined-logs] Loading producer state till offset 0 (org.apache.kafka.storage.internals.log.UnifiedLog)
[2026-03-09 17:26:10,486] INFO Created log for partition baseline-auto-topic-0042-0 in /tmp/kraft-combined-logs/baseline-auto-topic-0042-0 with properties {} (kafka.log.LogManager)
[2026-03-09 17:26:10,486] INFO [Partition baseline-auto-topic-0042-0 broker=1] No checkpointed highwatermark is found for partition baseline-auto-topic-0042-0 (kafka.cluster.Partition)
[2026-03-09 17:26:10,486] INFO [Partition baseline-auto-topic-0042-0 broker=1] Log loaded for partition baseline-auto-topic-0042-0 with initial high watermark 0 (kafka.cluster.Partition)
[2026-03-09 17:26:10,655] INFO Sent auto-creation request for Set(baseline-auto-topic-0043) to the active controller. (kafka.server.DefaultAutoTopicCreationManager)
[2026-03-09 17:26:10,683] INFO [ReplicaFetcherManager on broker 1] Removed fetcher for partitions Set(baseline-auto-topic-0043-0) (kafka.server.ReplicaFetcherManager)
[2026-03-09 17:26:10,688] INFO [LogLoader partition=baseline-auto-topic-0043-0, dir=/tmp/kraft-combined-logs] Loading producer state till offset 0 (org.apache.kafka.storage.internals.log.UnifiedLog)
[2026-03-09 17:26:10,689] INFO Created log for partition baseline-auto-topic-0043-0 in /tmp/kraft-combined-logs/baseline-auto-topic-0043-0 with properties {} (kafka.log.LogManager)
[2026-03-09 17:26:10,689] INFO [Partition baseline-auto-topic-0043-0 broker=1] No checkpointed highwatermark is found for partition baseline-auto-topic-0043-0 (kafka.cluster.Partition)
[2026-03-09 17:26:10,689] INFO [Partition baseline-auto-topic-0043-0 broker=1] Log loaded for partition baseline-auto-topic-0043-0 with initial high watermark 0 (kafka.cluster.Partition)
[2026-03-09 17:26:10,864] INFO Sent auto-creation request for Set(baseline-auto-topic-0044) to the active controller. (kafka.server.DefaultAutoTopicCreationManager)
[2026-03-09 17:26:10,898] INFO [ReplicaFetcherManager on broker 1] Removed fetcher for partitions Set(baseline-auto-topic-0044-0) (kafka.server.ReplicaFetcherManager)
[2026-03-09 17:26:10,907] INFO [LogLoader partition=baseline-auto-topic-0044-0, dir=/tmp/kraft-combined-logs] Loading producer state till offset 0 (org.apache.kafka.storage.internals.log.UnifiedLog)
[2026-03-09 17:26:10,908] INFO Created log for partition baseline-auto-topic-0044-0 in /tmp/kraft-combined-logs/baseline-auto-topic-0044-0 with properties {} (kafka.log.LogManager)
[2026-03-09 17:26:10,908] INFO [Partition baseline-auto-topic-0044-0 broker=1] No checkpointed highwatermark is found for partition baseline-auto-topic-0044-0 (kafka.cluster.Partition)
[2026-03-09 17:26:10,909] INFO [Partition baseline-auto-topic-0044-0 broker=1] Log loaded for partition baseline-auto-topic-0044-0 with initial high watermark 0 (kafka.cluster.Partition)
[2026-03-09 17:26:11,079] INFO Sent auto-creation request for Set(baseline-auto-topic-0045) to the active controller. (kafka.server.DefaultAutoTopicCreationManager)
[2026-03-09 17:26:11,112] INFO [ReplicaFetcherManager on broker 1] Removed fetcher for partitions Set(baseline-auto-topic-0045-0) (kafka.server.ReplicaFetcherManager)
[2026-03-09 17:26:11,120] INFO [LogLoader partition=baseline-auto-topic-0045-0, dir=/tmp/kraft-combined-logs] Loading producer state till offset 0 (org.apache.kafka.storage.internals.log.UnifiedLog)
[2026-03-09 17:26:11,121] INFO Created log for partition baseline-auto-topic-0045-0 in /tmp/kraft-combined-logs/baseline-auto-topic-0045-0 with properties {} (kafka.log.LogManager)
[2026-03-09 17:26:11,121] INFO [Partition baseline-auto-topic-0045-0 broker=1] No checkpointed highwatermark is found for partition baseline-auto-topic-0045-0 (kafka.cluster.Partition)
[2026-03-09 17:26:11,121] INFO [Partition baseline-auto-topic-0045-0 broker=1] Log loaded for partition baseline-auto-topic-0045-0 with initial high watermark 0 (kafka.cluster.Partition)
[2026-03-09 17:26:11,293] INFO Sent auto-creation request for Set(baseline-auto-topic-0046) to the active controller. (kafka.server.DefaultAutoTopicCreationManager)
[2026-03-09 17:26:11,327] INFO [ReplicaFetcherManager on broker 1] Removed fetcher for partitions Set(baseline-auto-topic-0046-0) (kafka.server.ReplicaFetcherManager)
[2026-03-09 17:26:11,335] INFO [LogLoader partition=baseline-auto-topic-0046-0, dir=/tmp/kraft-combined-logs] Loading producer state till offset 0 (org.apache.kafka.storage.internals.log.UnifiedLog)
[2026-03-09 17:26:11,336] INFO Created log for partition baseline-auto-topic-0046-0 in /tmp/kraft-combined-logs/baseline-auto-topic-0046-0 with properties {} (kafka.log.LogManager)
[2026-03-09 17:26:11,336] INFO [Partition baseline-auto-topic-0046-0 broker=1] No checkpointed highwatermark is found for partition baseline-auto-topic-0046-0 (kafka.cluster.Partition)
[2026-03-09 17:26:11,337] INFO [Partition baseline-auto-topic-0046-0 broker=1] Log loaded for partition baseline-auto-topic-0046-0 with initial high watermark 0 (kafka.cluster.Partition)
[2026-03-09 17:26:11,503] INFO Sent auto-creation request for Set(baseline-auto-topic-0047) to the active controller. (kafka.server.DefaultAutoTopicCreationManager)
[2026-03-09 17:26:11,531] INFO [ReplicaFetcherManager on broker 1] Removed fetcher for partitions Set(baseline-auto-topic-0047-0) (kafka.server.ReplicaFetcherManager)
[2026-03-09 17:26:11,535] INFO [LogLoader partition=baseline-auto-topic-0047-0, dir=/tmp/kraft-combined-logs] Loading producer state till offset 0 (org.apache.kafka.storage.internals.log.UnifiedLog)
[2026-03-09 17:26:11,535] INFO Created log for partition baseline-auto-topic-0047-0 in /tmp/kraft-combined-logs/baseline-auto-topic-0047-0 with properties {} (kafka.log.LogManager)
[2026-03-09 17:26:11,535] INFO [Partition baseline-auto-topic-0047-0 broker=1] No checkpointed highwatermark is found for partition baseline-auto-topic-0047-0 (kafka.cluster.Partition)
[2026-03-09 17:26:11,535] INFO [Partition baseline-auto-topic-0047-0 broker=1] Log loaded for partition baseline-auto-topic-0047-0 with initial high watermark 0 (kafka.cluster.Partition)
[2026-03-09 17:26:11,710] INFO Sent auto-creation request for Set(baseline-auto-topic-0048) to the active controller. (kafka.server.DefaultAutoTopicCreationManager)
[2026-03-09 17:26:11,745] INFO [ReplicaFetcherManager on broker 1] Removed fetcher for partitions Set(baseline-auto-topic-0048-0) (kafka.server.ReplicaFetcherManager)
[2026-03-09 17:26:11,750] INFO [LogLoader partition=baseline-auto-topic-0048-0, dir=/tmp/kraft-combined-logs] Loading producer state till offset 0 (org.apache.kafka.storage.internals.log.UnifiedLog)
[2026-03-09 17:26:11,751] INFO Created log for partition baseline-auto-topic-0048-0 in /tmp/kraft-combined-logs/baseline-auto-topic-0048-0 with properties {} (kafka.log.LogManager)
[2026-03-09 17:26:11,751] INFO [Partition baseline-auto-topic-0048-0 broker=1] No checkpointed highwatermark is found for partition baseline-auto-topic-0048-0 (kafka.cluster.Partition)
[2026-03-09 17:26:11,751] INFO [Partition baseline-auto-topic-0048-0 broker=1] Log loaded for partition baseline-auto-topic-0048-0 with initial high watermark 0 (kafka.cluster.Partition)
[2026-03-09 17:26:11,920] INFO Sent auto-creation request for Set(baseline-auto-topic-0049) to the active controller. (kafka.server.DefaultAutoTopicCreationManager)
[2026-03-09 17:26:11,953] INFO [ReplicaFetcherManager on broker 1] Removed fetcher for partitions Set(baseline-auto-topic-0049-0) (kafka.server.ReplicaFetcherManager)
[2026-03-09 17:26:11,961] INFO [LogLoader partition=baseline-auto-topic-0049-0, dir=/tmp/kraft-combined-logs] Loading producer state till offset 0 (org.apache.kafka.storage.internals.log.UnifiedLog)
[2026-03-09 17:26:11,962] INFO Created log for partition baseline-auto-topic-0049-0 in /tmp/kraft-combined-logs/baseline-auto-topic-0049-0 with properties {} (kafka.log.LogManager)
[2026-03-09 17:26:11,962] INFO [Partition baseline-auto-topic-0049-0 broker=1] No checkpointed highwatermark is found for partition baseline-auto-topic-0049-0 (kafka.cluster.Partition)
[2026-03-09 17:26:11,962] INFO [Partition baseline-auto-topic-0049-0 broker=1] Log loaded for partition baseline-auto-topic-0049-0 with initial high watermark 0 (kafka.cluster.Partition)
[2026-03-09 17:26:12,131] INFO Sent auto-creation request for Set(baseline-auto-topic-0050) to the active controller. (kafka.server.DefaultAutoTopicCreationManager)
[2026-03-09 17:26:12,166] INFO [ReplicaFetcherManager on broker 1] Removed fetcher for partitions Set(baseline-auto-topic-0050-0) (kafka.server.ReplicaFetcherManager)
[2026-03-09 17:26:12,173] INFO [LogLoader partition=baseline-auto-topic-0050-0, dir=/tmp/kraft-combined-logs] Loading producer state till offset 0 (org.apache.kafka.storage.internals.log.UnifiedLog)
[2026-03-09 17:26:12,173] INFO Created log for partition baseline-auto-topic-0050-0 in /tmp/kraft-combined-logs/baseline-auto-topic-0050-0 with properties {} (kafka.log.LogManager)
[2026-03-09 17:26:12,173] INFO [Partition baseline-auto-topic-0050-0 broker=1] No checkpointed highwatermark is found for partition baseline-auto-topic-0050-0 (kafka.cluster.Partition)
[2026-03-09 17:26:12,173] INFO [Partition baseline-auto-topic-0050-0 broker=1] Log loaded for partition baseline-auto-topic-0050-0 with initial high watermark 0 (kafka.cluster.Partition)
[2026-03-09 17:26:12,341] INFO Sent auto-creation request for Set(baseline-auto-topic-0051) to the active controller. (kafka.server.DefaultAutoTopicCreationManager)
[2026-03-09 17:26:12,372] INFO [ReplicaFetcherManager on broker 1] Removed fetcher for partitions Set(baseline-auto-topic-0051-0) (kafka.server.ReplicaFetcherManager)
[2026-03-09 17:26:12,378] INFO [LogLoader partition=baseline-auto-topic-0051-0, dir=/tmp/kraft-combined-logs] Loading producer state till offset 0 (org.apache.kafka.storage.internals.log.UnifiedLog)
[2026-03-09 17:26:12,378] INFO Created log for partition baseline-auto-topic-0051-0 in /tmp/kraft-combined-logs/baseline-auto-topic-0051-0 with properties {} (kafka.log.LogManager)
[2026-03-09 17:26:12,378] INFO [Partition baseline-auto-topic-0051-0 broker=1] No checkpointed highwatermark is found for partition baseline-auto-topic-0051-0 (kafka.cluster.Partition)
[2026-03-09 17:26:12,378] INFO [Partition baseline-auto-topic-0051-0 broker=1] Log loaded for partition baseline-auto-topic-0051-0 with initial high watermark 0 (kafka.cluster.Partition)
[2026-03-09 17:26:12,554] INFO Sent auto-creation request for Set(baseline-auto-topic-0052) to the active controller. (kafka.server.DefaultAutoTopicCreationManager)
[2026-03-09 17:26:12,565] INFO [ReplicaFetcherManager on broker 1] Removed fetcher for partitions Set(baseline-auto-topic-0052-0) (kafka.server.ReplicaFetcherManager)
[2026-03-09 17:26:12,571] INFO [LogLoader partition=baseline-auto-topic-0052-0, dir=/tmp/kraft-combined-logs] Loading producer state till offset 0 (org.apache.kafka.storage.internals.log.UnifiedLog)
[2026-03-09 17:26:12,571] INFO Created log for partition baseline-auto-topic-0052-0 in /tmp/kraft-combined-logs/baseline-auto-topic-0052-0 with properties {} (kafka.log.LogManager)
[2026-03-09 17:26:12,571] INFO [Partition baseline-auto-topic-0052-0 broker=1] No checkpointed highwatermark is found for partition baseline-auto-topic-0052-0 (kafka.cluster.Partition)
[2026-03-09 17:26:12,572] INFO [Partition baseline-auto-topic-0052-0 broker=1] Log loaded for partition baseline-auto-topic-0052-0 with initial high watermark 0 (kafka.cluster.Partition)
[2026-03-09 17:26:12,766] INFO Sent auto-creation request for Set(baseline-auto-topic-0053) to the active controller. (kafka.server.DefaultAutoTopicCreationManager)
[2026-03-09 17:26:12,800] INFO [ReplicaFetcherManager on broker 1] Removed fetcher for partitions Set(baseline-auto-topic-0053-0) (kafka.server.ReplicaFetcherManager)
[2026-03-09 17:26:12,806] INFO [LogLoader partition=baseline-auto-topic-0053-0, dir=/tmp/kraft-combined-logs] Loading producer state till offset 0 (org.apache.kafka.storage.internals.log.UnifiedLog)
[2026-03-09 17:26:12,806] INFO Created log for partition baseline-auto-topic-0053-0 in /tmp/kraft-combined-logs/baseline-auto-topic-0053-0 with properties {} (kafka.log.LogManager)
[2026-03-09 17:26:12,807] INFO [Partition baseline-auto-topic-0053-0 broker=1] No checkpointed highwatermark is found for partition baseline-auto-topic-0053-0 (kafka.cluster.Partition)
[2026-03-09 17:26:12,807] INFO [Partition baseline-auto-topic-0053-0 broker=1] Log loaded for partition baseline-auto-topic-0053-0 with initial high watermark 0 (kafka.cluster.Partition)
[2026-03-09 17:26:12,980] INFO Sent auto-creation request for Set(baseline-auto-topic-0054) to the active controller. (kafka.server.DefaultAutoTopicCreationManager)
[2026-03-09 17:26:13,014] INFO [ReplicaFetcherManager on broker 1] Removed fetcher for partitions Set(baseline-auto-topic-0054-0) (kafka.server.ReplicaFetcherManager)
[2026-03-09 17:26:13,019] INFO [LogLoader partition=baseline-auto-topic-0054-0, dir=/tmp/kraft-combined-logs] Loading producer state till offset 0 (org.apache.kafka.storage.internals.log.UnifiedLog)
[2026-03-09 17:26:13,020] INFO Created log for partition baseline-auto-topic-0054-0 in /tmp/kraft-combined-logs/baseline-auto-topic-0054-0 with properties {} (kafka.log.LogManager)
[2026-03-09 17:26:13,020] INFO [Partition baseline-auto-topic-0054-0 broker=1] No checkpointed highwatermark is found for partition baseline-auto-topic-0054-0 (kafka.cluster.Partition)
[2026-03-09 17:26:13,020] INFO [Partition baseline-auto-topic-0054-0 broker=1] Log loaded for partition baseline-auto-topic-0054-0 with initial high watermark 0 (kafka.cluster.Partition)
[2026-03-09 17:26:13,189] INFO Sent auto-creation request for Set(baseline-auto-topic-0055) to the active controller. (kafka.server.DefaultAutoTopicCreationManager)
[2026-03-09 17:26:13,220] INFO [ReplicaFetcherManager on broker 1] Removed fetcher for partitions Set(baseline-auto-topic-0055-0) (kafka.server.ReplicaFetcherManager)
[2026-03-09 17:26:13,225] INFO [LogLoader partition=baseline-auto-topic-0055-0, dir=/tmp/kraft-combined-logs] Loading producer state till offset 0 (org.apache.kafka.storage.internals.log.UnifiedLog)
[2026-03-09 17:26:13,225] INFO Created log for partition baseline-auto-topic-0055-0 in /tmp/kraft-combined-logs/baseline-auto-topic-0055-0 with properties {} (kafka.log.LogManager)
[2026-03-09 17:26:13,225] INFO [Partition baseline-auto-topic-0055-0 broker=1] No checkpointed highwatermark is found for partition baseline-auto-topic-0055-0 (kafka.cluster.Partition)
[2026-03-09 17:26:13,225] INFO [Partition baseline-auto-topic-0055-0 broker=1] Log loaded for partition baseline-auto-topic-0055-0 with initial high watermark 0 (kafka.cluster.Partition)
[2026-03-09 17:26:13,398] INFO Sent auto-creation request for Set(baseline-auto-topic-0056) to the active controller. (kafka.server.DefaultAutoTopicCreationManager)
[2026-03-09 17:26:13,432] INFO [ReplicaFetcherManager on broker 1] Removed fetcher for partitions Set(baseline-auto-topic-0056-0) (kafka.server.ReplicaFetcherManager)
[2026-03-09 17:26:13,439] INFO [LogLoader partition=baseline-auto-topic-0056-0, dir=/tmp/kraft-combined-logs] Loading producer state till offset 0 (org.apache.kafka.storage.internals.log.UnifiedLog)
[2026-03-09 17:26:13,448] INFO Created log for partition baseline-auto-topic-0056-0 in /tmp/kraft-combined-logs/baseline-auto-topic-0056-0 with properties {} (kafka.log.LogManager)
[2026-03-09 17:26:13,448] INFO [Partition baseline-auto-topic-0056-0 broker=1] No checkpointed highwatermark is found for partition baseline-auto-topic-0056-0 (kafka.cluster.Partition)
[2026-03-09 17:26:13,448] INFO [Partition baseline-auto-topic-0056-0 broker=1] Log loaded for partition baseline-auto-topic-0056-0 with initial high watermark 0 (kafka.cluster.Partition)
[2026-03-09 17:26:13,610] INFO Sent auto-creation request for Set(baseline-auto-topic-0057) to the active controller. (kafka.server.DefaultAutoTopicCreationManager)
[2026-03-09 17:26:13,641] INFO [ReplicaFetcherManager on broker 1] Removed fetcher for partitions Set(baseline-auto-topic-0057-0) (kafka.server.ReplicaFetcherManager)
[2026-03-09 17:26:13,649] INFO [LogLoader partition=baseline-auto-topic-0057-0, dir=/tmp/kraft-combined-logs] Loading producer state till offset 0 (org.apache.kafka.storage.internals.log.UnifiedLog)
[2026-03-09 17:26:13,649] INFO Created log for partition baseline-auto-topic-0057-0 in /tmp/kraft-combined-logs/baseline-auto-topic-0057-0 with properties {} (kafka.log.LogManager)
[2026-03-09 17:26:13,650] INFO [Partition baseline-auto-topic-0057-0 broker=1] No checkpointed highwatermark is found for partition baseline-auto-topic-0057-0 (kafka.cluster.Partition)
[2026-03-09 17:26:13,650] INFO [Partition baseline-auto-topic-0057-0 broker=1] Log loaded for partition baseline-auto-topic-0057-0 with initial high watermark 0 (kafka.cluster.Partition)
[2026-03-09 17:26:13,825] INFO Sent auto-creation request for Set(baseline-auto-topic-0058) to the active controller. (kafka.server.DefaultAutoTopicCreationManager)
[2026-03-09 17:26:13,855] INFO [ReplicaFetcherManager on broker 1] Removed fetcher for partitions Set(baseline-auto-topic-0058-0) (kafka.server.ReplicaFetcherManager)
[2026-03-09 17:26:13,861] INFO [LogLoader partition=baseline-auto-topic-0058-0, dir=/tmp/kraft-combined-logs] Loading producer state till offset 0 (org.apache.kafka.storage.internals.log.UnifiedLog)
[2026-03-09 17:26:13,862] INFO Created log for partition baseline-auto-topic-0058-0 in /tmp/kraft-combined-logs/baseline-auto-topic-0058-0 with properties {} (kafka.log.LogManager)
[2026-03-09 17:26:13,862] INFO [Partition baseline-auto-topic-0058-0 broker=1] No checkpointed highwatermark is found for partition baseline-auto-topic-0058-0 (kafka.cluster.Partition)
[2026-03-09 17:26:13,862] INFO [Partition baseline-auto-topic-0058-0 broker=1] Log loaded for partition baseline-auto-topic-0058-0 with initial high watermark 0 (kafka.cluster.Partition)
[2026-03-09 17:26:14,038] INFO Sent auto-creation request for Set(baseline-auto-topic-0059) to the active controller. (kafka.server.DefaultAutoTopicCreationManager)
[2026-03-09 17:26:14,071] INFO [ReplicaFetcherManager on broker 1] Removed fetcher for partitions Set(baseline-auto-topic-0059-0) (kafka.server.ReplicaFetcherManager)
[2026-03-09 17:26:14,078] INFO [LogLoader partition=baseline-auto-topic-0059-0, dir=/tmp/kraft-combined-logs] Loading producer state till offset 0 (org.apache.kafka.storage.internals.log.UnifiedLog)
[2026-03-09 17:26:14,079] INFO Created log for partition baseline-auto-topic-0059-0 in /tmp/kraft-combined-logs/baseline-auto-topic-0059-0 with properties {} (kafka.log.LogManager)
[2026-03-09 17:26:14,079] INFO [Partition baseline-auto-topic-0059-0 broker=1] No checkpointed highwatermark is found for partition baseline-auto-topic-0059-0 (kafka.cluster.Partition)
[2026-03-09 17:26:14,079] INFO [Partition baseline-auto-topic-0059-0 broker=1] Log loaded for partition baseline-auto-topic-0059-0 with initial high watermark 0 (kafka.cluster.Partition)
[2026-03-09 17:26:14,252] INFO Sent auto-creation request for Set(baseline-auto-topic-0060) to the active controller. (kafka.server.DefaultAutoTopicCreationManager)
[2026-03-09 17:26:14,289] INFO [ReplicaFetcherManager on broker 1] Removed fetcher for partitions Set(baseline-auto-topic-0060-0) (kafka.server.ReplicaFetcherManager)
[2026-03-09 17:26:14,293] INFO [LogLoader partition=baseline-auto-topic-0060-0, dir=/tmp/kraft-combined-logs] Loading producer state till offset 0 (org.apache.kafka.storage.internals.log.UnifiedLog)
[2026-03-09 17:26:14,293] INFO Created log for partition baseline-auto-topic-0060-0 in /tmp/kraft-combined-logs/baseline-auto-topic-0060-0 with properties {} (kafka.log.LogManager)
[2026-03-09 17:26:14,294] INFO [Partition baseline-auto-topic-0060-0 broker=1] No checkpointed highwatermark is found for partition baseline-auto-topic-0060-0 (kafka.cluster.Partition)
[2026-03-09 17:26:14,294] INFO [Partition baseline-auto-topic-0060-0 broker=1] Log loaded for partition baseline-auto-topic-0060-0 with initial high watermark 0 (kafka.cluster.Partition)
[2026-03-09 17:26:14,465] INFO Sent auto-creation request for Set(baseline-auto-topic-0061) to the active controller. (kafka.server.DefaultAutoTopicCreationManager)
[2026-03-09 17:26:14,499] INFO [ReplicaFetcherManager on broker 1] Removed fetcher for partitions Set(baseline-auto-topic-0061-0) (kafka.server.ReplicaFetcherManager)
[2026-03-09 17:26:14,505] INFO [LogLoader partition=baseline-auto-topic-0061-0, dir=/tmp/kraft-combined-logs] Loading producer state till offset 0 (org.apache.kafka.storage.internals.log.UnifiedLog)
[2026-03-09 17:26:14,506] INFO Created log for partition baseline-auto-topic-0061-0 in /tmp/kraft-combined-logs/baseline-auto-topic-0061-0 with properties {} (kafka.log.LogManager)
[2026-03-09 17:26:14,506] INFO [Partition baseline-auto-topic-0061-0 broker=1] No checkpointed highwatermark is found for partition baseline-auto-topic-0061-0 (kafka.cluster.Partition)
[2026-03-09 17:26:14,506] INFO [Partition baseline-auto-topic-0061-0 broker=1] Log loaded for partition baseline-auto-topic-0061-0 with initial high watermark 0 (kafka.cluster.Partition)
[2026-03-09 17:26:14,675] INFO Sent auto-creation request for Set(baseline-auto-topic-0062) to the active controller. (kafka.server.DefaultAutoTopicCreationManager)
[2026-03-09 17:26:14,708] INFO [ReplicaFetcherManager on broker 1] Removed fetcher for partitions Set(baseline-auto-topic-0062-0) (kafka.server.ReplicaFetcherManager)
[2026-03-09 17:26:14,713] INFO [LogLoader partition=baseline-auto-topic-0062-0, dir=/tmp/kraft-combined-logs] Loading producer state till offset 0 (org.apache.kafka.storage.internals.log.UnifiedLog)
[2026-03-09 17:26:14,714] INFO Created log for partition baseline-auto-topic-0062-0 in /tmp/kraft-combined-logs/baseline-auto-topic-0062-0 with properties {} (kafka.log.LogManager)
[2026-03-09 17:26:14,714] INFO [Partition baseline-auto-topic-0062-0 broker=1] No checkpointed highwatermark is found for partition baseline-auto-topic-0062-0 (kafka.cluster.Partition)
[2026-03-09 17:26:14,714] INFO [Partition baseline-auto-topic-0062-0 broker=1] Log loaded for partition baseline-auto-topic-0062-0 with initial high watermark 0 (kafka.cluster.Partition)
[2026-03-09 17:26:14,887] INFO Sent auto-creation request for Set(baseline-auto-topic-0063) to the active controller. (kafka.server.DefaultAutoTopicCreationManager)
[2026-03-09 17:26:14,918] INFO [ReplicaFetcherManager on broker 1] Removed fetcher for partitions Set(baseline-auto-topic-0063-0) (kafka.server.ReplicaFetcherManager)
[2026-03-09 17:26:14,922] INFO [LogLoader partition=baseline-auto-topic-0063-0, dir=/tmp/kraft-combined-logs] Loading producer state till offset 0 (org.apache.kafka.storage.internals.log.UnifiedLog)
[2026-03-09 17:26:14,922] INFO Created log for partition baseline-auto-topic-0063-0 in /tmp/kraft-combined-logs/baseline-auto-topic-0063-0 with properties {} (kafka.log.LogManager)
[2026-03-09 17:26:14,922] INFO [Partition baseline-auto-topic-0063-0 broker=1] No checkpointed highwatermark is found for partition baseline-auto-topic-0063-0 (kafka.cluster.Partition)
[2026-03-09 17:26:14,922] INFO [Partition baseline-auto-topic-0063-0 broker=1] Log loaded for partition baseline-auto-topic-0063-0 with initial high watermark 0 (kafka.cluster.Partition)
[2026-03-09 17:26:15,098] INFO Sent auto-creation request for Set(baseline-auto-topic-0064) to the active controller. (kafka.server.DefaultAutoTopicCreationManager)
[2026-03-09 17:26:15,136] INFO [ReplicaFetcherManager on broker 1] Removed fetcher for partitions Set(baseline-auto-topic-0064-0) (kafka.server.ReplicaFetcherManager)
[2026-03-09 17:26:15,140] INFO [LogLoader partition=baseline-auto-topic-0064-0, dir=/tmp/kraft-combined-logs] Loading producer state till offset 0 (org.apache.kafka.storage.internals.log.UnifiedLog)
[2026-03-09 17:26:15,141] INFO Created log for partition baseline-auto-topic-0064-0 in /tmp/kraft-combined-logs/baseline-auto-topic-0064-0 with properties {} (kafka.log.LogManager)
[2026-03-09 17:26:15,141] INFO [Partition baseline-auto-topic-0064-0 broker=1] No checkpointed highwatermark is found for partition baseline-auto-topic-0064-0 (kafka.cluster.Partition)
[2026-03-09 17:26:15,141] INFO [Partition baseline-auto-topic-0064-0 broker=1] Log loaded for partition baseline-auto-topic-0064-0 with initial high watermark 0 (kafka.cluster.Partition)
[2026-03-09 17:26:15,312] INFO Sent auto-creation request for Set(baseline-auto-topic-0065) to the active controller. (kafka.server.DefaultAutoTopicCreationManager)
[2026-03-09 17:26:15,345] INFO [ReplicaFetcherManager on broker 1] Removed fetcher for partitions Set(baseline-auto-topic-0065-0) (kafka.server.ReplicaFetcherManager)
[2026-03-09 17:26:15,350] INFO [LogLoader partition=baseline-auto-topic-0065-0, dir=/tmp/kraft-combined-logs] Loading producer state till offset 0 (org.apache.kafka.storage.internals.log.UnifiedLog)
[2026-03-09 17:26:15,350] INFO Created log for partition baseline-auto-topic-0065-0 in /tmp/kraft-combined-logs/baseline-auto-topic-0065-0 with properties {} (kafka.log.LogManager)
[2026-03-09 17:26:15,350] INFO [Partition baseline-auto-topic-0065-0 broker=1] No checkpointed highwatermark is found for partition baseline-auto-topic-0065-0 (kafka.cluster.Partition)
[2026-03-09 17:26:15,350] INFO [Partition baseline-auto-topic-0065-0 broker=1] Log loaded for partition baseline-auto-topic-0065-0 with initial high watermark 0 (kafka.cluster.Partition)
[2026-03-09 17:26:15,522] INFO Sent auto-creation request for Set(baseline-auto-topic-0066) to the active controller. (kafka.server.DefaultAutoTopicCreationManager)
[2026-03-09 17:26:15,555] INFO [ReplicaFetcherManager on broker 1] Removed fetcher for partitions Set(baseline-auto-topic-0066-0) (kafka.server.ReplicaFetcherManager)
[2026-03-09 17:26:15,561] INFO [LogLoader partition=baseline-auto-topic-0066-0, dir=/tmp/kraft-combined-logs] Loading producer state till offset 0 (org.apache.kafka.storage.internals.log.UnifiedLog)
[2026-03-09 17:26:15,561] INFO Created log for partition baseline-auto-topic-0066-0 in /tmp/kraft-combined-logs/baseline-auto-topic-0066-0 with properties {} (kafka.log.LogManager)
[2026-03-09 17:26:15,561] INFO [Partition baseline-auto-topic-0066-0 broker=1] No checkpointed highwatermark is found for partition baseline-auto-topic-0066-0 (kafka.cluster.Partition)
[2026-03-09 17:26:15,561] INFO [Partition baseline-auto-topic-0066-0 broker=1] Log loaded for partition baseline-auto-topic-0066-0 with initial high watermark 0 (kafka.cluster.Partition)
[2026-03-09 17:26:15,734] INFO Sent auto-creation request for Set(baseline-auto-topic-0067) to the active controller. (kafka.server.DefaultAutoTopicCreationManager)
[2026-03-09 17:26:15,766] INFO [ReplicaFetcherManager on broker 1] Removed fetcher for partitions Set(baseline-auto-topic-0067-0) (kafka.server.ReplicaFetcherManager)
[2026-03-09 17:26:15,771] INFO [LogLoader partition=baseline-auto-topic-0067-0, dir=/tmp/kraft-combined-logs] Loading producer state till offset 0 (org.apache.kafka.storage.internals.log.UnifiedLog)
[2026-03-09 17:26:15,771] INFO Created log for partition baseline-auto-topic-0067-0 in /tmp/kraft-combined-logs/baseline-auto-topic-0067-0 with properties {} (kafka.log.LogManager)
[2026-03-09 17:26:15,772] INFO [Partition baseline-auto-topic-0067-0 broker=1] No checkpointed highwatermark is found for partition baseline-auto-topic-0067-0 (kafka.cluster.Partition)
[2026-03-09 17:26:15,772] INFO [Partition baseline-auto-topic-0067-0 broker=1] Log loaded for partition baseline-auto-topic-0067-0 with initial high watermark 0 (kafka.cluster.Partition)
[2026-03-09 17:26:15,945] INFO Sent auto-creation request for Set(baseline-auto-topic-0068) to the active controller. (kafka.server.DefaultAutoTopicCreationManager)
[2026-03-09 17:26:15,980] INFO [ReplicaFetcherManager on broker 1] Removed fetcher for partitions Set(baseline-auto-topic-0068-0) (kafka.server.ReplicaFetcherManager)
[2026-03-09 17:26:15,985] INFO [LogLoader partition=baseline-auto-topic-0068-0, dir=/tmp/kraft-combined-logs] Loading producer state till offset 0 (org.apache.kafka.storage.internals.log.UnifiedLog)
[2026-03-09 17:26:15,985] INFO Created log for partition baseline-auto-topic-0068-0 in /tmp/kraft-combined-logs/baseline-auto-topic-0068-0 with properties {} (kafka.log.LogManager)
[2026-03-09 17:26:15,985] INFO [Partition baseline-auto-topic-0068-0 broker=1] No checkpointed highwatermark is found for partition baseline-auto-topic-0068-0 (kafka.cluster.Partition)
[2026-03-09 17:26:15,985] INFO [Partition baseline-auto-topic-0068-0 broker=1] Log loaded for partition baseline-auto-topic-0068-0 with initial high watermark 0 (kafka.cluster.Partition)
[2026-03-09 17:26:16,158] INFO Sent auto-creation request for Set(baseline-auto-topic-0069) to the active controller. (kafka.server.DefaultAutoTopicCreationManager)
[2026-03-09 17:26:16,189] INFO [ReplicaFetcherManager on broker 1] Removed fetcher for partitions Set(baseline-auto-topic-0069-0) (kafka.server.ReplicaFetcherManager)
[2026-03-09 17:26:16,197] INFO [LogLoader partition=baseline-auto-topic-0069-0, dir=/tmp/kraft-combined-logs] Loading producer state till offset 0 (org.apache.kafka.storage.internals.log.UnifiedLog)
[2026-03-09 17:26:16,197] INFO Created log for partition baseline-auto-topic-0069-0 in /tmp/kraft-combined-logs/baseline-auto-topic-0069-0 with properties {} (kafka.log.LogManager)
[2026-03-09 17:26:16,198] INFO [Partition baseline-auto-topic-0069-0 broker=1] No checkpointed highwatermark is found for partition baseline-auto-topic-0069-0 (kafka.cluster.Partition)
[2026-03-09 17:26:16,198] INFO [Partition baseline-auto-topic-0069-0 broker=1] Log loaded for partition baseline-auto-topic-0069-0 with initial high watermark 0 (kafka.cluster.Partition)
[2026-03-09 17:26:16,370] INFO Sent auto-creation request for Set(baseline-auto-topic-0070) to the active controller. (kafka.server.DefaultAutoTopicCreationManager)
[2026-03-09 17:26:16,404] INFO [ReplicaFetcherManager on broker 1] Removed fetcher for partitions Set(baseline-auto-topic-0070-0) (kafka.server.ReplicaFetcherManager)
[2026-03-09 17:26:16,411] INFO [LogLoader partition=baseline-auto-topic-0070-0, dir=/tmp/kraft-combined-logs] Loading producer state till offset 0 (org.apache.kafka.storage.internals.log.UnifiedLog)
[2026-03-09 17:26:16,411] INFO Created log for partition baseline-auto-topic-0070-0 in /tmp/kraft-combined-logs/baseline-auto-topic-0070-0 with properties {} (kafka.log.LogManager)
[2026-03-09 17:26:16,412] INFO [Partition baseline-auto-topic-0070-0 broker=1] No checkpointed highwatermark is found for partition baseline-auto-topic-0070-0 (kafka.cluster.Partition)
[2026-03-09 17:26:16,412] INFO [Partition baseline-auto-topic-0070-0 broker=1] Log loaded for partition baseline-auto-topic-0070-0 with initial high watermark 0 (kafka.cluster.Partition)
[2026-03-09 17:26:16,584] INFO Sent auto-creation request for Set(baseline-auto-topic-0071) to the active controller. (kafka.server.DefaultAutoTopicCreationManager)
[2026-03-09 17:26:16,596] INFO [ReplicaFetcherManager on broker 1] Removed fetcher for partitions Set(baseline-auto-topic-0071-0) (kafka.server.ReplicaFetcherManager)
[2026-03-09 17:26:16,602] INFO [LogLoader partition=baseline-auto-topic-0071-0, dir=/tmp/kraft-combined-logs] Loading producer state till offset 0 (org.apache.kafka.storage.internals.log.UnifiedLog)
[2026-03-09 17:26:16,602] INFO Created log for partition baseline-auto-topic-0071-0 in /tmp/kraft-combined-logs/baseline-auto-topic-0071-0 with properties {} (kafka.log.LogManager)
[2026-03-09 17:26:16,603] INFO [Partition baseline-auto-topic-0071-0 broker=1] No checkpointed highwatermark is found for partition baseline-auto-topic-0071-0 (kafka.cluster.Partition)
[2026-03-09 17:26:16,603] INFO [Partition baseline-auto-topic-0071-0 broker=1] Log loaded for partition baseline-auto-topic-0071-0 with initial high watermark 0 (kafka.cluster.Partition)
[2026-03-09 17:26:16,797] INFO Sent auto-creation request for Set(baseline-auto-topic-0072) to the active controller. (kafka.server.DefaultAutoTopicCreationManager)
[2026-03-09 17:26:16,830] INFO [ReplicaFetcherManager on broker 1] Removed fetcher for partitions Set(baseline-auto-topic-0072-0) (kafka.server.ReplicaFetcherManager)
[2026-03-09 17:26:16,834] INFO [LogLoader partition=baseline-auto-topic-0072-0, dir=/tmp/kraft-combined-logs] Loading producer state till offset 0 (org.apache.kafka.storage.internals.log.UnifiedLog)
[2026-03-09 17:26:16,834] INFO Created log for partition baseline-auto-topic-0072-0 in /tmp/kraft-combined-logs/baseline-auto-topic-0072-0 with properties {} (kafka.log.LogManager)
[2026-03-09 17:26:16,835] INFO [Partition baseline-auto-topic-0072-0 broker=1] No checkpointed highwatermark is found for partition baseline-auto-topic-0072-0 (kafka.cluster.Partition)
[2026-03-09 17:26:16,835] INFO [Partition baseline-auto-topic-0072-0 broker=1] Log loaded for partition baseline-auto-topic-0072-0 with initial high watermark 0 (kafka.cluster.Partition)
[2026-03-09 17:26:17,010] INFO Sent auto-creation request for Set(baseline-auto-topic-0073) to the active controller. (kafka.server.DefaultAutoTopicCreationManager)
[2026-03-09 17:26:17,040] INFO [ReplicaFetcherManager on broker 1] Removed fetcher for partitions Set(baseline-auto-topic-0073-0) (kafka.server.ReplicaFetcherManager)
[2026-03-09 17:26:17,045] INFO [LogLoader partition=baseline-auto-topic-0073-0, dir=/tmp/kraft-combined-logs] Loading producer state till offset 0 (org.apache.kafka.storage.internals.log.UnifiedLog)
[2026-03-09 17:26:17,046] INFO Created log for partition baseline-auto-topic-0073-0 in /tmp/kraft-combined-logs/baseline-auto-topic-0073-0 with properties {} (kafka.log.LogManager)
[2026-03-09 17:26:17,046] INFO [Partition baseline-auto-topic-0073-0 broker=1] No checkpointed highwatermark is found for partition baseline-auto-topic-0073-0 (kafka.cluster.Partition)
[2026-03-09 17:26:17,046] INFO [Partition baseline-auto-topic-0073-0 broker=1] Log loaded for partition baseline-auto-topic-0073-0 with initial high watermark 0 (kafka.cluster.Partition)
[2026-03-09 17:26:17,220] INFO Sent auto-creation request for Set(baseline-auto-topic-0074) to the active controller. (kafka.server.DefaultAutoTopicCreationManager)
[2026-03-09 17:26:17,252] INFO [ReplicaFetcherManager on broker 1] Removed fetcher for partitions Set(baseline-auto-topic-0074-0) (kafka.server.ReplicaFetcherManager)
[2026-03-09 17:26:17,257] INFO [LogLoader partition=baseline-auto-topic-0074-0, dir=/tmp/kraft-combined-logs] Loading producer state till offset 0 (org.apache.kafka.storage.internals.log.UnifiedLog)
[2026-03-09 17:26:17,257] INFO Created log for partition baseline-auto-topic-0074-0 in /tmp/kraft-combined-logs/baseline-auto-topic-0074-0 with properties {} (kafka.log.LogManager)
[2026-03-09 17:26:17,257] INFO [Partition baseline-auto-topic-0074-0 broker=1] No checkpointed highwatermark is found for partition baseline-auto-topic-0074-0 (kafka.cluster.Partition)
[2026-03-09 17:26:17,257] INFO [Partition baseline-auto-topic-0074-0 broker=1] Log loaded for partition baseline-auto-topic-0074-0 with initial high watermark 0 (kafka.cluster.Partition)
[2026-03-09 17:26:17,429] INFO Sent auto-creation request for Set(baseline-auto-topic-0075) to the active controller. (kafka.server.DefaultAutoTopicCreationManager)
[2026-03-09 17:26:17,461] INFO [ReplicaFetcherManager on broker 1] Removed fetcher for partitions Set(baseline-auto-topic-0075-0) (kafka.server.ReplicaFetcherManager)
[2026-03-09 17:26:17,466] INFO [LogLoader partition=baseline-auto-topic-0075-0, dir=/tmp/kraft-combined-logs] Loading producer state till offset 0 (org.apache.kafka.storage.internals.log.UnifiedLog)
[2026-03-09 17:26:17,467] INFO Created log for partition baseline-auto-topic-0075-0 in /tmp/kraft-combined-logs/baseline-auto-topic-0075-0 with properties {} (kafka.log.LogManager)
[2026-03-09 17:26:17,467] INFO [Partition baseline-auto-topic-0075-0 broker=1] No checkpointed highwatermark is found for partition baseline-auto-topic-0075-0 (kafka.cluster.Partition)
[2026-03-09 17:26:17,467] INFO [Partition baseline-auto-topic-0075-0 broker=1] Log loaded for partition baseline-auto-topic-0075-0 with initial high watermark 0 (kafka.cluster.Partition)
[2026-03-09 17:26:17,638] INFO Sent auto-creation request for Set(baseline-auto-topic-0076) to the active controller. (kafka.server.DefaultAutoTopicCreationManager)
[2026-03-09 17:26:17,669] INFO [ReplicaFetcherManager on broker 1] Removed fetcher for partitions Set(baseline-auto-topic-0076-0) (kafka.server.ReplicaFetcherManager)
[2026-03-09 17:26:17,673] INFO [LogLoader partition=baseline-auto-topic-0076-0, dir=/tmp/kraft-combined-logs] Loading producer state till offset 0 (org.apache.kafka.storage.internals.log.UnifiedLog)
[2026-03-09 17:26:17,673] INFO Created log for partition baseline-auto-topic-0076-0 in /tmp/kraft-combined-logs/baseline-auto-topic-0076-0 with properties {} (kafka.log.LogManager)
[2026-03-09 17:26:17,673] INFO [Partition baseline-auto-topic-0076-0 broker=1] No checkpointed highwatermark is found for partition baseline-auto-topic-0076-0 (kafka.cluster.Partition)
[2026-03-09 17:26:17,673] INFO [Partition baseline-auto-topic-0076-0 broker=1] Log loaded for partition baseline-auto-topic-0076-0 with initial high watermark 0 (kafka.cluster.Partition)
[2026-03-09 17:26:17,846] INFO Sent auto-creation request for Set(baseline-auto-topic-0077) to the active controller. (kafka.server.DefaultAutoTopicCreationManager)
[2026-03-09 17:26:17,879] INFO [ReplicaFetcherManager on broker 1] Removed fetcher for partitions Set(baseline-auto-topic-0077-0) (kafka.server.ReplicaFetcherManager)
[2026-03-09 17:26:17,884] INFO [LogLoader partition=baseline-auto-topic-0077-0, dir=/tmp/kraft-combined-logs] Loading producer state till offset 0 (org.apache.kafka.storage.internals.log.UnifiedLog)
[2026-03-09 17:26:17,885] INFO Created log for partition baseline-auto-topic-0077-0 in /tmp/kraft-combined-logs/baseline-auto-topic-0077-0 with properties {} (kafka.log.LogManager)
[2026-03-09 17:26:17,885] INFO [Partition baseline-auto-topic-0077-0 broker=1] No checkpointed highwatermark is found for partition baseline-auto-topic-0077-0 (kafka.cluster.Partition)
[2026-03-09 17:26:17,885] INFO [Partition baseline-auto-topic-0077-0 broker=1] Log loaded for partition baseline-auto-topic-0077-0 with initial high watermark 0 (kafka.cluster.Partition)
[2026-03-09 17:26:18,058] INFO Sent auto-creation request for Set(baseline-auto-topic-0078) to the active controller. (kafka.server.DefaultAutoTopicCreationManager)
[2026-03-09 17:26:18,090] INFO [ReplicaFetcherManager on broker 1] Removed fetcher for partitions Set(baseline-auto-topic-0078-0) (kafka.server.ReplicaFetcherManager)
[2026-03-09 17:26:18,095] INFO [LogLoader partition=baseline-auto-topic-0078-0, dir=/tmp/kraft-combined-logs] Loading producer state till offset 0 (org.apache.kafka.storage.internals.log.UnifiedLog)
[2026-03-09 17:26:18,095] INFO Created log for partition baseline-auto-topic-0078-0 in /tmp/kraft-combined-logs/baseline-auto-topic-0078-0 with properties {} (kafka.log.LogManager)
[2026-03-09 17:26:18,095] INFO [Partition baseline-auto-topic-0078-0 broker=1] No checkpointed highwatermark is found for partition baseline-auto-topic-0078-0 (kafka.cluster.Partition)
[2026-03-09 17:26:18,095] INFO [Partition baseline-auto-topic-0078-0 broker=1] Log loaded for partition baseline-auto-topic-0078-0 with initial high watermark 0 (kafka.cluster.Partition)
[2026-03-09 17:26:18,267] INFO Sent auto-creation request for Set(baseline-auto-topic-0079) to the active controller. (kafka.server.DefaultAutoTopicCreationManager)
[2026-03-09 17:26:18,298] INFO [ReplicaFetcherManager on broker 1] Removed fetcher for partitions Set(baseline-auto-topic-0079-0) (kafka.server.ReplicaFetcherManager)
[2026-03-09 17:26:18,303] INFO [LogLoader partition=baseline-auto-topic-0079-0, dir=/tmp/kraft-combined-logs] Loading producer state till offset 0 (org.apache.kafka.storage.internals.log.UnifiedLog)
[2026-03-09 17:26:18,304] INFO Created log for partition baseline-auto-topic-0079-0 in /tmp/kraft-combined-logs/baseline-auto-topic-0079-0 with properties {} (kafka.log.LogManager)
[2026-03-09 17:26:18,304] INFO [Partition baseline-auto-topic-0079-0 broker=1] No checkpointed highwatermark is found for partition baseline-auto-topic-0079-0 (kafka.cluster.Partition)
[2026-03-09 17:26:18,304] INFO [Partition baseline-auto-topic-0079-0 broker=1] Log loaded for partition baseline-auto-topic-0079-0 with initial high watermark 0 (kafka.cluster.Partition)
[2026-03-09 17:26:18,478] INFO Sent auto-creation request for Set(baseline-auto-topic-0080) to the active controller. (kafka.server.DefaultAutoTopicCreationManager)
[2026-03-09 17:26:18,512] INFO [ReplicaFetcherManager on broker 1] Removed fetcher for partitions Set(baseline-auto-topic-0080-0) (kafka.server.ReplicaFetcherManager)
[2026-03-09 17:26:18,517] INFO [LogLoader partition=baseline-auto-topic-0080-0, dir=/tmp/kraft-combined-logs] Loading producer state till offset 0 (org.apache.kafka.storage.internals.log.UnifiedLog)
[2026-03-09 17:26:18,517] INFO Created log for partition baseline-auto-topic-0080-0 in /tmp/kraft-combined-logs/baseline-auto-topic-0080-0 with properties {} (kafka.log.LogManager)
[2026-03-09 17:26:18,518] INFO [Partition baseline-auto-topic-0080-0 broker=1] No checkpointed highwatermark is found for partition baseline-auto-topic-0080-0 (kafka.cluster.Partition)
[2026-03-09 17:26:18,518] INFO [Partition baseline-auto-topic-0080-0 broker=1] Log loaded for partition baseline-auto-topic-0080-0 with initial high watermark 0 (kafka.cluster.Partition)
[2026-03-09 17:26:18,691] INFO Sent auto-creation request for Set(baseline-auto-topic-0081) to the active controller. (kafka.server.DefaultAutoTopicCreationManager)
[2026-03-09 17:26:18,724] INFO [ReplicaFetcherManager on broker 1] Removed fetcher for partitions Set(baseline-auto-topic-0081-0) (kafka.server.ReplicaFetcherManager)
[2026-03-09 17:26:18,730] INFO [LogLoader partition=baseline-auto-topic-0081-0, dir=/tmp/kraft-combined-logs] Loading producer state till offset 0 (org.apache.kafka.storage.internals.log.UnifiedLog)
[2026-03-09 17:26:18,730] INFO Created log for partition baseline-auto-topic-0081-0 in /tmp/kraft-combined-logs/baseline-auto-topic-0081-0 with properties {} (kafka.log.LogManager)
[2026-03-09 17:26:18,731] INFO [Partition baseline-auto-topic-0081-0 broker=1] No checkpointed highwatermark is found for partition baseline-auto-topic-0081-0 (kafka.cluster.Partition)
[2026-03-09 17:26:18,731] INFO [Partition baseline-auto-topic-0081-0 broker=1] Log loaded for partition baseline-auto-topic-0081-0 with initial high watermark 0 (kafka.cluster.Partition)
[2026-03-09 17:26:18,905] INFO Sent auto-creation request for Set(baseline-auto-topic-0082) to the active controller. (kafka.server.DefaultAutoTopicCreationManager)
[2026-03-09 17:26:18,937] INFO [ReplicaFetcherManager on broker 1] Removed fetcher for partitions Set(baseline-auto-topic-0082-0) (kafka.server.ReplicaFetcherManager)
[2026-03-09 17:26:18,941] INFO [LogLoader partition=baseline-auto-topic-0082-0, dir=/tmp/kraft-combined-logs] Loading producer state till offset 0 (org.apache.kafka.storage.internals.log.UnifiedLog)
[2026-03-09 17:26:18,941] INFO Created log for partition baseline-auto-topic-0082-0 in /tmp/kraft-combined-logs/baseline-auto-topic-0082-0 with properties {} (kafka.log.LogManager)
[2026-03-09 17:26:18,942] INFO [Partition baseline-auto-topic-0082-0 broker=1] No checkpointed highwatermark is found for partition baseline-auto-topic-0082-0 (kafka.cluster.Partition)
[2026-03-09 17:26:18,942] INFO [Partition baseline-auto-topic-0082-0 broker=1] Log loaded for partition baseline-auto-topic-0082-0 with initial high watermark 0 (kafka.cluster.Partition)
[2026-03-09 17:26:19,116] INFO Sent auto-creation request for Set(baseline-auto-topic-0083) to the active controller. (kafka.server.DefaultAutoTopicCreationManager)
[2026-03-09 17:26:19,151] INFO [ReplicaFetcherManager on broker 1] Removed fetcher for partitions Set(baseline-auto-topic-0083-0) (kafka.server.ReplicaFetcherManager)
[2026-03-09 17:26:19,157] INFO [LogLoader partition=baseline-auto-topic-0083-0, dir=/tmp/kraft-combined-logs] Loading producer state till offset 0 (org.apache.kafka.storage.internals.log.UnifiedLog)
[2026-03-09 17:26:19,157] INFO Created log for partition baseline-auto-topic-0083-0 in /tmp/kraft-combined-logs/baseline-auto-topic-0083-0 with properties {} (kafka.log.LogManager)
[2026-03-09 17:26:19,157] INFO [Partition baseline-auto-topic-0083-0 broker=1] No checkpointed highwatermark is found for partition baseline-auto-topic-0083-0 (kafka.cluster.Partition)
[2026-03-09 17:26:19,157] INFO [Partition baseline-auto-topic-0083-0 broker=1] Log loaded for partition baseline-auto-topic-0083-0 with initial high watermark 0 (kafka.cluster.Partition)
[2026-03-09 17:26:19,329] INFO Sent auto-creation request for Set(baseline-auto-topic-0084) to the active controller. (kafka.server.DefaultAutoTopicCreationManager)
[2026-03-09 17:26:19,361] INFO [ReplicaFetcherManager on broker 1] Removed fetcher for partitions Set(baseline-auto-topic-0084-0) (kafka.server.ReplicaFetcherManager)
[2026-03-09 17:26:19,368] INFO [LogLoader partition=baseline-auto-topic-0084-0, dir=/tmp/kraft-combined-logs] Loading producer state till offset 0 (org.apache.kafka.storage.internals.log.UnifiedLog)
[2026-03-09 17:26:19,368] INFO Created log for partition baseline-auto-topic-0084-0 in /tmp/kraft-combined-logs/baseline-auto-topic-0084-0 with properties {} (kafka.log.LogManager)
[2026-03-09 17:26:19,369] INFO [Partition baseline-auto-topic-0084-0 broker=1] No checkpointed highwatermark is found for partition baseline-auto-topic-0084-0 (kafka.cluster.Partition)
[2026-03-09 17:26:19,369] INFO [Partition baseline-auto-topic-0084-0 broker=1] Log loaded for partition baseline-auto-topic-0084-0 with initial high watermark 0 (kafka.cluster.Partition)
[2026-03-09 17:26:19,543] INFO Sent auto-creation request for Set(baseline-auto-topic-0085) to the active controller. (kafka.server.DefaultAutoTopicCreationManager)
[2026-03-09 17:26:19,574] INFO [ReplicaFetcherManager on broker 1] Removed fetcher for partitions Set(baseline-auto-topic-0085-0) (kafka.server.ReplicaFetcherManager)
[2026-03-09 17:26:19,580] INFO [LogLoader partition=baseline-auto-topic-0085-0, dir=/tmp/kraft-combined-logs] Loading producer state till offset 0 (org.apache.kafka.storage.internals.log.UnifiedLog)
[2026-03-09 17:26:19,580] INFO Created log for partition baseline-auto-topic-0085-0 in /tmp/kraft-combined-logs/baseline-auto-topic-0085-0 with properties {} (kafka.log.LogManager)
[2026-03-09 17:26:19,580] INFO [Partition baseline-auto-topic-0085-0 broker=1] No checkpointed highwatermark is found for partition baseline-auto-topic-0085-0 (kafka.cluster.Partition)
[2026-03-09 17:26:19,580] INFO [Partition baseline-auto-topic-0085-0 broker=1] Log loaded for partition baseline-auto-topic-0085-0 with initial high watermark 0 (kafka.cluster.Partition)
[2026-03-09 17:26:19,754] INFO Sent auto-creation request for Set(baseline-auto-topic-0086) to the active controller. (kafka.server.DefaultAutoTopicCreationManager)
[2026-03-09 17:26:19,786] INFO [ReplicaFetcherManager on broker 1] Removed fetcher for partitions Set(baseline-auto-topic-0086-0) (kafka.server.ReplicaFetcherManager)
[2026-03-09 17:26:19,792] INFO [LogLoader partition=baseline-auto-topic-0086-0, dir=/tmp/kraft-combined-logs] Loading producer state till offset 0 (org.apache.kafka.storage.internals.log.UnifiedLog)
[2026-03-09 17:26:19,792] INFO Created log for partition baseline-auto-topic-0086-0 in /tmp/kraft-combined-logs/baseline-auto-topic-0086-0 with properties {} (kafka.log.LogManager)
[2026-03-09 17:26:19,792] INFO [Partition baseline-auto-topic-0086-0 broker=1] No checkpointed highwatermark is found for partition baseline-auto-topic-0086-0 (kafka.cluster.Partition)
[2026-03-09 17:26:19,792] INFO [Partition baseline-auto-topic-0086-0 broker=1] Log loaded for partition baseline-auto-topic-0086-0 with initial high watermark 0 (kafka.cluster.Partition)
[2026-03-09 17:26:19,965] INFO Sent auto-creation request for Set(baseline-auto-topic-0087) to the active controller. (kafka.server.DefaultAutoTopicCreationManager)
[2026-03-09 17:26:19,995] INFO [ReplicaFetcherManager on broker 1] Removed fetcher for partitions Set(baseline-auto-topic-0087-0) (kafka.server.ReplicaFetcherManager)
[2026-03-09 17:26:20,000] INFO [LogLoader partition=baseline-auto-topic-0087-0, dir=/tmp/kraft-combined-logs] Loading producer state till offset 0 (org.apache.kafka.storage.internals.log.UnifiedLog)
[2026-03-09 17:26:20,000] INFO Created log for partition baseline-auto-topic-0087-0 in /tmp/kraft-combined-logs/baseline-auto-topic-0087-0 with properties {} (kafka.log.LogManager)
[2026-03-09 17:26:20,001] INFO [Partition baseline-auto-topic-0087-0 broker=1] No checkpointed highwatermark is found for partition baseline-auto-topic-0087-0 (kafka.cluster.Partition)
[2026-03-09 17:26:20,001] INFO [Partition baseline-auto-topic-0087-0 broker=1] Log loaded for partition baseline-auto-topic-0087-0 with initial high watermark 0 (kafka.cluster.Partition)
[2026-03-09 17:26:20,174] INFO Sent auto-creation request for Set(baseline-auto-topic-0088) to the active controller. (kafka.server.DefaultAutoTopicCreationManager)
[2026-03-09 17:26:20,203] INFO [ReplicaFetcherManager on broker 1] Removed fetcher for partitions Set(baseline-auto-topic-0088-0) (kafka.server.ReplicaFetcherManager)
[2026-03-09 17:26:20,206] INFO [LogLoader partition=baseline-auto-topic-0088-0, dir=/tmp/kraft-combined-logs] Loading producer state till offset 0 (org.apache.kafka.storage.internals.log.UnifiedLog)
[2026-03-09 17:26:20,206] INFO Created log for partition baseline-auto-topic-0088-0 in /tmp/kraft-combined-logs/baseline-auto-topic-0088-0 with properties {} (kafka.log.LogManager)
[2026-03-09 17:26:20,207] INFO [Partition baseline-auto-topic-0088-0 broker=1] No checkpointed highwatermark is found for partition baseline-auto-topic-0088-0 (kafka.cluster.Partition)
[2026-03-09 17:26:20,207] INFO [Partition baseline-auto-topic-0088-0 broker=1] Log loaded for partition baseline-auto-topic-0088-0 with initial high watermark 0 (kafka.cluster.Partition)
[2026-03-09 17:26:20,381] INFO Sent auto-creation request for Set(baseline-auto-topic-0089) to the active controller. (kafka.server.DefaultAutoTopicCreationManager)
[2026-03-09 17:26:20,408] INFO [ReplicaFetcherManager on broker 1] Removed fetcher for partitions Set(baseline-auto-topic-0089-0) (kafka.server.ReplicaFetcherManager)
[2026-03-09 17:26:20,412] INFO [LogLoader partition=baseline-auto-topic-0089-0, dir=/tmp/kraft-combined-logs] Loading producer state till offset 0 (org.apache.kafka.storage.internals.log.UnifiedLog)
[2026-03-09 17:26:20,412] INFO Created log for partition baseline-auto-topic-0089-0 in /tmp/kraft-combined-logs/baseline-auto-topic-0089-0 with properties {} (kafka.log.LogManager)
[2026-03-09 17:26:20,412] INFO [Partition baseline-auto-topic-0089-0 broker=1] No checkpointed highwatermark is found for partition baseline-auto-topic-0089-0 (kafka.cluster.Partition)
[2026-03-09 17:26:20,412] INFO [Partition baseline-auto-topic-0089-0 broker=1] Log loaded for partition baseline-auto-topic-0089-0 with initial high watermark 0 (kafka.cluster.Partition)
[2026-03-09 17:26:20,596] INFO Sent auto-creation request for Set(baseline-auto-topic-0090) to the active controller. (kafka.server.DefaultAutoTopicCreationManager)
[2026-03-09 17:26:20,628] INFO [ReplicaFetcherManager on broker 1] Removed fetcher for partitions Set(baseline-auto-topic-0090-0) (kafka.server.ReplicaFetcherManager)
[2026-03-09 17:26:20,635] INFO [LogLoader partition=baseline-auto-topic-0090-0, dir=/tmp/kraft-combined-logs] Loading producer state till offset 0 (org.apache.kafka.storage.internals.log.UnifiedLog)
[2026-03-09 17:26:20,635] INFO Created log for partition baseline-auto-topic-0090-0 in /tmp/kraft-combined-logs/baseline-auto-topic-0090-0 with properties {} (kafka.log.LogManager)
[2026-03-09 17:26:20,635] INFO [Partition baseline-auto-topic-0090-0 broker=1] No checkpointed highwatermark is found for partition baseline-auto-topic-0090-0 (kafka.cluster.Partition)
[2026-03-09 17:26:20,635] INFO [Partition baseline-auto-topic-0090-0 broker=1] Log loaded for partition baseline-auto-topic-0090-0 with initial high watermark 0 (kafka.cluster.Partition)
[2026-03-09 17:26:20,810] INFO Sent auto-creation request for Set(baseline-auto-topic-0091) to the active controller. (kafka.server.DefaultAutoTopicCreationManager)
[2026-03-09 17:26:20,840] INFO [ReplicaFetcherManager on broker 1] Removed fetcher for partitions Set(baseline-auto-topic-0091-0) (kafka.server.ReplicaFetcherManager)
[2026-03-09 17:26:20,847] INFO [LogLoader partition=baseline-auto-topic-0091-0, dir=/tmp/kraft-combined-logs] Loading producer state till offset 0 (org.apache.kafka.storage.internals.log.UnifiedLog)
[2026-03-09 17:26:20,847] INFO Created log for partition baseline-auto-topic-0091-0 in /tmp/kraft-combined-logs/baseline-auto-topic-0091-0 with properties {} (kafka.log.LogManager)
[2026-03-09 17:26:20,848] INFO [Partition baseline-auto-topic-0091-0 broker=1] No checkpointed highwatermark is found for partition baseline-auto-topic-0091-0 (kafka.cluster.Partition)
[2026-03-09 17:26:20,848] INFO [Partition baseline-auto-topic-0091-0 broker=1] Log loaded for partition baseline-auto-topic-0091-0 with initial high watermark 0 (kafka.cluster.Partition)
[2026-03-09 17:26:21,023] INFO Sent auto-creation request for Set(baseline-auto-topic-0092) to the active controller. (kafka.server.DefaultAutoTopicCreationManager)
[2026-03-09 17:26:21,054] INFO [ReplicaFetcherManager on broker 1] Removed fetcher for partitions Set(baseline-auto-topic-0092-0) (kafka.server.ReplicaFetcherManager)
[2026-03-09 17:26:21,060] INFO [LogLoader partition=baseline-auto-topic-0092-0, dir=/tmp/kraft-combined-logs] Loading producer state till offset 0 (org.apache.kafka.storage.internals.log.UnifiedLog)
[2026-03-09 17:26:21,061] INFO Created log for partition baseline-auto-topic-0092-0 in /tmp/kraft-combined-logs/baseline-auto-topic-0092-0 with properties {} (kafka.log.LogManager)
[2026-03-09 17:26:21,061] INFO [Partition baseline-auto-topic-0092-0 broker=1] No checkpointed highwatermark is found for partition baseline-auto-topic-0092-0 (kafka.cluster.Partition)
[2026-03-09 17:26:21,061] INFO [Partition baseline-auto-topic-0092-0 broker=1] Log loaded for partition baseline-auto-topic-0092-0 with initial high watermark 0 (kafka.cluster.Partition)
[2026-03-09 17:26:21,236] INFO Sent auto-creation request for Set(baseline-auto-topic-0093) to the active controller. (kafka.server.DefaultAutoTopicCreationManager)
[2026-03-09 17:26:21,273] INFO [ReplicaFetcherManager on broker 1] Removed fetcher for partitions Set(baseline-auto-topic-0093-0) (kafka.server.ReplicaFetcherManager)
[2026-03-09 17:26:21,276] INFO [LogLoader partition=baseline-auto-topic-0093-0, dir=/tmp/kraft-combined-logs] Loading producer state till offset 0 (org.apache.kafka.storage.internals.log.UnifiedLog)
[2026-03-09 17:26:21,277] INFO Created log for partition baseline-auto-topic-0093-0 in /tmp/kraft-combined-logs/baseline-auto-topic-0093-0 with properties {} (kafka.log.LogManager)
[2026-03-09 17:26:21,277] INFO [Partition baseline-auto-topic-0093-0 broker=1] No checkpointed highwatermark is found for partition baseline-auto-topic-0093-0 (kafka.cluster.Partition)
[2026-03-09 17:26:21,277] INFO [Partition baseline-auto-topic-0093-0 broker=1] Log loaded for partition baseline-auto-topic-0093-0 with initial high watermark 0 (kafka.cluster.Partition)
[2026-03-09 17:26:21,451] INFO Sent auto-creation request for Set(baseline-auto-topic-0094) to the active controller. (kafka.server.DefaultAutoTopicCreationManager)
[2026-03-09 17:26:21,482] INFO [ReplicaFetcherManager on broker 1] Removed fetcher for partitions Set(baseline-auto-topic-0094-0) (kafka.server.ReplicaFetcherManager)
[2026-03-09 17:26:21,488] INFO [LogLoader partition=baseline-auto-topic-0094-0, dir=/tmp/kraft-combined-logs] Loading producer state till offset 0 (org.apache.kafka.storage.internals.log.UnifiedLog)
[2026-03-09 17:26:21,489] INFO Created log for partition baseline-auto-topic-0094-0 in /tmp/kraft-combined-logs/baseline-auto-topic-0094-0 with properties {} (kafka.log.LogManager)
[2026-03-09 17:26:21,489] INFO [Partition baseline-auto-topic-0094-0 broker=1] No checkpointed highwatermark is found for partition baseline-auto-topic-0094-0 (kafka.cluster.Partition)
[2026-03-09 17:26:21,490] INFO [Partition baseline-auto-topic-0094-0 broker=1] Log loaded for partition baseline-auto-topic-0094-0 with initial high watermark 0 (kafka.cluster.Partition)
[2026-03-09 17:26:21,663] INFO Sent auto-creation request for Set(baseline-auto-topic-0095) to the active controller. (kafka.server.DefaultAutoTopicCreationManager)
[2026-03-09 17:26:21,695] INFO [ReplicaFetcherManager on broker 1] Removed fetcher for partitions Set(baseline-auto-topic-0095-0) (kafka.server.ReplicaFetcherManager)
[2026-03-09 17:26:21,701] INFO [LogLoader partition=baseline-auto-topic-0095-0, dir=/tmp/kraft-combined-logs] Loading producer state till offset 0 (org.apache.kafka.storage.internals.log.UnifiedLog)
[2026-03-09 17:26:21,701] INFO Created log for partition baseline-auto-topic-0095-0 in /tmp/kraft-combined-logs/baseline-auto-topic-0095-0 with properties {} (kafka.log.LogManager)
[2026-03-09 17:26:21,701] INFO [Partition baseline-auto-topic-0095-0 broker=1] No checkpointed highwatermark is found for partition baseline-auto-topic-0095-0 (kafka.cluster.Partition)
[2026-03-09 17:26:21,701] INFO [Partition baseline-auto-topic-0095-0 broker=1] Log loaded for partition baseline-auto-topic-0095-0 with initial high watermark 0 (kafka.cluster.Partition)
[2026-03-09 17:26:21,876] INFO Sent auto-creation request for Set(baseline-auto-topic-0096) to the active controller. (kafka.server.DefaultAutoTopicCreationManager)
[2026-03-09 17:26:21,903] INFO [ReplicaFetcherManager on broker 1] Removed fetcher for partitions Set(baseline-auto-topic-0096-0) (kafka.server.ReplicaFetcherManager)
[2026-03-09 17:26:21,908] INFO [LogLoader partition=baseline-auto-topic-0096-0, dir=/tmp/kraft-combined-logs] Loading producer state till offset 0 (org.apache.kafka.storage.internals.log.UnifiedLog)
[2026-03-09 17:26:21,908] INFO Created log for partition baseline-auto-topic-0096-0 in /tmp/kraft-combined-logs/baseline-auto-topic-0096-0 with properties {} (kafka.log.LogManager)
[2026-03-09 17:26:21,909] INFO [Partition baseline-auto-topic-0096-0 broker=1] No checkpointed highwatermark is found for partition baseline-auto-topic-0096-0 (kafka.cluster.Partition)
[2026-03-09 17:26:21,909] INFO [Partition baseline-auto-topic-0096-0 broker=1] Log loaded for partition baseline-auto-topic-0096-0 with initial high watermark 0 (kafka.cluster.Partition)
[2026-03-09 17:26:22,086] INFO Sent auto-creation request for Set(baseline-auto-topic-0097) to the active controller. (kafka.server.DefaultAutoTopicCreationManager)
[2026-03-09 17:26:22,115] INFO [ReplicaFetcherManager on broker 1] Removed fetcher for partitions Set(baseline-auto-topic-0097-0) (kafka.server.ReplicaFetcherManager)
[2026-03-09 17:26:22,120] INFO [LogLoader partition=baseline-auto-topic-0097-0, dir=/tmp/kraft-combined-logs] Loading producer state till offset 0 (org.apache.kafka.storage.internals.log.UnifiedLog)
[2026-03-09 17:26:22,120] INFO Created log for partition baseline-auto-topic-0097-0 in /tmp/kraft-combined-logs/baseline-auto-topic-0097-0 with properties {} (kafka.log.LogManager)
[2026-03-09 17:26:22,120] INFO [Partition baseline-auto-topic-0097-0 broker=1] No checkpointed highwatermark is found for partition baseline-auto-topic-0097-0 (kafka.cluster.Partition)
[2026-03-09 17:26:22,120] INFO [Partition baseline-auto-topic-0097-0 broker=1] Log loaded for partition baseline-auto-topic-0097-0 with initial high watermark 0 (kafka.cluster.Partition)
[2026-03-09 17:26:22,300] INFO Sent auto-creation request for Set(baseline-auto-topic-0098) to the active controller. (kafka.server.DefaultAutoTopicCreationManager)
[2026-03-09 17:26:22,332] INFO [ReplicaFetcherManager on broker 1] Removed fetcher for partitions Set(baseline-auto-topic-0098-0) (kafka.server.ReplicaFetcherManager)
[2026-03-09 17:26:22,338] INFO [LogLoader partition=baseline-auto-topic-0098-0, dir=/tmp/kraft-combined-logs] Loading producer state till offset 0 (org.apache.kafka.storage.internals.log.UnifiedLog)
[2026-03-09 17:26:22,339] INFO Created log for partition baseline-auto-topic-0098-0 in /tmp/kraft-combined-logs/baseline-auto-topic-0098-0 with properties {} (kafka.log.LogManager)
[2026-03-09 17:26:22,339] INFO [Partition baseline-auto-topic-0098-0 broker=1] No checkpointed highwatermark is found for partition baseline-auto-topic-0098-0 (kafka.cluster.Partition)
[2026-03-09 17:26:22,339] INFO [Partition baseline-auto-topic-0098-0 broker=1] Log loaded for partition baseline-auto-topic-0098-0 with initial high watermark 0 (kafka.cluster.Partition)
[2026-03-09 17:26:22,518] INFO Sent auto-creation request for Set(baseline-auto-topic-0099) to the active controller. (kafka.server.DefaultAutoTopicCreationManager)
[2026-03-09 17:26:22,553] INFO [ReplicaFetcherManager on broker 1] Removed fetcher for partitions Set(baseline-auto-topic-0099-0) (kafka.server.ReplicaFetcherManager)
[2026-03-09 17:26:22,559] INFO [LogLoader partition=baseline-auto-topic-0099-0, dir=/tmp/kraft-combined-logs] Loading producer state till offset 0 (org.apache.kafka.storage.internals.log.UnifiedLog)
[2026-03-09 17:26:22,560] INFO Created log for partition baseline-auto-topic-0099-0 in /tmp/kraft-combined-logs/baseline-auto-topic-0099-0 with properties {} (kafka.log.LogManager)
[2026-03-09 17:26:22,560] INFO [Partition baseline-auto-topic-0099-0 broker=1] No checkpointed highwatermark is found for partition baseline-auto-topic-0099-0 (kafka.cluster.Partition)
[2026-03-09 17:26:22,560] INFO [Partition baseline-auto-topic-0099-0 broker=1] Log loaded for partition baseline-auto-topic-0099-0 with initial high watermark 0 (kafka.cluster.Partition)
[2026-03-09 17:26:22,734] INFO Sent auto-creation request for Set(baseline-auto-topic-0100) to the active controller. (kafka.server.DefaultAutoTopicCreationManager)
[2026-03-09 17:26:22,766] INFO [ReplicaFetcherManager on broker 1] Removed fetcher for partitions Set(baseline-auto-topic-0100-0) (kafka.server.ReplicaFetcherManager)
[2026-03-09 17:26:22,772] INFO [LogLoader partition=baseline-auto-topic-0100-0, dir=/tmp/kraft-combined-logs] Loading producer state till offset 0 (org.apache.kafka.storage.internals.log.UnifiedLog)
[2026-03-09 17:26:22,772] INFO Created log for partition baseline-auto-topic-0100-0 in /tmp/kraft-combined-logs/baseline-auto-topic-0100-0 with properties {} (kafka.log.LogManager)
[2026-03-09 17:26:22,773] INFO [Partition baseline-auto-topic-0100-0 broker=1] No checkpointed highwatermark is found for partition baseline-auto-topic-0100-0 (kafka.cluster.Partition)
[2026-03-09 17:26:22,773] INFO [Partition baseline-auto-topic-0100-0 broker=1] Log loaded for partition baseline-auto-topic-0100-0 with initial high watermark 0 (kafka.cluster.Partition)
[2026-03-09 17:26:22,951] INFO Sent auto-creation request for Set(baseline-auto-topic-0101) to the active controller. (kafka.server.DefaultAutoTopicCreationManager)
[2026-03-09 17:26:22,984] INFO [ReplicaFetcherManager on broker 1] Removed fetcher for partitions Set(baseline-auto-topic-0101-0) (kafka.server.ReplicaFetcherManager)
[2026-03-09 17:26:22,990] INFO [LogLoader partition=baseline-auto-topic-0101-0, dir=/tmp/kraft-combined-logs] Loading producer state till offset 0 (org.apache.kafka.storage.internals.log.UnifiedLog)
[2026-03-09 17:26:22,991] INFO Created log for partition baseline-auto-topic-0101-0 in /tmp/kraft-combined-logs/baseline-auto-topic-0101-0 with properties {} (kafka.log.LogManager)
[2026-03-09 17:26:22,991] INFO [Partition baseline-auto-topic-0101-0 broker=1] No checkpointed highwatermark is found for partition baseline-auto-topic-0101-0 (kafka.cluster.Partition)
[2026-03-09 17:26:22,991] INFO [Partition baseline-auto-topic-0101-0 broker=1] Log loaded for partition baseline-auto-topic-0101-0 with initial high watermark 0 (kafka.cluster.Partition)
[2026-03-09 17:26:23,163] INFO Sent auto-creation request for Set(baseline-auto-topic-0102) to the active controller. (kafka.server.DefaultAutoTopicCreationManager)
[2026-03-09 17:26:23,194] INFO [ReplicaFetcherManager on broker 1] Removed fetcher for partitions Set(baseline-auto-topic-0102-0) (kafka.server.ReplicaFetcherManager)
[2026-03-09 17:26:23,199] INFO [LogLoader partition=baseline-auto-topic-0102-0, dir=/tmp/kraft-combined-logs] Loading producer state till offset 0 (org.apache.kafka.storage.internals.log.UnifiedLog)
[2026-03-09 17:26:23,199] INFO Created log for partition baseline-auto-topic-0102-0 in /tmp/kraft-combined-logs/baseline-auto-topic-0102-0 with properties {} (kafka.log.LogManager)
[2026-03-09 17:26:23,200] INFO [Partition baseline-auto-topic-0102-0 broker=1] No checkpointed highwatermark is found for partition baseline-auto-topic-0102-0 (kafka.cluster.Partition)
[2026-03-09 17:26:23,200] INFO [Partition baseline-auto-topic-0102-0 broker=1] Log loaded for partition baseline-auto-topic-0102-0 with initial high watermark 0 (kafka.cluster.Partition)
[2026-03-09 17:26:23,373] INFO Sent auto-creation request for Set(baseline-auto-topic-0103) to the active controller. (kafka.server.DefaultAutoTopicCreationManager)
[2026-03-09 17:26:23,407] INFO [ReplicaFetcherManager on broker 1] Removed fetcher for partitions Set(baseline-auto-topic-0103-0) (kafka.server.ReplicaFetcherManager)
[2026-03-09 17:26:23,413] INFO [LogLoader partition=baseline-auto-topic-0103-0, dir=/tmp/kraft-combined-logs] Loading producer state till offset 0 (org.apache.kafka.storage.internals.log.UnifiedLog)
[2026-03-09 17:26:23,413] INFO Created log for partition baseline-auto-topic-0103-0 in /tmp/kraft-combined-logs/baseline-auto-topic-0103-0 with properties {} (kafka.log.LogManager)
[2026-03-09 17:26:23,414] INFO [Partition baseline-auto-topic-0103-0 broker=1] No checkpointed highwatermark is found for partition baseline-auto-topic-0103-0 (kafka.cluster.Partition)
[2026-03-09 17:26:23,414] INFO [Partition baseline-auto-topic-0103-0 broker=1] Log loaded for partition baseline-auto-topic-0103-0 with initial high watermark 0 (kafka.cluster.Partition)
[2026-03-09 17:26:23,587] INFO Sent auto-creation request for Set(baseline-auto-topic-0104) to the active controller. (kafka.server.DefaultAutoTopicCreationManager)
[2026-03-09 17:26:23,617] INFO [ReplicaFetcherManager on broker 1] Removed fetcher for partitions Set(baseline-auto-topic-0104-0) (kafka.server.ReplicaFetcherManager)
[2026-03-09 17:26:23,623] INFO [LogLoader partition=baseline-auto-topic-0104-0, dir=/tmp/kraft-combined-logs] Loading producer state till offset 0 (org.apache.kafka.storage.internals.log.UnifiedLog)
[2026-03-09 17:26:23,624] INFO Created log for partition baseline-auto-topic-0104-0 in /tmp/kraft-combined-logs/baseline-auto-topic-0104-0 with properties {} (kafka.log.LogManager)
[2026-03-09 17:26:23,625] INFO [Partition baseline-auto-topic-0104-0 broker=1] No checkpointed highwatermark is found for partition baseline-auto-topic-0104-0 (kafka.cluster.Partition)
[2026-03-09 17:26:23,625] INFO [Partition baseline-auto-topic-0104-0 broker=1] Log loaded for partition baseline-auto-topic-0104-0 with initial high watermark 0 (kafka.cluster.Partition)
[2026-03-09 17:26:23,804] INFO Sent auto-creation request for Set(baseline-auto-topic-0105) to the active controller. (kafka.server.DefaultAutoTopicCreationManager)
[2026-03-09 17:26:23,838] INFO [ReplicaFetcherManager on broker 1] Removed fetcher for partitions Set(baseline-auto-topic-0105-0) (kafka.server.ReplicaFetcherManager)
[2026-03-09 17:26:23,845] INFO [LogLoader partition=baseline-auto-topic-0105-0, dir=/tmp/kraft-combined-logs] Loading producer state till offset 0 (org.apache.kafka.storage.internals.log.UnifiedLog)
[2026-03-09 17:26:23,845] INFO Created log for partition baseline-auto-topic-0105-0 in /tmp/kraft-combined-logs/baseline-auto-topic-0105-0 with properties {} (kafka.log.LogManager)
[2026-03-09 17:26:23,846] INFO [Partition baseline-auto-topic-0105-0 broker=1] No checkpointed highwatermark is found for partition baseline-auto-topic-0105-0 (kafka.cluster.Partition)
[2026-03-09 17:26:23,846] INFO [Partition baseline-auto-topic-0105-0 broker=1] Log loaded for partition baseline-auto-topic-0105-0 with initial high watermark 0 (kafka.cluster.Partition)
[2026-03-09 17:26:24,020] INFO Sent auto-creation request for Set(baseline-auto-topic-0106) to the active controller. (kafka.server.DefaultAutoTopicCreationManager)
[2026-03-09 17:26:24,054] INFO [ReplicaFetcherManager on broker 1] Removed fetcher for partitions Set(baseline-auto-topic-0106-0) (kafka.server.ReplicaFetcherManager)
[2026-03-09 17:26:24,060] INFO [LogLoader partition=baseline-auto-topic-0106-0, dir=/tmp/kraft-combined-logs] Loading producer state till offset 0 (org.apache.kafka.storage.internals.log.UnifiedLog)
[2026-03-09 17:26:24,060] INFO Created log for partition baseline-auto-topic-0106-0 in /tmp/kraft-combined-logs/baseline-auto-topic-0106-0 with properties {} (kafka.log.LogManager)
[2026-03-09 17:26:24,060] INFO [Partition baseline-auto-topic-0106-0 broker=1] No checkpointed highwatermark is found for partition baseline-auto-topic-0106-0 (kafka.cluster.Partition)
[2026-03-09 17:26:24,060] INFO [Partition baseline-auto-topic-0106-0 broker=1] Log loaded for partition baseline-auto-topic-0106-0 with initial high watermark 0 (kafka.cluster.Partition)
[2026-03-09 17:26:24,238] INFO Sent auto-creation request for Set(baseline-auto-topic-0107) to the active controller. (kafka.server.DefaultAutoTopicCreationManager)
[2026-03-09 17:26:24,270] INFO [ReplicaFetcherManager on broker 1] Removed fetcher for partitions Set(baseline-auto-topic-0107-0) (kafka.server.ReplicaFetcherManager)
[2026-03-09 17:26:24,277] INFO [LogLoader partition=baseline-auto-topic-0107-0, dir=/tmp/kraft-combined-logs] Loading producer state till offset 0 (org.apache.kafka.storage.internals.log.UnifiedLog)
[2026-03-09 17:26:24,277] INFO Created log for partition baseline-auto-topic-0107-0 in /tmp/kraft-combined-logs/baseline-auto-topic-0107-0 with properties {} (kafka.log.LogManager)
[2026-03-09 17:26:24,278] INFO [Partition baseline-auto-topic-0107-0 broker=1] No checkpointed highwatermark is found for partition baseline-auto-topic-0107-0 (kafka.cluster.Partition)
[2026-03-09 17:26:24,278] INFO [Partition baseline-auto-topic-0107-0 broker=1] Log loaded for partition baseline-auto-topic-0107-0 with initial high watermark 0 (kafka.cluster.Partition)
[2026-03-09 17:26:24,455] INFO Sent auto-creation request for Set(baseline-auto-topic-0108) to the active controller. (kafka.server.DefaultAutoTopicCreationManager)
[2026-03-09 17:26:24,488] INFO [ReplicaFetcherManager on broker 1] Removed fetcher for partitions Set(baseline-auto-topic-0108-0) (kafka.server.ReplicaFetcherManager)
[2026-03-09 17:26:24,493] INFO [LogLoader partition=baseline-auto-topic-0108-0, dir=/tmp/kraft-combined-logs] Loading producer state till offset 0 (org.apache.kafka.storage.internals.log.UnifiedLog)
[2026-03-09 17:26:24,493] INFO Created log for partition baseline-auto-topic-0108-0 in /tmp/kraft-combined-logs/baseline-auto-topic-0108-0 with properties {} (kafka.log.LogManager)
[2026-03-09 17:26:24,494] INFO [Partition baseline-auto-topic-0108-0 broker=1] No checkpointed highwatermark is found for partition baseline-auto-topic-0108-0 (kafka.cluster.Partition)
[2026-03-09 17:26:24,494] INFO [Partition baseline-auto-topic-0108-0 broker=1] Log loaded for partition baseline-auto-topic-0108-0 with initial high watermark 0 (kafka.cluster.Partition)
[2026-03-09 17:26:24,673] INFO Sent auto-creation request for Set(baseline-auto-topic-0109) to the active controller. (kafka.server.DefaultAutoTopicCreationManager)
[2026-03-09 17:26:24,705] INFO [ReplicaFetcherManager on broker 1] Removed fetcher for partitions Set(baseline-auto-topic-0109-0) (kafka.server.ReplicaFetcherManager)
[2026-03-09 17:26:24,711] INFO [LogLoader partition=baseline-auto-topic-0109-0, dir=/tmp/kraft-combined-logs] Loading producer state till offset 0 (org.apache.kafka.storage.internals.log.UnifiedLog)
[2026-03-09 17:26:24,712] INFO Created log for partition baseline-auto-topic-0109-0 in /tmp/kraft-combined-logs/baseline-auto-topic-0109-0 with properties {} (kafka.log.LogManager)
[2026-03-09 17:26:24,712] INFO [Partition baseline-auto-topic-0109-0 broker=1] No checkpointed highwatermark is found for partition baseline-auto-topic-0109-0 (kafka.cluster.Partition)
[2026-03-09 17:26:24,712] INFO [Partition baseline-auto-topic-0109-0 broker=1] Log loaded for partition baseline-auto-topic-0109-0 with initial high watermark 0 (kafka.cluster.Partition)
[2026-03-09 17:26:24,890] INFO Sent auto-creation request for Set(baseline-auto-topic-0110) to the active controller. (kafka.server.DefaultAutoTopicCreationManager)
[2026-03-09 17:26:24,921] INFO [ReplicaFetcherManager on broker 1] Removed fetcher for partitions Set(baseline-auto-topic-0110-0) (kafka.server.ReplicaFetcherManager)
[2026-03-09 17:26:24,927] INFO [LogLoader partition=baseline-auto-topic-0110-0, dir=/tmp/kraft-combined-logs] Loading producer state till offset 0 (org.apache.kafka.storage.internals.log.UnifiedLog)
[2026-03-09 17:26:24,928] INFO Created log for partition baseline-auto-topic-0110-0 in /tmp/kraft-combined-logs/baseline-auto-topic-0110-0 with properties {} (kafka.log.LogManager)
[2026-03-09 17:26:24,928] INFO [Partition baseline-auto-topic-0110-0 broker=1] No checkpointed highwatermark is found for partition baseline-auto-topic-0110-0 (kafka.cluster.Partition)
[2026-03-09 17:26:24,928] INFO [Partition baseline-auto-topic-0110-0 broker=1] Log loaded for partition baseline-auto-topic-0110-0 with initial high watermark 0 (kafka.cluster.Partition)
[2026-03-09 17:26:25,106] INFO Sent auto-creation request for Set(baseline-auto-topic-0111) to the active controller. (kafka.server.DefaultAutoTopicCreationManager)
[2026-03-09 17:26:25,139] INFO [ReplicaFetcherManager on broker 1] Removed fetcher for partitions Set(baseline-auto-topic-0111-0) (kafka.server.ReplicaFetcherManager)
[2026-03-09 17:26:25,145] INFO [LogLoader partition=baseline-auto-topic-0111-0, dir=/tmp/kraft-combined-logs] Loading producer state till offset 0 (org.apache.kafka.storage.internals.log.UnifiedLog)
[2026-03-09 17:26:25,145] INFO Created log for partition baseline-auto-topic-0111-0 in /tmp/kraft-combined-logs/baseline-auto-topic-0111-0 with properties {} (kafka.log.LogManager)
[2026-03-09 17:26:25,146] INFO [Partition baseline-auto-topic-0111-0 broker=1] No checkpointed highwatermark is found for partition baseline-auto-topic-0111-0 (kafka.cluster.Partition)
[2026-03-09 17:26:25,146] INFO [Partition baseline-auto-topic-0111-0 broker=1] Log loaded for partition baseline-auto-topic-0111-0 with initial high watermark 0 (kafka.cluster.Partition)
[2026-03-09 17:26:25,319] INFO Sent auto-creation request for Set(baseline-auto-topic-0112) to the active controller. (kafka.server.DefaultAutoTopicCreationManager)
[2026-03-09 17:26:25,351] INFO [ReplicaFetcherManager on broker 1] Removed fetcher for partitions Set(baseline-auto-topic-0112-0) (kafka.server.ReplicaFetcherManager)
[2026-03-09 17:26:25,357] INFO [LogLoader partition=baseline-auto-topic-0112-0, dir=/tmp/kraft-combined-logs] Loading producer state till offset 0 (org.apache.kafka.storage.internals.log.UnifiedLog)
[2026-03-09 17:26:25,357] INFO Created log for partition baseline-auto-topic-0112-0 in /tmp/kraft-combined-logs/baseline-auto-topic-0112-0 with properties {} (kafka.log.LogManager)
[2026-03-09 17:26:25,357] INFO [Partition baseline-auto-topic-0112-0 broker=1] No checkpointed highwatermark is found for partition baseline-auto-topic-0112-0 (kafka.cluster.Partition)
[2026-03-09 17:26:25,357] INFO [Partition baseline-auto-topic-0112-0 broker=1] Log loaded for partition baseline-auto-topic-0112-0 with initial high watermark 0 (kafka.cluster.Partition)
[2026-03-09 17:26:25,533] INFO Sent auto-creation request for Set(baseline-auto-topic-0113) to the active controller. (kafka.server.DefaultAutoTopicCreationManager)
[2026-03-09 17:26:25,566] INFO [ReplicaFetcherManager on broker 1] Removed fetcher for partitions Set(baseline-auto-topic-0113-0) (kafka.server.ReplicaFetcherManager)
[2026-03-09 17:26:25,573] INFO [LogLoader partition=baseline-auto-topic-0113-0, dir=/tmp/kraft-combined-logs] Loading producer state till offset 0 (org.apache.kafka.storage.internals.log.UnifiedLog)
[2026-03-09 17:26:25,573] INFO Created log for partition baseline-auto-topic-0113-0 in /tmp/kraft-combined-logs/baseline-auto-topic-0113-0 with properties {} (kafka.log.LogManager)
[2026-03-09 17:26:25,574] INFO [Partition baseline-auto-topic-0113-0 broker=1] No checkpointed highwatermark is found for partition baseline-auto-topic-0113-0 (kafka.cluster.Partition)
[2026-03-09 17:26:25,574] INFO [Partition baseline-auto-topic-0113-0 broker=1] Log loaded for partition baseline-auto-topic-0113-0 with initial high watermark 0 (kafka.cluster.Partition)
[2026-03-09 17:26:25,743] INFO Sent auto-creation request for Set(baseline-auto-topic-0114) to the active controller. (kafka.server.DefaultAutoTopicCreationManager)
[2026-03-09 17:26:25,771] INFO [ReplicaFetcherManager on broker 1] Removed fetcher for partitions Set(baseline-auto-topic-0114-0) (kafka.server.ReplicaFetcherManager)
[2026-03-09 17:26:25,777] INFO [LogLoader partition=baseline-auto-topic-0114-0, dir=/tmp/kraft-combined-logs] Loading producer state till offset 0 (org.apache.kafka.storage.internals.log.UnifiedLog)
[2026-03-09 17:26:25,777] INFO Created log for partition baseline-auto-topic-0114-0 in /tmp/kraft-combined-logs/baseline-auto-topic-0114-0 with properties {} (kafka.log.LogManager)
[2026-03-09 17:26:25,777] INFO [Partition baseline-auto-topic-0114-0 broker=1] No checkpointed highwatermark is found for partition baseline-auto-topic-0114-0 (kafka.cluster.Partition)
[2026-03-09 17:26:25,777] INFO [Partition baseline-auto-topic-0114-0 broker=1] Log loaded for partition baseline-auto-topic-0114-0 with initial high watermark 0 (kafka.cluster.Partition)
[2026-03-09 17:26:25,958] INFO Sent auto-creation request for Set(baseline-auto-topic-0115) to the active controller. (kafka.server.DefaultAutoTopicCreationManager)
[2026-03-09 17:26:25,991] INFO [ReplicaFetcherManager on broker 1] Removed fetcher for partitions Set(baseline-auto-topic-0115-0) (kafka.server.ReplicaFetcherManager)
[2026-03-09 17:26:25,998] INFO [LogLoader partition=baseline-auto-topic-0115-0, dir=/tmp/kraft-combined-logs] Loading producer state till offset 0 (org.apache.kafka.storage.internals.log.UnifiedLog)
[2026-03-09 17:26:25,998] INFO Created log for partition baseline-auto-topic-0115-0 in /tmp/kraft-combined-logs/baseline-auto-topic-0115-0 with properties {} (kafka.log.LogManager)
[2026-03-09 17:26:25,999] INFO [Partition baseline-auto-topic-0115-0 broker=1] No checkpointed highwatermark is found for partition baseline-auto-topic-0115-0 (kafka.cluster.Partition)
[2026-03-09 17:26:25,999] INFO [Partition baseline-auto-topic-0115-0 broker=1] Log loaded for partition baseline-auto-topic-0115-0 with initial high watermark 0 (kafka.cluster.Partition)
[2026-03-09 17:26:26,176] INFO Sent auto-creation request for Set(baseline-auto-topic-0116) to the active controller. (kafka.server.DefaultAutoTopicCreationManager)
[2026-03-09 17:26:26,210] INFO [ReplicaFetcherManager on broker 1] Removed fetcher for partitions Set(baseline-auto-topic-0116-0) (kafka.server.ReplicaFetcherManager)
[2026-03-09 17:26:26,217] INFO [LogLoader partition=baseline-auto-topic-0116-0, dir=/tmp/kraft-combined-logs] Loading producer state till offset 0 (org.apache.kafka.storage.internals.log.UnifiedLog)
[2026-03-09 17:26:26,218] INFO Created log for partition baseline-auto-topic-0116-0 in /tmp/kraft-combined-logs/baseline-auto-topic-0116-0 with properties {} (kafka.log.LogManager)
[2026-03-09 17:26:26,218] INFO [Partition baseline-auto-topic-0116-0 broker=1] No checkpointed highwatermark is found for partition baseline-auto-topic-0116-0 (kafka.cluster.Partition)
[2026-03-09 17:26:26,218] INFO [Partition baseline-auto-topic-0116-0 broker=1] Log loaded for partition baseline-auto-topic-0116-0 with initial high watermark 0 (kafka.cluster.Partition)
[2026-03-09 17:26:26,395] INFO Sent auto-creation request for Set(baseline-auto-topic-0117) to the active controller. (kafka.server.DefaultAutoTopicCreationManager)
[2026-03-09 17:26:26,425] INFO [ReplicaFetcherManager on broker 1] Removed fetcher for partitions Set(baseline-auto-topic-0117-0) (kafka.server.ReplicaFetcherManager)
[2026-03-09 17:26:26,430] INFO [LogLoader partition=baseline-auto-topic-0117-0, dir=/tmp/kraft-combined-logs] Loading producer state till offset 0 (org.apache.kafka.storage.internals.log.UnifiedLog)
[2026-03-09 17:26:26,431] INFO Created log for partition baseline-auto-topic-0117-0 in /tmp/kraft-combined-logs/baseline-auto-topic-0117-0 with properties {} (kafka.log.LogManager)
[2026-03-09 17:26:26,431] INFO [Partition baseline-auto-topic-0117-0 broker=1] No checkpointed highwatermark is found for partition baseline-auto-topic-0117-0 (kafka.cluster.Partition)
[2026-03-09 17:26:26,431] INFO [Partition baseline-auto-topic-0117-0 broker=1] Log loaded for partition baseline-auto-topic-0117-0 with initial high watermark 0 (kafka.cluster.Partition)
[2026-03-09 17:26:26,610] INFO Sent auto-creation request for Set(baseline-auto-topic-0118) to the active controller. (kafka.server.DefaultAutoTopicCreationManager)
[2026-03-09 17:26:26,640] INFO [ReplicaFetcherManager on broker 1] Removed fetcher for partitions Set(baseline-auto-topic-0118-0) (kafka.server.ReplicaFetcherManager)
[2026-03-09 17:26:26,645] INFO [LogLoader partition=baseline-auto-topic-0118-0, dir=/tmp/kraft-combined-logs] Loading producer state till offset 0 (org.apache.kafka.storage.internals.log.UnifiedLog)
[2026-03-09 17:26:26,645] INFO Created log for partition baseline-auto-topic-0118-0 in /tmp/kraft-combined-logs/baseline-auto-topic-0118-0 with properties {} (kafka.log.LogManager)
[2026-03-09 17:26:26,645] INFO [Partition baseline-auto-topic-0118-0 broker=1] No checkpointed highwatermark is found for partition baseline-auto-topic-0118-0 (kafka.cluster.Partition)
[2026-03-09 17:26:26,645] INFO [Partition baseline-auto-topic-0118-0 broker=1] Log loaded for partition baseline-auto-topic-0118-0 with initial high watermark 0 (kafka.cluster.Partition)
[2026-03-09 17:26:26,818] INFO Sent auto-creation request for Set(baseline-auto-topic-0119) to the active controller. (kafka.server.DefaultAutoTopicCreationManager)
[2026-03-09 17:26:26,852] INFO [ReplicaFetcherManager on broker 1] Removed fetcher for partitions Set(baseline-auto-topic-0119-0) (kafka.server.ReplicaFetcherManager)
[2026-03-09 17:26:26,857] INFO [LogLoader partition=baseline-auto-topic-0119-0, dir=/tmp/kraft-combined-logs] Loading producer state till offset 0 (org.apache.kafka.storage.internals.log.UnifiedLog)
[2026-03-09 17:26:26,857] INFO Created log for partition baseline-auto-topic-0119-0 in /tmp/kraft-combined-logs/baseline-auto-topic-0119-0 with properties {} (kafka.log.LogManager)
[2026-03-09 17:26:26,858] INFO [Partition baseline-auto-topic-0119-0 broker=1] No checkpointed highwatermark is found for partition baseline-auto-topic-0119-0 (kafka.cluster.Partition)
[2026-03-09 17:26:26,858] INFO [Partition baseline-auto-topic-0119-0 broker=1] Log loaded for partition baseline-auto-topic-0119-0 with initial high watermark 0 (kafka.cluster.Partition)
[2026-03-09 17:26:27,030] INFO Sent auto-creation request for Set(baseline-auto-topic-0120) to the active controller. (kafka.server.DefaultAutoTopicCreationManager)
[2026-03-09 17:26:27,062] INFO [ReplicaFetcherManager on broker 1] Removed fetcher for partitions Set(baseline-auto-topic-0120-0) (kafka.server.ReplicaFetcherManager)
[2026-03-09 17:26:27,067] INFO [LogLoader partition=baseline-auto-topic-0120-0, dir=/tmp/kraft-combined-logs] Loading producer state till offset 0 (org.apache.kafka.storage.internals.log.UnifiedLog)
[2026-03-09 17:26:27,068] INFO Created log for partition baseline-auto-topic-0120-0 in /tmp/kraft-combined-logs/baseline-auto-topic-0120-0 with properties {} (kafka.log.LogManager)
[2026-03-09 17:26:27,068] INFO [Partition baseline-auto-topic-0120-0 broker=1] No checkpointed highwatermark is found for partition baseline-auto-topic-0120-0 (kafka.cluster.Partition)
[2026-03-09 17:26:27,068] INFO [Partition baseline-auto-topic-0120-0 broker=1] Log loaded for partition baseline-auto-topic-0120-0 with initial high watermark 0 (kafka.cluster.Partition)
[2026-03-09 17:26:27,244] INFO Sent auto-creation request for Set(baseline-auto-topic-0121) to the active controller. (kafka.server.DefaultAutoTopicCreationManager)
[2026-03-09 17:26:27,277] INFO [ReplicaFetcherManager on broker 1] Removed fetcher for partitions Set(baseline-auto-topic-0121-0) (kafka.server.ReplicaFetcherManager)
[2026-03-09 17:26:27,284] INFO [LogLoader partition=baseline-auto-topic-0121-0, dir=/tmp/kraft-combined-logs] Loading producer state till offset 0 (org.apache.kafka.storage.internals.log.UnifiedLog)
[2026-03-09 17:26:27,285] INFO Created log for partition baseline-auto-topic-0121-0 in /tmp/kraft-combined-logs/baseline-auto-topic-0121-0 with properties {} (kafka.log.LogManager)
[2026-03-09 17:26:27,285] INFO [Partition baseline-auto-topic-0121-0 broker=1] No checkpointed highwatermark is found for partition baseline-auto-topic-0121-0 (kafka.cluster.Partition)
[2026-03-09 17:26:27,285] INFO [Partition baseline-auto-topic-0121-0 broker=1] Log loaded for partition baseline-auto-topic-0121-0 with initial high watermark 0 (kafka.cluster.Partition)
[2026-03-09 17:26:27,462] INFO Sent auto-creation request for Set(baseline-auto-topic-0122) to the active controller. (kafka.server.DefaultAutoTopicCreationManager)
[2026-03-09 17:26:27,495] INFO [ReplicaFetcherManager on broker 1] Removed fetcher for partitions Set(baseline-auto-topic-0122-0) (kafka.server.ReplicaFetcherManager)
[2026-03-09 17:26:27,500] INFO [LogLoader partition=baseline-auto-topic-0122-0, dir=/tmp/kraft-combined-logs] Loading producer state till offset 0 (org.apache.kafka.storage.internals.log.UnifiedLog)
[2026-03-09 17:26:27,501] INFO Created log for partition baseline-auto-topic-0122-0 in /tmp/kraft-combined-logs/baseline-auto-topic-0122-0 with properties {} (kafka.log.LogManager)
[2026-03-09 17:26:27,501] INFO [Partition baseline-auto-topic-0122-0 broker=1] No checkpointed highwatermark is found for partition baseline-auto-topic-0122-0 (kafka.cluster.Partition)
[2026-03-09 17:26:27,501] INFO [Partition baseline-auto-topic-0122-0 broker=1] Log loaded for partition baseline-auto-topic-0122-0 with initial high watermark 0 (kafka.cluster.Partition)
[2026-03-09 17:26:27,700] INFO Sent auto-creation request for Set(baseline-auto-topic-0123) to the active controller. (kafka.server.DefaultAutoTopicCreationManager)
[2026-03-09 17:26:27,730] INFO [ReplicaFetcherManager on broker 1] Removed fetcher for partitions Set(baseline-auto-topic-0123-0) (kafka.server.ReplicaFetcherManager)
[2026-03-09 17:26:27,737] INFO [LogLoader partition=baseline-auto-topic-0123-0, dir=/tmp/kraft-combined-logs] Loading producer state till offset 0 (org.apache.kafka.storage.internals.log.UnifiedLog)
[2026-03-09 17:26:27,738] INFO Created log for partition baseline-auto-topic-0123-0 in /tmp/kraft-combined-logs/baseline-auto-topic-0123-0 with properties {} (kafka.log.LogManager)
[2026-03-09 17:26:27,738] INFO [Partition baseline-auto-topic-0123-0 broker=1] No checkpointed highwatermark is found for partition baseline-auto-topic-0123-0 (kafka.cluster.Partition)
[2026-03-09 17:26:27,738] INFO [Partition baseline-auto-topic-0123-0 broker=1] Log loaded for partition baseline-auto-topic-0123-0 with initial high watermark 0 (kafka.cluster.Partition)
[2026-03-09 17:26:27,918] INFO Sent auto-creation request for Set(baseline-auto-topic-0124) to the active controller. (kafka.server.DefaultAutoTopicCreationManager)
[2026-03-09 17:26:27,949] INFO [ReplicaFetcherManager on broker 1] Removed fetcher for partitions Set(baseline-auto-topic-0124-0) (kafka.server.ReplicaFetcherManager)
[2026-03-09 17:26:27,956] INFO [LogLoader partition=baseline-auto-topic-0124-0, dir=/tmp/kraft-combined-logs] Loading producer state till offset 0 (org.apache.kafka.storage.internals.log.UnifiedLog)
[2026-03-09 17:26:27,956] INFO Created log for partition baseline-auto-topic-0124-0 in /tmp/kraft-combined-logs/baseline-auto-topic-0124-0 with properties {} (kafka.log.LogManager)
[2026-03-09 17:26:27,957] INFO [Partition baseline-auto-topic-0124-0 broker=1] No checkpointed highwatermark is found for partition baseline-auto-topic-0124-0 (kafka.cluster.Partition)
[2026-03-09 17:26:27,957] INFO [Partition baseline-auto-topic-0124-0 broker=1] Log loaded for partition baseline-auto-topic-0124-0 with initial high watermark 0 (kafka.cluster.Partition)
[2026-03-09 17:26:28,134] INFO Sent auto-creation request for Set(baseline-auto-topic-0125) to the active controller. (kafka.server.DefaultAutoTopicCreationManager)
[2026-03-09 17:26:28,166] INFO [ReplicaFetcherManager on broker 1] Removed fetcher for partitions Set(baseline-auto-topic-0125-0) (kafka.server.ReplicaFetcherManager)
[2026-03-09 17:26:28,170] INFO [LogLoader partition=baseline-auto-topic-0125-0, dir=/tmp/kraft-combined-logs] Loading producer state till offset 0 (org.apache.kafka.storage.internals.log.UnifiedLog)
[2026-03-09 17:26:28,170] INFO Created log for partition baseline-auto-topic-0125-0 in /tmp/kraft-combined-logs/baseline-auto-topic-0125-0 with properties {} (kafka.log.LogManager)
[2026-03-09 17:26:28,170] INFO [Partition baseline-auto-topic-0125-0 broker=1] No checkpointed highwatermark is found for partition baseline-auto-topic-0125-0 (kafka.cluster.Partition)
[2026-03-09 17:26:28,170] INFO [Partition baseline-auto-topic-0125-0 broker=1] Log loaded for partition baseline-auto-topic-0125-0 with initial high watermark 0 (kafka.cluster.Partition)
[2026-03-09 17:26:28,344] INFO Sent auto-creation request for Set(baseline-auto-topic-0126) to the active controller. (kafka.server.DefaultAutoTopicCreationManager)
[2026-03-09 17:26:28,372] INFO [ReplicaFetcherManager on broker 1] Removed fetcher for partitions Set(baseline-auto-topic-0126-0) (kafka.server.ReplicaFetcherManager)
[2026-03-09 17:26:28,378] INFO [LogLoader partition=baseline-auto-topic-0126-0, dir=/tmp/kraft-combined-logs] Loading producer state till offset 0 (org.apache.kafka.storage.internals.log.UnifiedLog)
[2026-03-09 17:26:28,378] INFO Created log for partition baseline-auto-topic-0126-0 in /tmp/kraft-combined-logs/baseline-auto-topic-0126-0 with properties {} (kafka.log.LogManager)
[2026-03-09 17:26:28,378] INFO [Partition baseline-auto-topic-0126-0 broker=1] No checkpointed highwatermark is found for partition baseline-auto-topic-0126-0 (kafka.cluster.Partition)
[2026-03-09 17:26:28,378] INFO [Partition baseline-auto-topic-0126-0 broker=1] Log loaded for partition baseline-auto-topic-0126-0 with initial high watermark 0 (kafka.cluster.Partition)
[2026-03-09 17:26:28,559] INFO Sent auto-creation request for Set(baseline-auto-topic-0127) to the active controller. (kafka.server.DefaultAutoTopicCreationManager)
[2026-03-09 17:26:28,592] INFO [ReplicaFetcherManager on broker 1] Removed fetcher for partitions Set(baseline-auto-topic-0127-0) (kafka.server.ReplicaFetcherManager)
[2026-03-09 17:26:28,599] INFO [LogLoader partition=baseline-auto-topic-0127-0, dir=/tmp/kraft-combined-logs] Loading producer state till offset 0 (org.apache.kafka.storage.internals.log.UnifiedLog)
[2026-03-09 17:26:28,600] INFO Created log for partition baseline-auto-topic-0127-0 in /tmp/kraft-combined-logs/baseline-auto-topic-0127-0 with properties {} (kafka.log.LogManager)
[2026-03-09 17:26:28,600] INFO [Partition baseline-auto-topic-0127-0 broker=1] No checkpointed highwatermark is found for partition baseline-auto-topic-0127-0 (kafka.cluster.Partition)
[2026-03-09 17:26:28,600] INFO [Partition baseline-auto-topic-0127-0 broker=1] Log loaded for partition baseline-auto-topic-0127-0 with initial high watermark 0 (kafka.cluster.Partition)
[2026-03-09 17:26:28,777] INFO Sent auto-creation request for Set(baseline-auto-topic-0128) to the active controller. (kafka.server.DefaultAutoTopicCreationManager)
[2026-03-09 17:26:28,811] INFO [ReplicaFetcherManager on broker 1] Removed fetcher for partitions Set(baseline-auto-topic-0128-0) (kafka.server.ReplicaFetcherManager)
[2026-03-09 17:26:28,817] INFO [LogLoader partition=baseline-auto-topic-0128-0, dir=/tmp/kraft-combined-logs] Loading producer state till offset 0 (org.apache.kafka.storage.internals.log.UnifiedLog)
[2026-03-09 17:26:28,818] INFO Created log for partition baseline-auto-topic-0128-0 in /tmp/kraft-combined-logs/baseline-auto-topic-0128-0 with properties {} (kafka.log.LogManager)
[2026-03-09 17:26:28,818] INFO [Partition baseline-auto-topic-0128-0 broker=1] No checkpointed highwatermark is found for partition baseline-auto-topic-0128-0 (kafka.cluster.Partition)
[2026-03-09 17:26:28,818] INFO [Partition baseline-auto-topic-0128-0 broker=1] Log loaded for partition baseline-auto-topic-0128-0 with initial high watermark 0 (kafka.cluster.Partition)
[2026-03-09 17:26:28,995] INFO Sent auto-creation request for Set(baseline-auto-topic-0129) to the active controller. (kafka.server.DefaultAutoTopicCreationManager)
[2026-03-09 17:26:29,026] INFO [ReplicaFetcherManager on broker 1] Removed fetcher for partitions Set(baseline-auto-topic-0129-0) (kafka.server.ReplicaFetcherManager)
[2026-03-09 17:26:29,032] INFO [LogLoader partition=baseline-auto-topic-0129-0, dir=/tmp/kraft-combined-logs] Loading producer state till offset 0 (org.apache.kafka.storage.internals.log.UnifiedLog)
[2026-03-09 17:26:29,032] INFO Created log for partition baseline-auto-topic-0129-0 in /tmp/kraft-combined-logs/baseline-auto-topic-0129-0 with properties {} (kafka.log.LogManager)
[2026-03-09 17:26:29,033] INFO [Partition baseline-auto-topic-0129-0 broker=1] No checkpointed highwatermark is found for partition baseline-auto-topic-0129-0 (kafka.cluster.Partition)
[2026-03-09 17:26:29,033] INFO [Partition baseline-auto-topic-0129-0 broker=1] Log loaded for partition baseline-auto-topic-0129-0 with initial high watermark 0 (kafka.cluster.Partition)
[2026-03-09 17:26:29,213] INFO Sent auto-creation request for Set(baseline-auto-topic-0130) to the active controller. (kafka.server.DefaultAutoTopicCreationManager)
[2026-03-09 17:26:29,246] INFO [ReplicaFetcherManager on broker 1] Removed fetcher for partitions Set(baseline-auto-topic-0130-0) (kafka.server.ReplicaFetcherManager)
[2026-03-09 17:26:29,253] INFO [LogLoader partition=baseline-auto-topic-0130-0, dir=/tmp/kraft-combined-logs] Loading producer state till offset 0 (org.apache.kafka.storage.internals.log.UnifiedLog)
[2026-03-09 17:26:29,253] INFO Created log for partition baseline-auto-topic-0130-0 in /tmp/kraft-combined-logs/baseline-auto-topic-0130-0 with properties {} (kafka.log.LogManager)
[2026-03-09 17:26:29,254] INFO [Partition baseline-auto-topic-0130-0 broker=1] No checkpointed highwatermark is found for partition baseline-auto-topic-0130-0 (kafka.cluster.Partition)
[2026-03-09 17:26:29,254] INFO [Partition baseline-auto-topic-0130-0 broker=1] Log loaded for partition baseline-auto-topic-0130-0 with initial high watermark 0 (kafka.cluster.Partition)
[2026-03-09 17:26:29,432] INFO Sent auto-creation request for Set(baseline-auto-topic-0131) to the active controller. (kafka.server.DefaultAutoTopicCreationManager)
[2026-03-09 17:26:29,466] INFO [ReplicaFetcherManager on broker 1] Removed fetcher for partitions Set(baseline-auto-topic-0131-0) (kafka.server.ReplicaFetcherManager)
[2026-03-09 17:26:29,471] INFO [LogLoader partition=baseline-auto-topic-0131-0, dir=/tmp/kraft-combined-logs] Loading producer state till offset 0 (org.apache.kafka.storage.internals.log.UnifiedLog)
[2026-03-09 17:26:29,472] INFO Created log for partition baseline-auto-topic-0131-0 in /tmp/kraft-combined-logs/baseline-auto-topic-0131-0 with properties {} (kafka.log.LogManager)
[2026-03-09 17:26:29,472] INFO [Partition baseline-auto-topic-0131-0 broker=1] No checkpointed highwatermark is found for partition baseline-auto-topic-0131-0 (kafka.cluster.Partition)
[2026-03-09 17:26:29,472] INFO [Partition baseline-auto-topic-0131-0 broker=1] Log loaded for partition baseline-auto-topic-0131-0 with initial high watermark 0 (kafka.cluster.Partition)
[2026-03-09 17:26:29,652] INFO Sent auto-creation request for Set(baseline-auto-topic-0132) to the active controller. (kafka.server.DefaultAutoTopicCreationManager)
[2026-03-09 17:26:29,682] INFO [ReplicaFetcherManager on broker 1] Removed fetcher for partitions Set(baseline-auto-topic-0132-0) (kafka.server.ReplicaFetcherManager)
[2026-03-09 17:26:29,687] INFO [LogLoader partition=baseline-auto-topic-0132-0, dir=/tmp/kraft-combined-logs] Loading producer state till offset 0 (org.apache.kafka.storage.internals.log.UnifiedLog)
[2026-03-09 17:26:29,688] INFO Created log for partition baseline-auto-topic-0132-0 in /tmp/kraft-combined-logs/baseline-auto-topic-0132-0 with properties {} (kafka.log.LogManager)
[2026-03-09 17:26:29,688] INFO [Partition baseline-auto-topic-0132-0 broker=1] No checkpointed highwatermark is found for partition baseline-auto-topic-0132-0 (kafka.cluster.Partition)
[2026-03-09 17:26:29,688] INFO [Partition baseline-auto-topic-0132-0 broker=1] Log loaded for partition baseline-auto-topic-0132-0 with initial high watermark 0 (kafka.cluster.Partition)
[2026-03-09 17:26:29,871] INFO Sent auto-creation request for Set(baseline-auto-topic-0133) to the active controller. (kafka.server.DefaultAutoTopicCreationManager)
[2026-03-09 17:26:29,905] INFO [ReplicaFetcherManager on broker 1] Removed fetcher for partitions Set(baseline-auto-topic-0133-0) (kafka.server.ReplicaFetcherManager)
[2026-03-09 17:26:29,911] INFO [LogLoader partition=baseline-auto-topic-0133-0, dir=/tmp/kraft-combined-logs] Loading producer state till offset 0 (org.apache.kafka.storage.internals.log.UnifiedLog)
[2026-03-09 17:26:29,912] INFO Created log for partition baseline-auto-topic-0133-0 in /tmp/kraft-combined-logs/baseline-auto-topic-0133-0 with properties {} (kafka.log.LogManager)
[2026-03-09 17:26:29,912] INFO [Partition baseline-auto-topic-0133-0 broker=1] No checkpointed highwatermark is found for partition baseline-auto-topic-0133-0 (kafka.cluster.Partition)
[2026-03-09 17:26:29,912] INFO [Partition baseline-auto-topic-0133-0 broker=1] Log loaded for partition baseline-auto-topic-0133-0 with initial high watermark 0 (kafka.cluster.Partition)
[2026-03-09 17:26:30,091] INFO Sent auto-creation request for Set(baseline-auto-topic-0134) to the active controller. (kafka.server.DefaultAutoTopicCreationManager)
[2026-03-09 17:26:30,122] INFO [ReplicaFetcherManager on broker 1] Removed fetcher for partitions Set(baseline-auto-topic-0134-0) (kafka.server.ReplicaFetcherManager)
[2026-03-09 17:26:30,129] INFO [LogLoader partition=baseline-auto-topic-0134-0, dir=/tmp/kraft-combined-logs] Loading producer state till offset 0 (org.apache.kafka.storage.internals.log.UnifiedLog)
[2026-03-09 17:26:30,129] INFO Created log for partition baseline-auto-topic-0134-0 in /tmp/kraft-combined-logs/baseline-auto-topic-0134-0 with properties {} (kafka.log.LogManager)
[2026-03-09 17:26:30,129] INFO [Partition baseline-auto-topic-0134-0 broker=1] No checkpointed highwatermark is found for partition baseline-auto-topic-0134-0 (kafka.cluster.Partition)
[2026-03-09 17:26:30,130] INFO [Partition baseline-auto-topic-0134-0 broker=1] Log loaded for partition baseline-auto-topic-0134-0 with initial high watermark 0 (kafka.cluster.Partition)
[2026-03-09 17:26:30,311] INFO Sent auto-creation request for Set(baseline-auto-topic-0135) to the active controller. (kafka.server.DefaultAutoTopicCreationManager)
[2026-03-09 17:26:30,343] INFO [ReplicaFetcherManager on broker 1] Removed fetcher for partitions Set(baseline-auto-topic-0135-0) (kafka.server.ReplicaFetcherManager)
[2026-03-09 17:26:30,349] INFO [LogLoader partition=baseline-auto-topic-0135-0, dir=/tmp/kraft-combined-logs] Loading producer state till offset 0 (org.apache.kafka.storage.internals.log.UnifiedLog)
[2026-03-09 17:26:30,349] INFO Created log for partition baseline-auto-topic-0135-0 in /tmp/kraft-combined-logs/baseline-auto-topic-0135-0 with properties {} (kafka.log.LogManager)
[2026-03-09 17:26:30,349] INFO [Partition baseline-auto-topic-0135-0 broker=1] No checkpointed highwatermark is found for partition baseline-auto-topic-0135-0 (kafka.cluster.Partition)
[2026-03-09 17:26:30,349] INFO [Partition baseline-auto-topic-0135-0 broker=1] Log loaded for partition baseline-auto-topic-0135-0 with initial high watermark 0 (kafka.cluster.Partition)
[2026-03-09 17:26:30,529] INFO Sent auto-creation request for Set(baseline-auto-topic-0136) to the active controller. (kafka.server.DefaultAutoTopicCreationManager)
[2026-03-09 17:26:30,562] INFO [ReplicaFetcherManager on broker 1] Removed fetcher for partitions Set(baseline-auto-topic-0136-0) (kafka.server.ReplicaFetcherManager)
[2026-03-09 17:26:30,566] INFO [LogLoader partition=baseline-auto-topic-0136-0, dir=/tmp/kraft-combined-logs] Loading producer state till offset 0 (org.apache.kafka.storage.internals.log.UnifiedLog)
[2026-03-09 17:26:30,567] INFO Created log for partition baseline-auto-topic-0136-0 in /tmp/kraft-combined-logs/baseline-auto-topic-0136-0 with properties {} (kafka.log.LogManager)
[2026-03-09 17:26:30,567] INFO [Partition baseline-auto-topic-0136-0 broker=1] No checkpointed highwatermark is found for partition baseline-auto-topic-0136-0 (kafka.cluster.Partition)
[2026-03-09 17:26:30,567] INFO [Partition baseline-auto-topic-0136-0 broker=1] Log loaded for partition baseline-auto-topic-0136-0 with initial high watermark 0 (kafka.cluster.Partition)
[2026-03-09 17:26:30,741] INFO Sent auto-creation request for Set(baseline-auto-topic-0137) to the active controller. (kafka.server.DefaultAutoTopicCreationManager)
[2026-03-09 17:26:30,769] INFO [ReplicaFetcherManager on broker 1] Removed fetcher for partitions Set(baseline-auto-topic-0137-0) (kafka.server.ReplicaFetcherManager)
[2026-03-09 17:26:30,775] INFO [LogLoader partition=baseline-auto-topic-0137-0, dir=/tmp/kraft-combined-logs] Loading producer state till offset 0 (org.apache.kafka.storage.internals.log.UnifiedLog)
[2026-03-09 17:26:30,775] INFO Created log for partition baseline-auto-topic-0137-0 in /tmp/kraft-combined-logs/baseline-auto-topic-0137-0 with properties {} (kafka.log.LogManager)
[2026-03-09 17:26:30,775] INFO [Partition baseline-auto-topic-0137-0 broker=1] No checkpointed highwatermark is found for partition baseline-auto-topic-0137-0 (kafka.cluster.Partition)
[2026-03-09 17:26:30,775] INFO [Partition baseline-auto-topic-0137-0 broker=1] Log loaded for partition baseline-auto-topic-0137-0 with initial high watermark 0 (kafka.cluster.Partition)
[2026-03-09 17:26:30,957] INFO Sent auto-creation request for Set(baseline-auto-topic-0138) to the active controller. (kafka.server.DefaultAutoTopicCreationManager)
[2026-03-09 17:26:30,988] INFO [ReplicaFetcherManager on broker 1] Removed fetcher for partitions Set(baseline-auto-topic-0138-0) (kafka.server.ReplicaFetcherManager)
[2026-03-09 17:26:30,994] INFO [LogLoader partition=baseline-auto-topic-0138-0, dir=/tmp/kraft-combined-logs] Loading producer state till offset 0 (org.apache.kafka.storage.internals.log.UnifiedLog)
[2026-03-09 17:26:30,995] INFO Created log for partition baseline-auto-topic-0138-0 in /tmp/kraft-combined-logs/baseline-auto-topic-0138-0 with properties {} (kafka.log.LogManager)
[2026-03-09 17:26:30,996] INFO [Partition baseline-auto-topic-0138-0 broker=1] No checkpointed highwatermark is found for partition baseline-auto-topic-0138-0 (kafka.cluster.Partition)
[2026-03-09 17:26:30,996] INFO [Partition baseline-auto-topic-0138-0 broker=1] Log loaded for partition baseline-auto-topic-0138-0 with initial high watermark 0 (kafka.cluster.Partition)
[2026-03-09 17:26:31,175] INFO Sent auto-creation request for Set(baseline-auto-topic-0139) to the active controller. (kafka.server.DefaultAutoTopicCreationManager)
[2026-03-09 17:26:31,205] INFO [ReplicaFetcherManager on broker 1] Removed fetcher for partitions Set(baseline-auto-topic-0139-0) (kafka.server.ReplicaFetcherManager)
[2026-03-09 17:26:31,212] INFO [LogLoader partition=baseline-auto-topic-0139-0, dir=/tmp/kraft-combined-logs] Loading producer state till offset 0 (org.apache.kafka.storage.internals.log.UnifiedLog)
[2026-03-09 17:26:31,212] INFO Created log for partition baseline-auto-topic-0139-0 in /tmp/kraft-combined-logs/baseline-auto-topic-0139-0 with properties {} (kafka.log.LogManager)
[2026-03-09 17:26:31,213] INFO [Partition baseline-auto-topic-0139-0 broker=1] No checkpointed highwatermark is found for partition baseline-auto-topic-0139-0 (kafka.cluster.Partition)
[2026-03-09 17:26:31,213] INFO [Partition baseline-auto-topic-0139-0 broker=1] Log loaded for partition baseline-auto-topic-0139-0 with initial high watermark 0 (kafka.cluster.Partition)
[2026-03-09 17:26:31,393] INFO Sent auto-creation request for Set(baseline-auto-topic-0140) to the active controller. (kafka.server.DefaultAutoTopicCreationManager)
[2026-03-09 17:26:31,423] INFO [ReplicaFetcherManager on broker 1] Removed fetcher for partitions Set(baseline-auto-topic-0140-0) (kafka.server.ReplicaFetcherManager)
[2026-03-09 17:26:31,427] INFO [LogLoader partition=baseline-auto-topic-0140-0, dir=/tmp/kraft-combined-logs] Loading producer state till offset 0 (org.apache.kafka.storage.internals.log.UnifiedLog)
[2026-03-09 17:26:31,427] INFO Created log for partition baseline-auto-topic-0140-0 in /tmp/kraft-combined-logs/baseline-auto-topic-0140-0 with properties {} (kafka.log.LogManager)
[2026-03-09 17:26:31,427] INFO [Partition baseline-auto-topic-0140-0 broker=1] No checkpointed highwatermark is found for partition baseline-auto-topic-0140-0 (kafka.cluster.Partition)
[2026-03-09 17:26:31,427] INFO [Partition baseline-auto-topic-0140-0 broker=1] Log loaded for partition baseline-auto-topic-0140-0 with initial high watermark 0 (kafka.cluster.Partition)
[2026-03-09 17:26:31,604] INFO Sent auto-creation request for Set(baseline-auto-topic-0141) to the active controller. (kafka.server.DefaultAutoTopicCreationManager)
[2026-03-09 17:26:31,636] INFO [ReplicaFetcherManager on broker 1] Removed fetcher for partitions Set(baseline-auto-topic-0141-0) (kafka.server.ReplicaFetcherManager)
[2026-03-09 17:26:31,640] INFO [LogLoader partition=baseline-auto-topic-0141-0, dir=/tmp/kraft-combined-logs] Loading producer state till offset 0 (org.apache.kafka.storage.internals.log.UnifiedLog)
[2026-03-09 17:26:31,640] INFO Created log for partition baseline-auto-topic-0141-0 in /tmp/kraft-combined-logs/baseline-auto-topic-0141-0 with properties {} (kafka.log.LogManager)
[2026-03-09 17:26:31,640] INFO [Partition baseline-auto-topic-0141-0 broker=1] No checkpointed highwatermark is found for partition baseline-auto-topic-0141-0 (kafka.cluster.Partition)
[2026-03-09 17:26:31,640] INFO [Partition baseline-auto-topic-0141-0 broker=1] Log loaded for partition baseline-auto-topic-0141-0 with initial high watermark 0 (kafka.cluster.Partition)
[2026-03-09 17:26:31,816] INFO Sent auto-creation request for Set(baseline-auto-topic-0142) to the active controller. (kafka.server.DefaultAutoTopicCreationManager)
[2026-03-09 17:26:31,849] INFO [ReplicaFetcherManager on broker 1] Removed fetcher for partitions Set(baseline-auto-topic-0142-0) (kafka.server.ReplicaFetcherManager)
[2026-03-09 17:26:31,854] INFO [LogLoader partition=baseline-auto-topic-0142-0, dir=/tmp/kraft-combined-logs] Loading producer state till offset 0 (org.apache.kafka.storage.internals.log.UnifiedLog)
[2026-03-09 17:26:31,854] INFO Created log for partition baseline-auto-topic-0142-0 in /tmp/kraft-combined-logs/baseline-auto-topic-0142-0 with properties {} (kafka.log.LogManager)
[2026-03-09 17:26:31,855] INFO [Partition baseline-auto-topic-0142-0 broker=1] No checkpointed highwatermark is found for partition baseline-auto-topic-0142-0 (kafka.cluster.Partition)
[2026-03-09 17:26:31,855] INFO [Partition baseline-auto-topic-0142-0 broker=1] Log loaded for partition baseline-auto-topic-0142-0 with initial high watermark 0 (kafka.cluster.Partition)
[2026-03-09 17:26:32,037] INFO Sent auto-creation request for Set(baseline-auto-topic-0143) to the active controller. (kafka.server.DefaultAutoTopicCreationManager)
[2026-03-09 17:26:32,071] INFO [ReplicaFetcherManager on broker 1] Removed fetcher for partitions Set(baseline-auto-topic-0143-0) (kafka.server.ReplicaFetcherManager)
[2026-03-09 17:26:32,079] INFO [LogLoader partition=baseline-auto-topic-0143-0, dir=/tmp/kraft-combined-logs] Loading producer state till offset 0 (org.apache.kafka.storage.internals.log.UnifiedLog)
[2026-03-09 17:26:32,080] INFO Created log for partition baseline-auto-topic-0143-0 in /tmp/kraft-combined-logs/baseline-auto-topic-0143-0 with properties {} (kafka.log.LogManager)
[2026-03-09 17:26:32,080] INFO [Partition baseline-auto-topic-0143-0 broker=1] No checkpointed highwatermark is found for partition baseline-auto-topic-0143-0 (kafka.cluster.Partition)
[2026-03-09 17:26:32,080] INFO [Partition baseline-auto-topic-0143-0 broker=1] Log loaded for partition baseline-auto-topic-0143-0 with initial high watermark 0 (kafka.cluster.Partition)
[2026-03-09 17:26:32,259] INFO Sent auto-creation request for Set(baseline-auto-topic-0144) to the active controller. (kafka.server.DefaultAutoTopicCreationManager)
[2026-03-09 17:26:32,292] INFO [ReplicaFetcherManager on broker 1] Removed fetcher for partitions Set(baseline-auto-topic-0144-0) (kafka.server.ReplicaFetcherManager)
[2026-03-09 17:26:32,299] INFO [LogLoader partition=baseline-auto-topic-0144-0, dir=/tmp/kraft-combined-logs] Loading producer state till offset 0 (org.apache.kafka.storage.internals.log.UnifiedLog)
[2026-03-09 17:26:32,299] INFO Created log for partition baseline-auto-topic-0144-0 in /tmp/kraft-combined-logs/baseline-auto-topic-0144-0 with properties {} (kafka.log.LogManager)
[2026-03-09 17:26:32,299] INFO [Partition baseline-auto-topic-0144-0 broker=1] No checkpointed highwatermark is found for partition baseline-auto-topic-0144-0 (kafka.cluster.Partition)
[2026-03-09 17:26:32,299] INFO [Partition baseline-auto-topic-0144-0 broker=1] Log loaded for partition baseline-auto-topic-0144-0 with initial high watermark 0 (kafka.cluster.Partition)
[2026-03-09 17:26:32,480] INFO Sent auto-creation request for Set(baseline-auto-topic-0145) to the active controller. (kafka.server.DefaultAutoTopicCreationManager)
[2026-03-09 17:26:32,512] INFO [ReplicaFetcherManager on broker 1] Removed fetcher for partitions Set(baseline-auto-topic-0145-0) (kafka.server.ReplicaFetcherManager)
[2026-03-09 17:26:32,517] INFO [LogLoader partition=baseline-auto-topic-0145-0, dir=/tmp/kraft-combined-logs] Loading producer state till offset 0 (org.apache.kafka.storage.internals.log.UnifiedLog)
[2026-03-09 17:26:32,517] INFO Created log for partition baseline-auto-topic-0145-0 in /tmp/kraft-combined-logs/baseline-auto-topic-0145-0 with properties {} (kafka.log.LogManager)
[2026-03-09 17:26:32,518] INFO [Partition baseline-auto-topic-0145-0 broker=1] No checkpointed highwatermark is found for partition baseline-auto-topic-0145-0 (kafka.cluster.Partition)
[2026-03-09 17:26:32,518] INFO [Partition baseline-auto-topic-0145-0 broker=1] Log loaded for partition baseline-auto-topic-0145-0 with initial high watermark 0 (kafka.cluster.Partition)
[2026-03-09 17:26:32,699] INFO Sent auto-creation request for Set(baseline-auto-topic-0146) to the active controller. (kafka.server.DefaultAutoTopicCreationManager)
[2026-03-09 17:26:32,714] INFO [ReplicaFetcherManager on broker 1] Removed fetcher for partitions Set(baseline-auto-topic-0146-0) (kafka.server.ReplicaFetcherManager)
[2026-03-09 17:26:32,719] INFO [LogLoader partition=baseline-auto-topic-0146-0, dir=/tmp/kraft-combined-logs] Loading producer state till offset 0 (org.apache.kafka.storage.internals.log.UnifiedLog)
[2026-03-09 17:26:32,720] INFO Created log for partition baseline-auto-topic-0146-0 in /tmp/kraft-combined-logs/baseline-auto-topic-0146-0 with properties {} (kafka.log.LogManager)
[2026-03-09 17:26:32,720] INFO [Partition baseline-auto-topic-0146-0 broker=1] No checkpointed highwatermark is found for partition baseline-auto-topic-0146-0 (kafka.cluster.Partition)
[2026-03-09 17:26:32,720] INFO [Partition baseline-auto-topic-0146-0 broker=1] Log loaded for partition baseline-auto-topic-0146-0 with initial high watermark 0 (kafka.cluster.Partition)
[2026-03-09 17:26:32,916] INFO Sent auto-creation request for Set(baseline-auto-topic-0147) to the active controller. (kafka.server.DefaultAutoTopicCreationManager)
[2026-03-09 17:26:32,947] INFO [ReplicaFetcherManager on broker 1] Removed fetcher for partitions Set(baseline-auto-topic-0147-0) (kafka.server.ReplicaFetcherManager)
[2026-03-09 17:26:32,954] INFO [LogLoader partition=baseline-auto-topic-0147-0, dir=/tmp/kraft-combined-logs] Loading producer state till offset 0 (org.apache.kafka.storage.internals.log.UnifiedLog)
[2026-03-09 17:26:32,955] INFO Created log for partition baseline-auto-topic-0147-0 in /tmp/kraft-combined-logs/baseline-auto-topic-0147-0 with properties {} (kafka.log.LogManager)
[2026-03-09 17:26:32,955] INFO [Partition baseline-auto-topic-0147-0 broker=1] No checkpointed highwatermark is found for partition baseline-auto-topic-0147-0 (kafka.cluster.Partition)
[2026-03-09 17:26:32,955] INFO [Partition baseline-auto-topic-0147-0 broker=1] Log loaded for partition baseline-auto-topic-0147-0 with initial high watermark 0 (kafka.cluster.Partition)
[2026-03-09 17:26:33,134] INFO Sent auto-creation request for Set(baseline-auto-topic-0148) to the active controller. (kafka.server.DefaultAutoTopicCreationManager)
[2026-03-09 17:26:33,164] INFO [ReplicaFetcherManager on broker 1] Removed fetcher for partitions Set(baseline-auto-topic-0148-0) (kafka.server.ReplicaFetcherManager)
[2026-03-09 17:26:33,169] INFO [LogLoader partition=baseline-auto-topic-0148-0, dir=/tmp/kraft-combined-logs] Loading producer state till offset 0 (org.apache.kafka.storage.internals.log.UnifiedLog)
[2026-03-09 17:26:33,169] INFO Created log for partition baseline-auto-topic-0148-0 in /tmp/kraft-combined-logs/baseline-auto-topic-0148-0 with properties {} (kafka.log.LogManager)
[2026-03-09 17:26:33,169] INFO [Partition baseline-auto-topic-0148-0 broker=1] No checkpointed highwatermark is found for partition baseline-auto-topic-0148-0 (kafka.cluster.Partition)
[2026-03-09 17:26:33,169] INFO [Partition baseline-auto-topic-0148-0 broker=1] Log loaded for partition baseline-auto-topic-0148-0 with initial high watermark 0 (kafka.cluster.Partition)
[2026-03-09 17:26:33,345] INFO Sent auto-creation request for Set(baseline-auto-topic-0149) to the active controller. (kafka.server.DefaultAutoTopicCreationManager)
[2026-03-09 17:26:33,377] INFO [ReplicaFetcherManager on broker 1] Removed fetcher for partitions Set(baseline-auto-topic-0149-0) (kafka.server.ReplicaFetcherManager)
[2026-03-09 17:26:33,382] INFO [LogLoader partition=baseline-auto-topic-0149-0, dir=/tmp/kraft-combined-logs] Loading producer state till offset 0 (org.apache.kafka.storage.internals.log.UnifiedLog)
[2026-03-09 17:26:33,382] INFO Created log for partition baseline-auto-topic-0149-0 in /tmp/kraft-combined-logs/baseline-auto-topic-0149-0 with properties {} (kafka.log.LogManager)
[2026-03-09 17:26:33,382] INFO [Partition baseline-auto-topic-0149-0 broker=1] No checkpointed highwatermark is found for partition baseline-auto-topic-0149-0 (kafka.cluster.Partition)
[2026-03-09 17:26:33,382] INFO [Partition baseline-auto-topic-0149-0 broker=1] Log loaded for partition baseline-auto-topic-0149-0 with initial high watermark 0 (kafka.cluster.Partition)
[2026-03-09 17:26:33,561] INFO Sent auto-creation request for Set(baseline-auto-topic-0150) to the active controller. (kafka.server.DefaultAutoTopicCreationManager)
[2026-03-09 17:26:33,594] INFO [ReplicaFetcherManager on broker 1] Removed fetcher for partitions Set(baseline-auto-topic-0150-0) (kafka.server.ReplicaFetcherManager)
[2026-03-09 17:26:33,600] INFO [LogLoader partition=baseline-auto-topic-0150-0, dir=/tmp/kraft-combined-logs] Loading producer state till offset 0 (org.apache.kafka.storage.internals.log.UnifiedLog)
[2026-03-09 17:26:33,600] INFO Created log for partition baseline-auto-topic-0150-0 in /tmp/kraft-combined-logs/baseline-auto-topic-0150-0 with properties {} (kafka.log.LogManager)
[2026-03-09 17:26:33,600] INFO [Partition baseline-auto-topic-0150-0 broker=1] No checkpointed highwatermark is found for partition baseline-auto-topic-0150-0 (kafka.cluster.Partition)
[2026-03-09 17:26:33,600] INFO [Partition baseline-auto-topic-0150-0 broker=1] Log loaded for partition baseline-auto-topic-0150-0 with initial high watermark 0 (kafka.cluster.Partition)
[2026-03-09 17:26:33,780] INFO Sent auto-creation request for Set(baseline-auto-topic-0151) to the active controller. (kafka.server.DefaultAutoTopicCreationManager)
[2026-03-09 17:26:33,814] INFO [ReplicaFetcherManager on broker 1] Removed fetcher for partitions Set(baseline-auto-topic-0151-0) (kafka.server.ReplicaFetcherManager)
[2026-03-09 17:26:33,820] INFO [LogLoader partition=baseline-auto-topic-0151-0, dir=/tmp/kraft-combined-logs] Loading producer state till offset 0 (org.apache.kafka.storage.internals.log.UnifiedLog)
[2026-03-09 17:26:33,820] INFO Created log for partition baseline-auto-topic-0151-0 in /tmp/kraft-combined-logs/baseline-auto-topic-0151-0 with properties {} (kafka.log.LogManager)
[2026-03-09 17:26:33,821] INFO [Partition baseline-auto-topic-0151-0 broker=1] No checkpointed highwatermark is found for partition baseline-auto-topic-0151-0 (kafka.cluster.Partition)
[2026-03-09 17:26:33,821] INFO [Partition baseline-auto-topic-0151-0 broker=1] Log loaded for partition baseline-auto-topic-0151-0 with initial high watermark 0 (kafka.cluster.Partition)
[2026-03-09 17:26:34,001] INFO Sent auto-creation request for Set(baseline-auto-topic-0152) to the active controller. (kafka.server.DefaultAutoTopicCreationManager)
[2026-03-09 17:26:34,035] INFO [ReplicaFetcherManager on broker 1] Removed fetcher for partitions Set(baseline-auto-topic-0152-0) (kafka.server.ReplicaFetcherManager)
[2026-03-09 17:26:34,041] INFO [LogLoader partition=baseline-auto-topic-0152-0, dir=/tmp/kraft-combined-logs] Loading producer state till offset 0 (org.apache.kafka.storage.internals.log.UnifiedLog)
[2026-03-09 17:26:34,041] INFO Created log for partition baseline-auto-topic-0152-0 in /tmp/kraft-combined-logs/baseline-auto-topic-0152-0 with properties {} (kafka.log.LogManager)
[2026-03-09 17:26:34,041] INFO [Partition baseline-auto-topic-0152-0 broker=1] No checkpointed highwatermark is found for partition baseline-auto-topic-0152-0 (kafka.cluster.Partition)
[2026-03-09 17:26:34,041] INFO [Partition baseline-auto-topic-0152-0 broker=1] Log loaded for partition baseline-auto-topic-0152-0 with initial high watermark 0 (kafka.cluster.Partition)
[2026-03-09 17:26:34,229] INFO Sent auto-creation request for Set(baseline-auto-topic-0153) to the active controller. (kafka.server.DefaultAutoTopicCreationManager)
[2026-03-09 17:26:34,261] INFO [ReplicaFetcherManager on broker 1] Removed fetcher for partitions Set(baseline-auto-topic-0153-0) (kafka.server.ReplicaFetcherManager)
[2026-03-09 17:26:34,268] INFO [LogLoader partition=baseline-auto-topic-0153-0, dir=/tmp/kraft-combined-logs] Loading producer state till offset 0 (org.apache.kafka.storage.internals.log.UnifiedLog)
[2026-03-09 17:26:34,269] INFO Created log for partition baseline-auto-topic-0153-0 in /tmp/kraft-combined-logs/baseline-auto-topic-0153-0 with properties {} (kafka.log.LogManager)
[2026-03-09 17:26:34,269] INFO [Partition baseline-auto-topic-0153-0 broker=1] No checkpointed highwatermark is found for partition baseline-auto-topic-0153-0 (kafka.cluster.Partition)
[2026-03-09 17:26:34,269] INFO [Partition baseline-auto-topic-0153-0 broker=1] Log loaded for partition baseline-auto-topic-0153-0 with initial high watermark 0 (kafka.cluster.Partition)
[2026-03-09 17:26:34,449] INFO Sent auto-creation request for Set(baseline-auto-topic-0154) to the active controller. (kafka.server.DefaultAutoTopicCreationManager)
[2026-03-09 17:26:34,482] INFO [ReplicaFetcherManager on broker 1] Removed fetcher for partitions Set(baseline-auto-topic-0154-0) (kafka.server.ReplicaFetcherManager)
[2026-03-09 17:26:34,488] INFO [LogLoader partition=baseline-auto-topic-0154-0, dir=/tmp/kraft-combined-logs] Loading producer state till offset 0 (org.apache.kafka.storage.internals.log.UnifiedLog)
[2026-03-09 17:26:34,488] INFO Created log for partition baseline-auto-topic-0154-0 in /tmp/kraft-combined-logs/baseline-auto-topic-0154-0 with properties {} (kafka.log.LogManager)
[2026-03-09 17:26:34,489] INFO [Partition baseline-auto-topic-0154-0 broker=1] No checkpointed highwatermark is found for partition baseline-auto-topic-0154-0 (kafka.cluster.Partition)
[2026-03-09 17:26:34,489] INFO [Partition baseline-auto-topic-0154-0 broker=1] Log loaded for partition baseline-auto-topic-0154-0 with initial high watermark 0 (kafka.cluster.Partition)
[2026-03-09 17:26:34,668] INFO Sent auto-creation request for Set(baseline-auto-topic-0155) to the active controller. (kafka.server.DefaultAutoTopicCreationManager)
[2026-03-09 17:26:34,700] INFO [ReplicaFetcherManager on broker 1] Removed fetcher for partitions Set(baseline-auto-topic-0155-0) (kafka.server.ReplicaFetcherManager)
[2026-03-09 17:26:34,707] INFO [LogLoader partition=baseline-auto-topic-0155-0, dir=/tmp/kraft-combined-logs] Loading producer state till offset 0 (org.apache.kafka.storage.internals.log.UnifiedLog)
[2026-03-09 17:26:34,707] INFO Created log for partition baseline-auto-topic-0155-0 in /tmp/kraft-combined-logs/baseline-auto-topic-0155-0 with properties {} (kafka.log.LogManager)
[2026-03-09 17:26:34,708] INFO [Partition baseline-auto-topic-0155-0 broker=1] No checkpointed highwatermark is found for partition baseline-auto-topic-0155-0 (kafka.cluster.Partition)
[2026-03-09 17:26:34,708] INFO [Partition baseline-auto-topic-0155-0 broker=1] Log loaded for partition baseline-auto-topic-0155-0 with initial high watermark 0 (kafka.cluster.Partition)
[2026-03-09 17:26:34,885] INFO Sent auto-creation request for Set(baseline-auto-topic-0156) to the active controller. (kafka.server.DefaultAutoTopicCreationManager)
[2026-03-09 17:26:34,919] INFO [ReplicaFetcherManager on broker 1] Removed fetcher for partitions Set(baseline-auto-topic-0156-0) (kafka.server.ReplicaFetcherManager)
[2026-03-09 17:26:34,925] INFO [LogLoader partition=baseline-auto-topic-0156-0, dir=/tmp/kraft-combined-logs] Loading producer state till offset 0 (org.apache.kafka.storage.internals.log.UnifiedLog)
[2026-03-09 17:26:34,926] INFO Created log for partition baseline-auto-topic-0156-0 in /tmp/kraft-combined-logs/baseline-auto-topic-0156-0 with properties {} (kafka.log.LogManager)
[2026-03-09 17:26:34,926] INFO [Partition baseline-auto-topic-0156-0 broker=1] No checkpointed highwatermark is found for partition baseline-auto-topic-0156-0 (kafka.cluster.Partition)
[2026-03-09 17:26:34,926] INFO [Partition baseline-auto-topic-0156-0 broker=1] Log loaded for partition baseline-auto-topic-0156-0 with initial high watermark 0 (kafka.cluster.Partition)
[2026-03-09 17:26:35,106] INFO Sent auto-creation request for Set(baseline-auto-topic-0157) to the active controller. (kafka.server.DefaultAutoTopicCreationManager)
[2026-03-09 17:26:35,140] INFO [ReplicaFetcherManager on broker 1] Removed fetcher for partitions Set(baseline-auto-topic-0157-0) (kafka.server.ReplicaFetcherManager)
[2026-03-09 17:26:35,146] INFO [LogLoader partition=baseline-auto-topic-0157-0, dir=/tmp/kraft-combined-logs] Loading producer state till offset 0 (org.apache.kafka.storage.internals.log.UnifiedLog)
[2026-03-09 17:26:35,147] INFO Created log for partition baseline-auto-topic-0157-0 in /tmp/kraft-combined-logs/baseline-auto-topic-0157-0 with properties {} (kafka.log.LogManager)
[2026-03-09 17:26:35,147] INFO [Partition baseline-auto-topic-0157-0 broker=1] No checkpointed highwatermark is found for partition baseline-auto-topic-0157-0 (kafka.cluster.Partition)
[2026-03-09 17:26:35,147] INFO [Partition baseline-auto-topic-0157-0 broker=1] Log loaded for partition baseline-auto-topic-0157-0 with initial high watermark 0 (kafka.cluster.Partition)
[2026-03-09 17:26:35,328] INFO Sent auto-creation request for Set(baseline-auto-topic-0158) to the active controller. (kafka.server.DefaultAutoTopicCreationManager)
[2026-03-09 17:26:35,359] INFO [ReplicaFetcherManager on broker 1] Removed fetcher for partitions Set(baseline-auto-topic-0158-0) (kafka.server.ReplicaFetcherManager)
[2026-03-09 17:26:35,365] INFO [LogLoader partition=baseline-auto-topic-0158-0, dir=/tmp/kraft-combined-logs] Loading producer state till offset 0 (org.apache.kafka.storage.internals.log.UnifiedLog)
[2026-03-09 17:26:35,365] INFO Created log for partition baseline-auto-topic-0158-0 in /tmp/kraft-combined-logs/baseline-auto-topic-0158-0 with properties {} (kafka.log.LogManager)
[2026-03-09 17:26:35,366] INFO [Partition baseline-auto-topic-0158-0 broker=1] No checkpointed highwatermark is found for partition baseline-auto-topic-0158-0 (kafka.cluster.Partition)
[2026-03-09 17:26:35,366] INFO [Partition baseline-auto-topic-0158-0 broker=1] Log loaded for partition baseline-auto-topic-0158-0 with initial high watermark 0 (kafka.cluster.Partition)
[2026-03-09 17:26:35,550] INFO Sent auto-creation request for Set(baseline-auto-topic-0159) to the active controller. (kafka.server.DefaultAutoTopicCreationManager)
[2026-03-09 17:26:35,583] INFO [ReplicaFetcherManager on broker 1] Removed fetcher for partitions Set(baseline-auto-topic-0159-0) (kafka.server.ReplicaFetcherManager)
[2026-03-09 17:26:35,589] INFO [LogLoader partition=baseline-auto-topic-0159-0, dir=/tmp/kraft-combined-logs] Loading producer state till offset 0 (org.apache.kafka.storage.internals.log.UnifiedLog)
[2026-03-09 17:26:35,590] INFO Created log for partition baseline-auto-topic-0159-0 in /tmp/kraft-combined-logs/baseline-auto-topic-0159-0 with properties {} (kafka.log.LogManager)
[2026-03-09 17:26:35,591] INFO [Partition baseline-auto-topic-0159-0 broker=1] No checkpointed highwatermark is found for partition baseline-auto-topic-0159-0 (kafka.cluster.Partition)
[2026-03-09 17:26:35,591] INFO [Partition baseline-auto-topic-0159-0 broker=1] Log loaded for partition baseline-auto-topic-0159-0 with initial high watermark 0 (kafka.cluster.Partition)
[2026-03-09 17:26:35,772] INFO Sent auto-creation request for Set(baseline-auto-topic-0160) to the active controller. (kafka.server.DefaultAutoTopicCreationManager)
[2026-03-09 17:26:35,804] INFO [ReplicaFetcherManager on broker 1] Removed fetcher for partitions Set(baseline-auto-topic-0160-0) (kafka.server.ReplicaFetcherManager)
[2026-03-09 17:26:35,811] INFO [LogLoader partition=baseline-auto-topic-0160-0, dir=/tmp/kraft-combined-logs] Loading producer state till offset 0 (org.apache.kafka.storage.internals.log.UnifiedLog)
[2026-03-09 17:26:35,811] INFO Created log for partition baseline-auto-topic-0160-0 in /tmp/kraft-combined-logs/baseline-auto-topic-0160-0 with properties {} (kafka.log.LogManager)
[2026-03-09 17:26:35,812] INFO [Partition baseline-auto-topic-0160-0 broker=1] No checkpointed highwatermark is found for partition baseline-auto-topic-0160-0 (kafka.cluster.Partition)
[2026-03-09 17:26:35,812] INFO [Partition baseline-auto-topic-0160-0 broker=1] Log loaded for partition baseline-auto-topic-0160-0 with initial high watermark 0 (kafka.cluster.Partition)
[2026-03-09 17:26:35,992] INFO Sent auto-creation request for Set(baseline-auto-topic-0161) to the active controller. (kafka.server.DefaultAutoTopicCreationManager)
[2026-03-09 17:26:36,025] INFO [ReplicaFetcherManager on broker 1] Removed fetcher for partitions Set(baseline-auto-topic-0161-0) (kafka.server.ReplicaFetcherManager)
[2026-03-09 17:26:36,030] INFO [LogLoader partition=baseline-auto-topic-0161-0, dir=/tmp/kraft-combined-logs] Loading producer state till offset 0 (org.apache.kafka.storage.internals.log.UnifiedLog)
[2026-03-09 17:26:36,031] INFO Created log for partition baseline-auto-topic-0161-0 in /tmp/kraft-combined-logs/baseline-auto-topic-0161-0 with properties {} (kafka.log.LogManager)
[2026-03-09 17:26:36,031] INFO [Partition baseline-auto-topic-0161-0 broker=1] No checkpointed highwatermark is found for partition baseline-auto-topic-0161-0 (kafka.cluster.Partition)
[2026-03-09 17:26:36,031] INFO [Partition baseline-auto-topic-0161-0 broker=1] Log loaded for partition baseline-auto-topic-0161-0 with initial high watermark 0 (kafka.cluster.Partition)
[2026-03-09 17:26:36,213] INFO Sent auto-creation request for Set(baseline-auto-topic-0162) to the active controller. (kafka.server.DefaultAutoTopicCreationManager)
[2026-03-09 17:26:36,245] INFO [ReplicaFetcherManager on broker 1] Removed fetcher for partitions Set(baseline-auto-topic-0162-0) (kafka.server.ReplicaFetcherManager)
[2026-03-09 17:26:36,251] INFO [LogLoader partition=baseline-auto-topic-0162-0, dir=/tmp/kraft-combined-logs] Loading producer state till offset 0 (org.apache.kafka.storage.internals.log.UnifiedLog)
[2026-03-09 17:26:36,252] INFO Created log for partition baseline-auto-topic-0162-0 in /tmp/kraft-combined-logs/baseline-auto-topic-0162-0 with properties {} (kafka.log.LogManager)
[2026-03-09 17:26:36,252] INFO [Partition baseline-auto-topic-0162-0 broker=1] No checkpointed highwatermark is found for partition baseline-auto-topic-0162-0 (kafka.cluster.Partition)
[2026-03-09 17:26:36,252] INFO [Partition baseline-auto-topic-0162-0 broker=1] Log loaded for partition baseline-auto-topic-0162-0 with initial high watermark 0 (kafka.cluster.Partition)
[2026-03-09 17:26:36,436] INFO Sent auto-creation request for Set(baseline-auto-topic-0163) to the active controller. (kafka.server.DefaultAutoTopicCreationManager)
[2026-03-09 17:26:36,466] INFO [ReplicaFetcherManager on broker 1] Removed fetcher for partitions Set(baseline-auto-topic-0163-0) (kafka.server.ReplicaFetcherManager)
[2026-03-09 17:26:36,472] INFO [LogLoader partition=baseline-auto-topic-0163-0, dir=/tmp/kraft-combined-logs] Loading producer state till offset 0 (org.apache.kafka.storage.internals.log.UnifiedLog)
[2026-03-09 17:26:36,472] INFO Created log for partition baseline-auto-topic-0163-0 in /tmp/kraft-combined-logs/baseline-auto-topic-0163-0 with properties {} (kafka.log.LogManager)
[2026-03-09 17:26:36,473] INFO [Partition baseline-auto-topic-0163-0 broker=1] No checkpointed highwatermark is found for partition baseline-auto-topic-0163-0 (kafka.cluster.Partition)
[2026-03-09 17:26:36,473] INFO [Partition baseline-auto-topic-0163-0 broker=1] Log loaded for partition baseline-auto-topic-0163-0 with initial high watermark 0 (kafka.cluster.Partition)
[2026-03-09 17:26:36,657] INFO Sent auto-creation request for Set(baseline-auto-topic-0164) to the active controller. (kafka.server.DefaultAutoTopicCreationManager)
[2026-03-09 17:26:36,691] INFO [ReplicaFetcherManager on broker 1] Removed fetcher for partitions Set(baseline-auto-topic-0164-0) (kafka.server.ReplicaFetcherManager)
[2026-03-09 17:26:36,697] INFO [LogLoader partition=baseline-auto-topic-0164-0, dir=/tmp/kraft-combined-logs] Loading producer state till offset 0 (org.apache.kafka.storage.internals.log.UnifiedLog)
[2026-03-09 17:26:36,698] INFO Created log for partition baseline-auto-topic-0164-0 in /tmp/kraft-combined-logs/baseline-auto-topic-0164-0 with properties {} (kafka.log.LogManager)
[2026-03-09 17:26:36,698] INFO [Partition baseline-auto-topic-0164-0 broker=1] No checkpointed highwatermark is found for partition baseline-auto-topic-0164-0 (kafka.cluster.Partition)
[2026-03-09 17:26:36,698] INFO [Partition baseline-auto-topic-0164-0 broker=1] Log loaded for partition baseline-auto-topic-0164-0 with initial high watermark 0 (kafka.cluster.Partition)
[2026-03-09 17:26:36,878] INFO Sent auto-creation request for Set(baseline-auto-topic-0165) to the active controller. (kafka.server.DefaultAutoTopicCreationManager)
[2026-03-09 17:26:36,911] INFO [ReplicaFetcherManager on broker 1] Removed fetcher for partitions Set(baseline-auto-topic-0165-0) (kafka.server.ReplicaFetcherManager)
[2026-03-09 17:26:36,916] INFO [LogLoader partition=baseline-auto-topic-0165-0, dir=/tmp/kraft-combined-logs] Loading producer state till offset 0 (org.apache.kafka.storage.internals.log.UnifiedLog)
[2026-03-09 17:26:36,917] INFO Created log for partition baseline-auto-topic-0165-0 in /tmp/kraft-combined-logs/baseline-auto-topic-0165-0 with properties {} (kafka.log.LogManager)
[2026-03-09 17:26:36,917] INFO [Partition baseline-auto-topic-0165-0 broker=1] No checkpointed highwatermark is found for partition baseline-auto-topic-0165-0 (kafka.cluster.Partition)
[2026-03-09 17:26:36,917] INFO [Partition baseline-auto-topic-0165-0 broker=1] Log loaded for partition baseline-auto-topic-0165-0 with initial high watermark 0 (kafka.cluster.Partition)
[2026-03-09 17:26:37,101] INFO Sent auto-creation request for Set(baseline-auto-topic-0166) to the active controller. (kafka.server.DefaultAutoTopicCreationManager)
[2026-03-09 17:26:37,133] INFO [ReplicaFetcherManager on broker 1] Removed fetcher for partitions Set(baseline-auto-topic-0166-0) (kafka.server.ReplicaFetcherManager)
[2026-03-09 17:26:37,139] INFO [LogLoader partition=baseline-auto-topic-0166-0, dir=/tmp/kraft-combined-logs] Loading producer state till offset 0 (org.apache.kafka.storage.internals.log.UnifiedLog)
[2026-03-09 17:26:37,140] INFO Created log for partition baseline-auto-topic-0166-0 in /tmp/kraft-combined-logs/baseline-auto-topic-0166-0 with properties {} (kafka.log.LogManager)
[2026-03-09 17:26:37,140] INFO [Partition baseline-auto-topic-0166-0 broker=1] No checkpointed highwatermark is found for partition baseline-auto-topic-0166-0 (kafka.cluster.Partition)
[2026-03-09 17:26:37,140] INFO [Partition baseline-auto-topic-0166-0 broker=1] Log loaded for partition baseline-auto-topic-0166-0 with initial high watermark 0 (kafka.cluster.Partition)
[2026-03-09 17:26:37,322] INFO Sent auto-creation request for Set(baseline-auto-topic-0167) to the active controller. (kafka.server.DefaultAutoTopicCreationManager)
[2026-03-09 17:26:37,351] INFO [ReplicaFetcherManager on broker 1] Removed fetcher for partitions Set(baseline-auto-topic-0167-0) (kafka.server.ReplicaFetcherManager)
[2026-03-09 17:26:37,357] INFO [LogLoader partition=baseline-auto-topic-0167-0, dir=/tmp/kraft-combined-logs] Loading producer state till offset 0 (org.apache.kafka.storage.internals.log.UnifiedLog)
[2026-03-09 17:26:37,358] INFO Created log for partition baseline-auto-topic-0167-0 in /tmp/kraft-combined-logs/baseline-auto-topic-0167-0 with properties {} (kafka.log.LogManager)
[2026-03-09 17:26:37,358] INFO [Partition baseline-auto-topic-0167-0 broker=1] No checkpointed highwatermark is found for partition baseline-auto-topic-0167-0 (kafka.cluster.Partition)
[2026-03-09 17:26:37,358] INFO [Partition baseline-auto-topic-0167-0 broker=1] Log loaded for partition baseline-auto-topic-0167-0 with initial high watermark 0 (kafka.cluster.Partition)
[2026-03-09 17:26:37,546] INFO Sent auto-creation request for Set(baseline-auto-topic-0168) to the active controller. (kafka.server.DefaultAutoTopicCreationManager)
[2026-03-09 17:26:37,578] INFO [ReplicaFetcherManager on broker 1] Removed fetcher for partitions Set(baseline-auto-topic-0168-0) (kafka.server.ReplicaFetcherManager)
[2026-03-09 17:26:37,584] INFO [LogLoader partition=baseline-auto-topic-0168-0, dir=/tmp/kraft-combined-logs] Loading producer state till offset 0 (org.apache.kafka.storage.internals.log.UnifiedLog)
[2026-03-09 17:26:37,584] INFO Created log for partition baseline-auto-topic-0168-0 in /tmp/kraft-combined-logs/baseline-auto-topic-0168-0 with properties {} (kafka.log.LogManager)
[2026-03-09 17:26:37,585] INFO [Partition baseline-auto-topic-0168-0 broker=1] No checkpointed highwatermark is found for partition baseline-auto-topic-0168-0 (kafka.cluster.Partition)
[2026-03-09 17:26:37,585] INFO [Partition baseline-auto-topic-0168-0 broker=1] Log loaded for partition baseline-auto-topic-0168-0 with initial high watermark 0 (kafka.cluster.Partition)
[2026-03-09 17:26:37,767] INFO Sent auto-creation request for Set(baseline-auto-topic-0169) to the active controller. (kafka.server.DefaultAutoTopicCreationManager)
[2026-03-09 17:26:37,799] INFO [ReplicaFetcherManager on broker 1] Removed fetcher for partitions Set(baseline-auto-topic-0169-0) (kafka.server.ReplicaFetcherManager)
[2026-03-09 17:26:37,806] INFO [LogLoader partition=baseline-auto-topic-0169-0, dir=/tmp/kraft-combined-logs] Loading producer state till offset 0 (org.apache.kafka.storage.internals.log.UnifiedLog)
[2026-03-09 17:26:37,806] INFO Created log for partition baseline-auto-topic-0169-0 in /tmp/kraft-combined-logs/baseline-auto-topic-0169-0 with properties {} (kafka.log.LogManager)
[2026-03-09 17:26:37,807] INFO [Partition baseline-auto-topic-0169-0 broker=1] No checkpointed highwatermark is found for partition baseline-auto-topic-0169-0 (kafka.cluster.Partition)
[2026-03-09 17:26:37,807] INFO [Partition baseline-auto-topic-0169-0 broker=1] Log loaded for partition baseline-auto-topic-0169-0 with initial high watermark 0 (kafka.cluster.Partition)
[2026-03-09 17:26:37,989] INFO Sent auto-creation request for Set(baseline-auto-topic-0170) to the active controller. (kafka.server.DefaultAutoTopicCreationManager)
[2026-03-09 17:26:38,023] INFO [ReplicaFetcherManager on broker 1] Removed fetcher for partitions Set(baseline-auto-topic-0170-0) (kafka.server.ReplicaFetcherManager)
[2026-03-09 17:26:38,031] INFO [LogLoader partition=baseline-auto-topic-0170-0, dir=/tmp/kraft-combined-logs] Loading producer state till offset 0 (org.apache.kafka.storage.internals.log.UnifiedLog)
[2026-03-09 17:26:38,031] INFO Created log for partition baseline-auto-topic-0170-0 in /tmp/kraft-combined-logs/baseline-auto-topic-0170-0 with properties {} (kafka.log.LogManager)
[2026-03-09 17:26:38,032] INFO [Partition baseline-auto-topic-0170-0 broker=1] No checkpointed highwatermark is found for partition baseline-auto-topic-0170-0 (kafka.cluster.Partition)
[2026-03-09 17:26:38,032] INFO [Partition baseline-auto-topic-0170-0 broker=1] Log loaded for partition baseline-auto-topic-0170-0 with initial high watermark 0 (kafka.cluster.Partition)
[2026-03-09 17:26:38,203] INFO Sent auto-creation request for Set(baseline-auto-topic-0171) to the active controller. (kafka.server.DefaultAutoTopicCreationManager)
[2026-03-09 17:26:38,232] INFO [ReplicaFetcherManager on broker 1] Removed fetcher for partitions Set(baseline-auto-topic-0171-0) (kafka.server.ReplicaFetcherManager)
[2026-03-09 17:26:38,237] INFO [LogLoader partition=baseline-auto-topic-0171-0, dir=/tmp/kraft-combined-logs] Loading producer state till offset 0 (org.apache.kafka.storage.internals.log.UnifiedLog)
[2026-03-09 17:26:38,238] INFO Created log for partition baseline-auto-topic-0171-0 in /tmp/kraft-combined-logs/baseline-auto-topic-0171-0 with properties {} (kafka.log.LogManager)
[2026-03-09 17:26:38,238] INFO [Partition baseline-auto-topic-0171-0 broker=1] No checkpointed highwatermark is found for partition baseline-auto-topic-0171-0 (kafka.cluster.Partition)
[2026-03-09 17:26:38,238] INFO [Partition baseline-auto-topic-0171-0 broker=1] Log loaded for partition baseline-auto-topic-0171-0 with initial high watermark 0 (kafka.cluster.Partition)
[2026-03-09 17:26:38,418] INFO Sent auto-creation request for Set(baseline-auto-topic-0172) to the active controller. (kafka.server.DefaultAutoTopicCreationManager)
[2026-03-09 17:26:38,450] INFO [ReplicaFetcherManager on broker 1] Removed fetcher for partitions Set(baseline-auto-topic-0172-0) (kafka.server.ReplicaFetcherManager)
[2026-03-09 17:26:38,457] INFO [LogLoader partition=baseline-auto-topic-0172-0, dir=/tmp/kraft-combined-logs] Loading producer state till offset 0 (org.apache.kafka.storage.internals.log.UnifiedLog)
[2026-03-09 17:26:38,457] INFO Created log for partition baseline-auto-topic-0172-0 in /tmp/kraft-combined-logs/baseline-auto-topic-0172-0 with properties {} (kafka.log.LogManager)
[2026-03-09 17:26:38,458] INFO [Partition baseline-auto-topic-0172-0 broker=1] No checkpointed highwatermark is found for partition baseline-auto-topic-0172-0 (kafka.cluster.Partition)
[2026-03-09 17:26:38,458] INFO [Partition baseline-auto-topic-0172-0 broker=1] Log loaded for partition baseline-auto-topic-0172-0 with initial high watermark 0 (kafka.cluster.Partition)
[2026-03-09 17:26:38,639] INFO Sent auto-creation request for Set(baseline-auto-topic-0173) to the active controller. (kafka.server.DefaultAutoTopicCreationManager)
[2026-03-09 17:26:38,669] INFO [ReplicaFetcherManager on broker 1] Removed fetcher for partitions Set(baseline-auto-topic-0173-0) (kafka.server.ReplicaFetcherManager)
[2026-03-09 17:26:38,675] INFO [LogLoader partition=baseline-auto-topic-0173-0, dir=/tmp/kraft-combined-logs] Loading producer state till offset 0 (org.apache.kafka.storage.internals.log.UnifiedLog)
[2026-03-09 17:26:38,675] INFO Created log for partition baseline-auto-topic-0173-0 in /tmp/kraft-combined-logs/baseline-auto-topic-0173-0 with properties {} (kafka.log.LogManager)
[2026-03-09 17:26:38,676] INFO [Partition baseline-auto-topic-0173-0 broker=1] No checkpointed highwatermark is found for partition baseline-auto-topic-0173-0 (kafka.cluster.Partition)
[2026-03-09 17:26:38,676] INFO [Partition baseline-auto-topic-0173-0 broker=1] Log loaded for partition baseline-auto-topic-0173-0 with initial high watermark 0 (kafka.cluster.Partition)
[2026-03-09 17:26:38,862] INFO Sent auto-creation request for Set(baseline-auto-topic-0174) to the active controller. (kafka.server.DefaultAutoTopicCreationManager)
[2026-03-09 17:26:38,894] INFO [ReplicaFetcherManager on broker 1] Removed fetcher for partitions Set(baseline-auto-topic-0174-0) (kafka.server.ReplicaFetcherManager)
[2026-03-09 17:26:38,900] INFO [LogLoader partition=baseline-auto-topic-0174-0, dir=/tmp/kraft-combined-logs] Loading producer state till offset 0 (org.apache.kafka.storage.internals.log.UnifiedLog)
[2026-03-09 17:26:38,901] INFO Created log for partition baseline-auto-topic-0174-0 in /tmp/kraft-combined-logs/baseline-auto-topic-0174-0 with properties {} (kafka.log.LogManager)
[2026-03-09 17:26:38,901] INFO [Partition baseline-auto-topic-0174-0 broker=1] No checkpointed highwatermark is found for partition baseline-auto-topic-0174-0 (kafka.cluster.Partition)
[2026-03-09 17:26:38,901] INFO [Partition baseline-auto-topic-0174-0 broker=1] Log loaded for partition baseline-auto-topic-0174-0 with initial high watermark 0 (kafka.cluster.Partition)
[2026-03-09 17:26:39,082] INFO Sent auto-creation request for Set(baseline-auto-topic-0175) to the active controller. (kafka.server.DefaultAutoTopicCreationManager)
[2026-03-09 17:26:39,115] INFO [ReplicaFetcherManager on broker 1] Removed fetcher for partitions Set(baseline-auto-topic-0175-0) (kafka.server.ReplicaFetcherManager)
[2026-03-09 17:26:39,121] INFO [LogLoader partition=baseline-auto-topic-0175-0, dir=/tmp/kraft-combined-logs] Loading producer state till offset 0 (org.apache.kafka.storage.internals.log.UnifiedLog)
[2026-03-09 17:26:39,122] INFO Created log for partition baseline-auto-topic-0175-0 in /tmp/kraft-combined-logs/baseline-auto-topic-0175-0 with properties {} (kafka.log.LogManager)
[2026-03-09 17:26:39,122] INFO [Partition baseline-auto-topic-0175-0 broker=1] No checkpointed highwatermark is found for partition baseline-auto-topic-0175-0 (kafka.cluster.Partition)
[2026-03-09 17:26:39,122] INFO [Partition baseline-auto-topic-0175-0 broker=1] Log loaded for partition baseline-auto-topic-0175-0 with initial high watermark 0 (kafka.cluster.Partition)
[2026-03-09 17:26:39,304] INFO Sent auto-creation request for Set(baseline-auto-topic-0176) to the active controller. (kafka.server.DefaultAutoTopicCreationManager)
[2026-03-09 17:26:39,336] INFO [ReplicaFetcherManager on broker 1] Removed fetcher for partitions Set(baseline-auto-topic-0176-0) (kafka.server.ReplicaFetcherManager)
[2026-03-09 17:26:39,342] INFO [LogLoader partition=baseline-auto-topic-0176-0, dir=/tmp/kraft-combined-logs] Loading producer state till offset 0 (org.apache.kafka.storage.internals.log.UnifiedLog)
[2026-03-09 17:26:39,342] INFO Created log for partition baseline-auto-topic-0176-0 in /tmp/kraft-combined-logs/baseline-auto-topic-0176-0 with properties {} (kafka.log.LogManager)
[2026-03-09 17:26:39,342] INFO [Partition baseline-auto-topic-0176-0 broker=1] No checkpointed highwatermark is found for partition baseline-auto-topic-0176-0 (kafka.cluster.Partition)
[2026-03-09 17:26:39,343] INFO [Partition baseline-auto-topic-0176-0 broker=1] Log loaded for partition baseline-auto-topic-0176-0 with initial high watermark 0 (kafka.cluster.Partition)
[2026-03-09 17:26:39,527] INFO Sent auto-creation request for Set(baseline-auto-topic-0177) to the active controller. (kafka.server.DefaultAutoTopicCreationManager)
[2026-03-09 17:26:39,555] INFO [ReplicaFetcherManager on broker 1] Removed fetcher for partitions Set(baseline-auto-topic-0177-0) (kafka.server.ReplicaFetcherManager)
[2026-03-09 17:26:39,560] INFO [LogLoader partition=baseline-auto-topic-0177-0, dir=/tmp/kraft-combined-logs] Loading producer state till offset 0 (org.apache.kafka.storage.internals.log.UnifiedLog)
[2026-03-09 17:26:39,561] INFO Created log for partition baseline-auto-topic-0177-0 in /tmp/kraft-combined-logs/baseline-auto-topic-0177-0 with properties {} (kafka.log.LogManager)
[2026-03-09 17:26:39,561] INFO [Partition baseline-auto-topic-0177-0 broker=1] No checkpointed highwatermark is found for partition baseline-auto-topic-0177-0 (kafka.cluster.Partition)
[2026-03-09 17:26:39,561] INFO [Partition baseline-auto-topic-0177-0 broker=1] Log loaded for partition baseline-auto-topic-0177-0 with initial high watermark 0 (kafka.cluster.Partition)
[2026-03-09 17:26:39,749] INFO Sent auto-creation request for Set(baseline-auto-topic-0178) to the active controller. (kafka.server.DefaultAutoTopicCreationManager)
[2026-03-09 17:26:39,773] INFO [ReplicaFetcherManager on broker 1] Removed fetcher for partitions Set(baseline-auto-topic-0178-0) (kafka.server.ReplicaFetcherManager)
[2026-03-09 17:26:39,778] INFO [LogLoader partition=baseline-auto-topic-0178-0, dir=/tmp/kraft-combined-logs] Loading producer state till offset 0 (org.apache.kafka.storage.internals.log.UnifiedLog)
[2026-03-09 17:26:39,779] INFO Created log for partition baseline-auto-topic-0178-0 in /tmp/kraft-combined-logs/baseline-auto-topic-0178-0 with properties {} (kafka.log.LogManager)
[2026-03-09 17:26:39,779] INFO [Partition baseline-auto-topic-0178-0 broker=1] No checkpointed highwatermark is found for partition baseline-auto-topic-0178-0 (kafka.cluster.Partition)
[2026-03-09 17:26:39,779] INFO [Partition baseline-auto-topic-0178-0 broker=1] Log loaded for partition baseline-auto-topic-0178-0 with initial high watermark 0 (kafka.cluster.Partition)
[2026-03-09 17:26:39,973] INFO Sent auto-creation request for Set(baseline-auto-topic-0179) to the active controller. (kafka.server.DefaultAutoTopicCreationManager)
[2026-03-09 17:26:40,007] INFO [ReplicaFetcherManager on broker 1] Removed fetcher for partitions Set(baseline-auto-topic-0179-0) (kafka.server.ReplicaFetcherManager)
[2026-03-09 17:26:40,012] INFO [LogLoader partition=baseline-auto-topic-0179-0, dir=/tmp/kraft-combined-logs] Loading producer state till offset 0 (org.apache.kafka.storage.internals.log.UnifiedLog)
[2026-03-09 17:26:40,013] INFO Created log for partition baseline-auto-topic-0179-0 in /tmp/kraft-combined-logs/baseline-auto-topic-0179-0 with properties {} (kafka.log.LogManager)
[2026-03-09 17:26:40,013] INFO [Partition baseline-auto-topic-0179-0 broker=1] No checkpointed highwatermark is found for partition baseline-auto-topic-0179-0 (kafka.cluster.Partition)
[2026-03-09 17:26:40,013] INFO [Partition baseline-auto-topic-0179-0 broker=1] Log loaded for partition baseline-auto-topic-0179-0 with initial high watermark 0 (kafka.cluster.Partition)
[2026-03-09 17:26:40,193] INFO Sent auto-creation request for Set(baseline-auto-topic-0180) to the active controller. (kafka.server.DefaultAutoTopicCreationManager)
[2026-03-09 17:26:40,223] INFO [ReplicaFetcherManager on broker 1] Removed fetcher for partitions Set(baseline-auto-topic-0180-0) (kafka.server.ReplicaFetcherManager)
[2026-03-09 17:26:40,229] INFO [LogLoader partition=baseline-auto-topic-0180-0, dir=/tmp/kraft-combined-logs] Loading producer state till offset 0 (org.apache.kafka.storage.internals.log.UnifiedLog)
[2026-03-09 17:26:40,230] INFO Created log for partition baseline-auto-topic-0180-0 in /tmp/kraft-combined-logs/baseline-auto-topic-0180-0 with properties {} (kafka.log.LogManager)
[2026-03-09 17:26:40,230] INFO [Partition baseline-auto-topic-0180-0 broker=1] No checkpointed highwatermark is found for partition baseline-auto-topic-0180-0 (kafka.cluster.Partition)
[2026-03-09 17:26:40,230] INFO [Partition baseline-auto-topic-0180-0 broker=1] Log loaded for partition baseline-auto-topic-0180-0 with initial high watermark 0 (kafka.cluster.Partition)
[2026-03-09 17:26:40,402] INFO Sent auto-creation request for Set(baseline-auto-topic-0181) to the active controller. (kafka.server.DefaultAutoTopicCreationManager)
[2026-03-09 17:26:40,430] INFO [ReplicaFetcherManager on broker 1] Removed fetcher for partitions Set(baseline-auto-topic-0181-0) (kafka.server.ReplicaFetcherManager)
[2026-03-09 17:26:40,434] INFO [LogLoader partition=baseline-auto-topic-0181-0, dir=/tmp/kraft-combined-logs] Loading producer state till offset 0 (org.apache.kafka.storage.internals.log.UnifiedLog)
[2026-03-09 17:26:40,434] INFO Created log for partition baseline-auto-topic-0181-0 in /tmp/kraft-combined-logs/baseline-auto-topic-0181-0 with properties {} (kafka.log.LogManager)
[2026-03-09 17:26:40,434] INFO [Partition baseline-auto-topic-0181-0 broker=1] No checkpointed highwatermark is found for partition baseline-auto-topic-0181-0 (kafka.cluster.Partition)
[2026-03-09 17:26:40,434] INFO [Partition baseline-auto-topic-0181-0 broker=1] Log loaded for partition baseline-auto-topic-0181-0 with initial high watermark 0 (kafka.cluster.Partition)
[2026-03-09 17:26:40,612] INFO Sent auto-creation request for Set(baseline-auto-topic-0182) to the active controller. (kafka.server.DefaultAutoTopicCreationManager)
[2026-03-09 17:26:40,638] INFO [ReplicaFetcherManager on broker 1] Removed fetcher for partitions Set(baseline-auto-topic-0182-0) (kafka.server.ReplicaFetcherManager)
[2026-03-09 17:26:40,642] INFO [LogLoader partition=baseline-auto-topic-0182-0, dir=/tmp/kraft-combined-logs] Loading producer state till offset 0 (org.apache.kafka.storage.internals.log.UnifiedLog)
[2026-03-09 17:26:40,642] INFO Created log for partition baseline-auto-topic-0182-0 in /tmp/kraft-combined-logs/baseline-auto-topic-0182-0 with properties {} (kafka.log.LogManager)
[2026-03-09 17:26:40,642] INFO [Partition baseline-auto-topic-0182-0 broker=1] No checkpointed highwatermark is found for partition baseline-auto-topic-0182-0 (kafka.cluster.Partition)
[2026-03-09 17:26:40,642] INFO [Partition baseline-auto-topic-0182-0 broker=1] Log loaded for partition baseline-auto-topic-0182-0 with initial high watermark 0 (kafka.cluster.Partition)
[2026-03-09 17:26:40,822] INFO Sent auto-creation request for Set(baseline-auto-topic-0183) to the active controller. (kafka.server.DefaultAutoTopicCreationManager)
[2026-03-09 17:26:40,848] INFO [ReplicaFetcherManager on broker 1] Removed fetcher for partitions Set(baseline-auto-topic-0183-0) (kafka.server.ReplicaFetcherManager)
[2026-03-09 17:26:40,853] INFO [LogLoader partition=baseline-auto-topic-0183-0, dir=/tmp/kraft-combined-logs] Loading producer state till offset 0 (org.apache.kafka.storage.internals.log.UnifiedLog)
[2026-03-09 17:26:40,853] INFO Created log for partition baseline-auto-topic-0183-0 in /tmp/kraft-combined-logs/baseline-auto-topic-0183-0 with properties {} (kafka.log.LogManager)
[2026-03-09 17:26:40,853] INFO [Partition baseline-auto-topic-0183-0 broker=1] No checkpointed highwatermark is found for partition baseline-auto-topic-0183-0 (kafka.cluster.Partition)
[2026-03-09 17:26:40,853] INFO [Partition baseline-auto-topic-0183-0 broker=1] Log loaded for partition baseline-auto-topic-0183-0 with initial high watermark 0 (kafka.cluster.Partition)
[2026-03-09 17:26:41,038] INFO Sent auto-creation request for Set(baseline-auto-topic-0184) to the active controller. (kafka.server.DefaultAutoTopicCreationManager)
[2026-03-09 17:26:41,071] INFO [ReplicaFetcherManager on broker 1] Removed fetcher for partitions Set(baseline-auto-topic-0184-0) (kafka.server.ReplicaFetcherManager)
[2026-03-09 17:26:41,078] INFO [LogLoader partition=baseline-auto-topic-0184-0, dir=/tmp/kraft-combined-logs] Loading producer state till offset 0 (org.apache.kafka.storage.internals.log.UnifiedLog)
[2026-03-09 17:26:41,078] INFO Created log for partition baseline-auto-topic-0184-0 in /tmp/kraft-combined-logs/baseline-auto-topic-0184-0 with properties {} (kafka.log.LogManager)
[2026-03-09 17:26:41,079] INFO [Partition baseline-auto-topic-0184-0 broker=1] No checkpointed highwatermark is found for partition baseline-auto-topic-0184-0 (kafka.cluster.Partition)
[2026-03-09 17:26:41,079] INFO [Partition baseline-auto-topic-0184-0 broker=1] Log loaded for partition baseline-auto-topic-0184-0 with initial high watermark 0 (kafka.cluster.Partition)
[2026-03-09 17:26:41,263] INFO Sent auto-creation request for Set(baseline-auto-topic-0185) to the active controller. (kafka.server.DefaultAutoTopicCreationManager)
[2026-03-09 17:26:41,280] INFO [ReplicaFetcherManager on broker 1] Removed fetcher for partitions Set(baseline-auto-topic-0185-0) (kafka.server.ReplicaFetcherManager)
[2026-03-09 17:26:41,294] INFO [LogLoader partition=baseline-auto-topic-0185-0, dir=/tmp/kraft-combined-logs] Loading producer state till offset 0 (org.apache.kafka.storage.internals.log.UnifiedLog)
[2026-03-09 17:26:41,294] INFO Created log for partition baseline-auto-topic-0185-0 in /tmp/kraft-combined-logs/baseline-auto-topic-0185-0 with properties {} (kafka.log.LogManager)
[2026-03-09 17:26:41,295] INFO [Partition baseline-auto-topic-0185-0 broker=1] No checkpointed highwatermark is found for partition baseline-auto-topic-0185-0 (kafka.cluster.Partition)
[2026-03-09 17:26:41,295] INFO [Partition baseline-auto-topic-0185-0 broker=1] Log loaded for partition baseline-auto-topic-0185-0 with initial high watermark 0 (kafka.cluster.Partition)
[2026-03-09 17:26:41,511] INFO Sent auto-creation request for Set(baseline-auto-topic-0186) to the active controller. (kafka.server.DefaultAutoTopicCreationManager)
[2026-03-09 17:26:41,543] INFO [ReplicaFetcherManager on broker 1] Removed fetcher for partitions Set(baseline-auto-topic-0186-0) (kafka.server.ReplicaFetcherManager)
[2026-03-09 17:26:41,549] INFO [LogLoader partition=baseline-auto-topic-0186-0, dir=/tmp/kraft-combined-logs] Loading producer state till offset 0 (org.apache.kafka.storage.internals.log.UnifiedLog)
[2026-03-09 17:26:41,549] INFO Created log for partition baseline-auto-topic-0186-0 in /tmp/kraft-combined-logs/baseline-auto-topic-0186-0 with properties {} (kafka.log.LogManager)
[2026-03-09 17:26:41,549] INFO [Partition baseline-auto-topic-0186-0 broker=1] No checkpointed highwatermark is found for partition baseline-auto-topic-0186-0 (kafka.cluster.Partition)
[2026-03-09 17:26:41,549] INFO [Partition baseline-auto-topic-0186-0 broker=1] Log loaded for partition baseline-auto-topic-0186-0 with initial high watermark 0 (kafka.cluster.Partition)
[2026-03-09 17:26:41,724] INFO Sent auto-creation request for Set(baseline-auto-topic-0187) to the active controller. (kafka.server.DefaultAutoTopicCreationManager)
[2026-03-09 17:26:41,752] INFO [ReplicaFetcherManager on broker 1] Removed fetcher for partitions Set(baseline-auto-topic-0187-0) (kafka.server.ReplicaFetcherManager)
[2026-03-09 17:26:41,756] INFO [LogLoader partition=baseline-auto-topic-0187-0, dir=/tmp/kraft-combined-logs] Loading producer state till offset 0 (org.apache.kafka.storage.internals.log.UnifiedLog)
[2026-03-09 17:26:41,756] INFO Created log for partition baseline-auto-topic-0187-0 in /tmp/kraft-combined-logs/baseline-auto-topic-0187-0 with properties {} (kafka.log.LogManager)
[2026-03-09 17:26:41,757] INFO [Partition baseline-auto-topic-0187-0 broker=1] No checkpointed highwatermark is found for partition baseline-auto-topic-0187-0 (kafka.cluster.Partition)
[2026-03-09 17:26:41,757] INFO [Partition baseline-auto-topic-0187-0 broker=1] Log loaded for partition baseline-auto-topic-0187-0 with initial high watermark 0 (kafka.cluster.Partition)
[2026-03-09 17:26:41,934] INFO Sent auto-creation request for Set(baseline-auto-topic-0188) to the active controller. (kafka.server.DefaultAutoTopicCreationManager)
[2026-03-09 17:26:41,965] INFO [ReplicaFetcherManager on broker 1] Removed fetcher for partitions Set(baseline-auto-topic-0188-0) (kafka.server.ReplicaFetcherManager)
[2026-03-09 17:26:41,970] INFO [LogLoader partition=baseline-auto-topic-0188-0, dir=/tmp/kraft-combined-logs] Loading producer state till offset 0 (org.apache.kafka.storage.internals.log.UnifiedLog)
[2026-03-09 17:26:41,970] INFO Created log for partition baseline-auto-topic-0188-0 in /tmp/kraft-combined-logs/baseline-auto-topic-0188-0 with properties {} (kafka.log.LogManager)
[2026-03-09 17:26:41,970] INFO [Partition baseline-auto-topic-0188-0 broker=1] No checkpointed highwatermark is found for partition baseline-auto-topic-0188-0 (kafka.cluster.Partition)
[2026-03-09 17:26:41,970] INFO [Partition baseline-auto-topic-0188-0 broker=1] Log loaded for partition baseline-auto-topic-0188-0 with initial high watermark 0 (kafka.cluster.Partition)
[2026-03-09 17:26:42,143] INFO Sent auto-creation request for Set(baseline-auto-topic-0189) to the active controller. (kafka.server.DefaultAutoTopicCreationManager)
[2026-03-09 17:26:42,174] INFO [ReplicaFetcherManager on broker 1] Removed fetcher for partitions Set(baseline-auto-topic-0189-0) (kafka.server.ReplicaFetcherManager)
[2026-03-09 17:26:42,178] INFO [LogLoader partition=baseline-auto-topic-0189-0, dir=/tmp/kraft-combined-logs] Loading producer state till offset 0 (org.apache.kafka.storage.internals.log.UnifiedLog)
[2026-03-09 17:26:42,178] INFO Created log for partition baseline-auto-topic-0189-0 in /tmp/kraft-combined-logs/baseline-auto-topic-0189-0 with properties {} (kafka.log.LogManager)
[2026-03-09 17:26:42,178] INFO [Partition baseline-auto-topic-0189-0 broker=1] No checkpointed highwatermark is found for partition baseline-auto-topic-0189-0 (kafka.cluster.Partition)
[2026-03-09 17:26:42,178] INFO [Partition baseline-auto-topic-0189-0 broker=1] Log loaded for partition baseline-auto-topic-0189-0 with initial high watermark 0 (kafka.cluster.Partition)
[2026-03-09 17:26:42,353] INFO Sent auto-creation request for Set(baseline-auto-topic-0190) to the active controller. (kafka.server.DefaultAutoTopicCreationManager)
[2026-03-09 17:26:42,384] INFO [ReplicaFetcherManager on broker 1] Removed fetcher for partitions Set(baseline-auto-topic-0190-0) (kafka.server.ReplicaFetcherManager)
[2026-03-09 17:26:42,388] INFO [LogLoader partition=baseline-auto-topic-0190-0, dir=/tmp/kraft-combined-logs] Loading producer state till offset 0 (org.apache.kafka.storage.internals.log.UnifiedLog)
[2026-03-09 17:26:42,389] INFO Created log for partition baseline-auto-topic-0190-0 in /tmp/kraft-combined-logs/baseline-auto-topic-0190-0 with properties {} (kafka.log.LogManager)
[2026-03-09 17:26:42,389] INFO [Partition baseline-auto-topic-0190-0 broker=1] No checkpointed highwatermark is found for partition baseline-auto-topic-0190-0 (kafka.cluster.Partition)
[2026-03-09 17:26:42,389] INFO [Partition baseline-auto-topic-0190-0 broker=1] Log loaded for partition baseline-auto-topic-0190-0 with initial high watermark 0 (kafka.cluster.Partition)
[2026-03-09 17:26:42,561] INFO Sent auto-creation request for Set(baseline-auto-topic-0191) to the active controller. (kafka.server.DefaultAutoTopicCreationManager)
[2026-03-09 17:26:42,590] INFO [ReplicaFetcherManager on broker 1] Removed fetcher for partitions Set(baseline-auto-topic-0191-0) (kafka.server.ReplicaFetcherManager)
[2026-03-09 17:26:42,594] INFO [LogLoader partition=baseline-auto-topic-0191-0, dir=/tmp/kraft-combined-logs] Loading producer state till offset 0 (org.apache.kafka.storage.internals.log.UnifiedLog)
[2026-03-09 17:26:42,595] INFO Created log for partition baseline-auto-topic-0191-0 in /tmp/kraft-combined-logs/baseline-auto-topic-0191-0 with properties {} (kafka.log.LogManager)
[2026-03-09 17:26:42,595] INFO [Partition baseline-auto-topic-0191-0 broker=1] No checkpointed highwatermark is found for partition baseline-auto-topic-0191-0 (kafka.cluster.Partition)
[2026-03-09 17:26:42,595] INFO [Partition baseline-auto-topic-0191-0 broker=1] Log loaded for partition baseline-auto-topic-0191-0 with initial high watermark 0 (kafka.cluster.Partition)
[2026-03-09 17:26:42,769] INFO Sent auto-creation request for Set(baseline-auto-topic-0192) to the active controller. (kafka.server.DefaultAutoTopicCreationManager)
[2026-03-09 17:26:42,793] INFO [ReplicaFetcherManager on broker 1] Removed fetcher for partitions Set(baseline-auto-topic-0192-0) (kafka.server.ReplicaFetcherManager)
[2026-03-09 17:26:42,798] INFO [LogLoader partition=baseline-auto-topic-0192-0, dir=/tmp/kraft-combined-logs] Loading producer state till offset 0 (org.apache.kafka.storage.internals.log.UnifiedLog)
[2026-03-09 17:26:42,798] INFO Created log for partition baseline-auto-topic-0192-0 in /tmp/kraft-combined-logs/baseline-auto-topic-0192-0 with properties {} (kafka.log.LogManager)
[2026-03-09 17:26:42,798] INFO [Partition baseline-auto-topic-0192-0 broker=1] No checkpointed highwatermark is found for partition baseline-auto-topic-0192-0 (kafka.cluster.Partition)
[2026-03-09 17:26:42,798] INFO [Partition baseline-auto-topic-0192-0 broker=1] Log loaded for partition baseline-auto-topic-0192-0 with initial high watermark 0 (kafka.cluster.Partition)
[2026-03-09 17:26:42,977] INFO Sent auto-creation request for Set(baseline-auto-topic-0193) to the active controller. (kafka.server.DefaultAutoTopicCreationManager)
[2026-03-09 17:26:43,005] INFO [ReplicaFetcherManager on broker 1] Removed fetcher for partitions Set(baseline-auto-topic-0193-0) (kafka.server.ReplicaFetcherManager)
[2026-03-09 17:26:43,011] INFO [LogLoader partition=baseline-auto-topic-0193-0, dir=/tmp/kraft-combined-logs] Loading producer state till offset 0 (org.apache.kafka.storage.internals.log.UnifiedLog)
[2026-03-09 17:26:43,011] INFO Created log for partition baseline-auto-topic-0193-0 in /tmp/kraft-combined-logs/baseline-auto-topic-0193-0 with properties {} (kafka.log.LogManager)
[2026-03-09 17:26:43,011] INFO [Partition baseline-auto-topic-0193-0 broker=1] No checkpointed highwatermark is found for partition baseline-auto-topic-0193-0 (kafka.cluster.Partition)
[2026-03-09 17:26:43,011] INFO [Partition baseline-auto-topic-0193-0 broker=1] Log loaded for partition baseline-auto-topic-0193-0 with initial high watermark 0 (kafka.cluster.Partition)
[2026-03-09 17:26:43,185] INFO Sent auto-creation request for Set(baseline-auto-topic-0194) to the active controller. (kafka.server.DefaultAutoTopicCreationManager)
[2026-03-09 17:26:43,217] INFO [ReplicaFetcherManager on broker 1] Removed fetcher for partitions Set(baseline-auto-topic-0194-0) (kafka.server.ReplicaFetcherManager)
[2026-03-09 17:26:43,220] INFO [LogLoader partition=baseline-auto-topic-0194-0, dir=/tmp/kraft-combined-logs] Loading producer state till offset 0 (org.apache.kafka.storage.internals.log.UnifiedLog)
[2026-03-09 17:26:43,220] INFO Created log for partition baseline-auto-topic-0194-0 in /tmp/kraft-combined-logs/baseline-auto-topic-0194-0 with properties {} (kafka.log.LogManager)
[2026-03-09 17:26:43,220] INFO [Partition baseline-auto-topic-0194-0 broker=1] No checkpointed highwatermark is found for partition baseline-auto-topic-0194-0 (kafka.cluster.Partition)
[2026-03-09 17:26:43,220] INFO [Partition baseline-auto-topic-0194-0 broker=1] Log loaded for partition baseline-auto-topic-0194-0 with initial high watermark 0 (kafka.cluster.Partition)
[2026-03-09 17:26:43,398] INFO Sent auto-creation request for Set(baseline-auto-topic-0195) to the active controller. (kafka.server.DefaultAutoTopicCreationManager)
[2026-03-09 17:26:43,429] INFO [ReplicaFetcherManager on broker 1] Removed fetcher for partitions Set(baseline-auto-topic-0195-0) (kafka.server.ReplicaFetcherManager)
[2026-03-09 17:26:43,435] INFO [LogLoader partition=baseline-auto-topic-0195-0, dir=/tmp/kraft-combined-logs] Loading producer state till offset 0 (org.apache.kafka.storage.internals.log.UnifiedLog)
[2026-03-09 17:26:43,436] INFO Created log for partition baseline-auto-topic-0195-0 in /tmp/kraft-combined-logs/baseline-auto-topic-0195-0 with properties {} (kafka.log.LogManager)
[2026-03-09 17:26:43,436] INFO [Partition baseline-auto-topic-0195-0 broker=1] No checkpointed highwatermark is found for partition baseline-auto-topic-0195-0 (kafka.cluster.Partition)
[2026-03-09 17:26:43,436] INFO [Partition baseline-auto-topic-0195-0 broker=1] Log loaded for partition baseline-auto-topic-0195-0 with initial high watermark 0 (kafka.cluster.Partition)
[2026-03-09 17:26:43,620] INFO Sent auto-creation request for Set(baseline-auto-topic-0196) to the active controller. (kafka.server.DefaultAutoTopicCreationManager)
[2026-03-09 17:26:43,654] INFO [ReplicaFetcherManager on broker 1] Removed fetcher for partitions Set(baseline-auto-topic-0196-0) (kafka.server.ReplicaFetcherManager)
[2026-03-09 17:26:43,660] INFO [LogLoader partition=baseline-auto-topic-0196-0, dir=/tmp/kraft-combined-logs] Loading producer state till offset 0 (org.apache.kafka.storage.internals.log.UnifiedLog)
[2026-03-09 17:26:43,661] INFO Created log for partition baseline-auto-topic-0196-0 in /tmp/kraft-combined-logs/baseline-auto-topic-0196-0 with properties {} (kafka.log.LogManager)
[2026-03-09 17:26:43,661] INFO [Partition baseline-auto-topic-0196-0 broker=1] No checkpointed highwatermark is found for partition baseline-auto-topic-0196-0 (kafka.cluster.Partition)
[2026-03-09 17:26:43,661] INFO [Partition baseline-auto-topic-0196-0 broker=1] Log loaded for partition baseline-auto-topic-0196-0 with initial high watermark 0 (kafka.cluster.Partition)
[2026-03-09 17:26:43,845] INFO Sent auto-creation request for Set(baseline-auto-topic-0197) to the active controller. (kafka.server.DefaultAutoTopicCreationManager)
[2026-03-09 17:26:43,879] INFO [ReplicaFetcherManager on broker 1] Removed fetcher for partitions Set(baseline-auto-topic-0197-0) (kafka.server.ReplicaFetcherManager)
[2026-03-09 17:26:43,884] INFO [LogLoader partition=baseline-auto-topic-0197-0, dir=/tmp/kraft-combined-logs] Loading producer state till offset 0 (org.apache.kafka.storage.internals.log.UnifiedLog)
[2026-03-09 17:26:43,884] INFO Created log for partition baseline-auto-topic-0197-0 in /tmp/kraft-combined-logs/baseline-auto-topic-0197-0 with properties {} (kafka.log.LogManager)
[2026-03-09 17:26:43,885] INFO [Partition baseline-auto-topic-0197-0 broker=1] No checkpointed highwatermark is found for partition baseline-auto-topic-0197-0 (kafka.cluster.Partition)
[2026-03-09 17:26:43,885] INFO [Partition baseline-auto-topic-0197-0 broker=1] Log loaded for partition baseline-auto-topic-0197-0 with initial high watermark 0 (kafka.cluster.Partition)
[2026-03-09 17:26:44,070] INFO Sent auto-creation request for Set(baseline-auto-topic-0198) to the active controller. (kafka.server.DefaultAutoTopicCreationManager)
[2026-03-09 17:26:44,100] INFO [ReplicaFetcherManager on broker 1] Removed fetcher for partitions Set(baseline-auto-topic-0198-0) (kafka.server.ReplicaFetcherManager)
[2026-03-09 17:26:44,104] INFO [LogLoader partition=baseline-auto-topic-0198-0, dir=/tmp/kraft-combined-logs] Loading producer state till offset 0 (org.apache.kafka.storage.internals.log.UnifiedLog)
[2026-03-09 17:26:44,104] INFO Created log for partition baseline-auto-topic-0198-0 in /tmp/kraft-combined-logs/baseline-auto-topic-0198-0 with properties {} (kafka.log.LogManager)
[2026-03-09 17:26:44,105] INFO [Partition baseline-auto-topic-0198-0 broker=1] No checkpointed highwatermark is found for partition baseline-auto-topic-0198-0 (kafka.cluster.Partition)
[2026-03-09 17:26:44,105] INFO [Partition baseline-auto-topic-0198-0 broker=1] Log loaded for partition baseline-auto-topic-0198-0 with initial high watermark 0 (kafka.cluster.Partition)
[2026-03-09 17:26:44,294] INFO Sent auto-creation request for Set(baseline-auto-topic-0199) to the active controller. (kafka.server.DefaultAutoTopicCreationManager)
[2026-03-09 17:26:44,306] INFO [ReplicaFetcherManager on broker 1] Removed fetcher for partitions Set(baseline-auto-topic-0199-0) (kafka.server.ReplicaFetcherManager)
[2026-03-09 17:26:44,310] INFO [LogLoader partition=baseline-auto-topic-0199-0, dir=/tmp/kraft-combined-logs] Loading producer state till offset 0 (org.apache.kafka.storage.internals.log.UnifiedLog)
[2026-03-09 17:26:44,311] INFO Created log for partition baseline-auto-topic-0199-0 in /tmp/kraft-combined-logs/baseline-auto-topic-0199-0 with properties {} (kafka.log.LogManager)
[2026-03-09 17:26:44,311] INFO [Partition baseline-auto-topic-0199-0 broker=1] No checkpointed highwatermark is found for partition baseline-auto-topic-0199-0 (kafka.cluster.Partition)
[2026-03-09 17:26:44,311] INFO [Partition baseline-auto-topic-0199-0 broker=1] Log loaded for partition baseline-auto-topic-0199-0 with initial high watermark 0 (kafka.cluster.Partition)
[2026-03-09 17:26:44,511] INFO Sent auto-creation request for Set(baseline-auto-topic-0200) to the active controller. (kafka.server.DefaultAutoTopicCreationManager)
[2026-03-09 17:26:44,543] INFO [ReplicaFetcherManager on broker 1] Removed fetcher for partitions Set(baseline-auto-topic-0200-0) (kafka.server.ReplicaFetcherManager)
[2026-03-09 17:26:44,548] INFO [LogLoader partition=baseline-auto-topic-0200-0, dir=/tmp/kraft-combined-logs] Loading producer state till offset 0 (org.apache.kafka.storage.internals.log.UnifiedLog)
[2026-03-09 17:26:44,548] INFO Created log for partition baseline-auto-topic-0200-0 in /tmp/kraft-combined-logs/baseline-auto-topic-0200-0 with properties {} (kafka.log.LogManager)
[2026-03-09 17:26:44,548] INFO [Partition baseline-auto-topic-0200-0 broker=1] No checkpointed highwatermark is found for partition baseline-auto-topic-0200-0 (kafka.cluster.Partition)
[2026-03-09 17:26:44,548] INFO [Partition baseline-auto-topic-0200-0 broker=1] Log loaded for partition baseline-auto-topic-0200-0 with initial high watermark 0 (kafka.cluster.Partition)
[2026-03-09 17:26:44,726] INFO Sent auto-creation request for Set(baseline-auto-topic-0201) to the active controller. (kafka.server.DefaultAutoTopicCreationManager)
[2026-03-09 17:26:44,758] INFO [ReplicaFetcherManager on broker 1] Removed fetcher for partitions Set(baseline-auto-topic-0201-0) (kafka.server.ReplicaFetcherManager)
[2026-03-09 17:26:44,763] INFO [LogLoader partition=baseline-auto-topic-0201-0, dir=/tmp/kraft-combined-logs] Loading producer state till offset 0 (org.apache.kafka.storage.internals.log.UnifiedLog)
[2026-03-09 17:26:44,763] INFO Created log for partition baseline-auto-topic-0201-0 in /tmp/kraft-combined-logs/baseline-auto-topic-0201-0 with properties {} (kafka.log.LogManager)
[2026-03-09 17:26:44,763] INFO [Partition baseline-auto-topic-0201-0 broker=1] No checkpointed highwatermark is found for partition baseline-auto-topic-0201-0 (kafka.cluster.Partition)
[2026-03-09 17:26:44,763] INFO [Partition baseline-auto-topic-0201-0 broker=1] Log loaded for partition baseline-auto-topic-0201-0 with initial high watermark 0 (kafka.cluster.Partition)
[2026-03-09 17:26:44,943] INFO Sent auto-creation request for Set(baseline-auto-topic-0202) to the active controller. (kafka.server.DefaultAutoTopicCreationManager)
[2026-03-09 17:26:44,975] INFO [ReplicaFetcherManager on broker 1] Removed fetcher for partitions Set(baseline-auto-topic-0202-0) (kafka.server.ReplicaFetcherManager)
[2026-03-09 17:26:44,980] INFO [LogLoader partition=baseline-auto-topic-0202-0, dir=/tmp/kraft-combined-logs] Loading producer state till offset 0 (org.apache.kafka.storage.internals.log.UnifiedLog)
[2026-03-09 17:26:44,980] INFO Created log for partition baseline-auto-topic-0202-0 in /tmp/kraft-combined-logs/baseline-auto-topic-0202-0 with properties {} (kafka.log.LogManager)
[2026-03-09 17:26:44,980] INFO [Partition baseline-auto-topic-0202-0 broker=1] No checkpointed highwatermark is found for partition baseline-auto-topic-0202-0 (kafka.cluster.Partition)
[2026-03-09 17:26:44,980] INFO [Partition baseline-auto-topic-0202-0 broker=1] Log loaded for partition baseline-auto-topic-0202-0 with initial high watermark 0 (kafka.cluster.Partition)
[2026-03-09 17:26:45,164] INFO Sent auto-creation request for Set(baseline-auto-topic-0203) to the active controller. (kafka.server.DefaultAutoTopicCreationManager)
[2026-03-09 17:26:45,196] INFO [ReplicaFetcherManager on broker 1] Removed fetcher for partitions Set(baseline-auto-topic-0203-0) (kafka.server.ReplicaFetcherManager)
[2026-03-09 17:26:45,200] INFO [LogLoader partition=baseline-auto-topic-0203-0, dir=/tmp/kraft-combined-logs] Loading producer state till offset 0 (org.apache.kafka.storage.internals.log.UnifiedLog)
[2026-03-09 17:26:45,201] INFO Created log for partition baseline-auto-topic-0203-0 in /tmp/kraft-combined-logs/baseline-auto-topic-0203-0 with properties {} (kafka.log.LogManager)
[2026-03-09 17:26:45,201] INFO [Partition baseline-auto-topic-0203-0 broker=1] No checkpointed highwatermark is found for partition baseline-auto-topic-0203-0 (kafka.cluster.Partition)
[2026-03-09 17:26:45,201] INFO [Partition baseline-auto-topic-0203-0 broker=1] Log loaded for partition baseline-auto-topic-0203-0 with initial high watermark 0 (kafka.cluster.Partition)
[2026-03-09 17:26:45,384] INFO Sent auto-creation request for Set(baseline-auto-topic-0204) to the active controller. (kafka.server.DefaultAutoTopicCreationManager)
[2026-03-09 17:26:45,417] INFO [ReplicaFetcherManager on broker 1] Removed fetcher for partitions Set(baseline-auto-topic-0204-0) (kafka.server.ReplicaFetcherManager)
[2026-03-09 17:26:45,422] INFO [LogLoader partition=baseline-auto-topic-0204-0, dir=/tmp/kraft-combined-logs] Loading producer state till offset 0 (org.apache.kafka.storage.internals.log.UnifiedLog)
[2026-03-09 17:26:45,423] INFO Created log for partition baseline-auto-topic-0204-0 in /tmp/kraft-combined-logs/baseline-auto-topic-0204-0 with properties {} (kafka.log.LogManager)
[2026-03-09 17:26:45,423] INFO [Partition baseline-auto-topic-0204-0 broker=1] No checkpointed highwatermark is found for partition baseline-auto-topic-0204-0 (kafka.cluster.Partition)
[2026-03-09 17:26:45,423] INFO [Partition baseline-auto-topic-0204-0 broker=1] Log loaded for partition baseline-auto-topic-0204-0 with initial high watermark 0 (kafka.cluster.Partition)
[2026-03-09 17:26:45,604] INFO Sent auto-creation request for Set(baseline-auto-topic-0205) to the active controller. (kafka.server.DefaultAutoTopicCreationManager)
[2026-03-09 17:26:45,633] INFO [ReplicaFetcherManager on broker 1] Removed fetcher for partitions Set(baseline-auto-topic-0205-0) (kafka.server.ReplicaFetcherManager)
[2026-03-09 17:26:45,638] INFO [LogLoader partition=baseline-auto-topic-0205-0, dir=/tmp/kraft-combined-logs] Loading producer state till offset 0 (org.apache.kafka.storage.internals.log.UnifiedLog)
[2026-03-09 17:26:45,638] INFO Created log for partition baseline-auto-topic-0205-0 in /tmp/kraft-combined-logs/baseline-auto-topic-0205-0 with properties {} (kafka.log.LogManager)
[2026-03-09 17:26:45,638] INFO [Partition baseline-auto-topic-0205-0 broker=1] No checkpointed highwatermark is found for partition baseline-auto-topic-0205-0 (kafka.cluster.Partition)
[2026-03-09 17:26:45,638] INFO [Partition baseline-auto-topic-0205-0 broker=1] Log loaded for partition baseline-auto-topic-0205-0 with initial high watermark 0 (kafka.cluster.Partition)
[2026-03-09 17:26:45,826] INFO Sent auto-creation request for Set(baseline-auto-topic-0206) to the active controller. (kafka.server.DefaultAutoTopicCreationManager)
[2026-03-09 17:26:45,860] INFO [ReplicaFetcherManager on broker 1] Removed fetcher for partitions Set(baseline-auto-topic-0206-0) (kafka.server.ReplicaFetcherManager)
[2026-03-09 17:26:45,865] INFO [LogLoader partition=baseline-auto-topic-0206-0, dir=/tmp/kraft-combined-logs] Loading producer state till offset 0 (org.apache.kafka.storage.internals.log.UnifiedLog)
[2026-03-09 17:26:45,866] INFO Created log for partition baseline-auto-topic-0206-0 in /tmp/kraft-combined-logs/baseline-auto-topic-0206-0 with properties {} (kafka.log.LogManager)
[2026-03-09 17:26:45,866] INFO [Partition baseline-auto-topic-0206-0 broker=1] No checkpointed highwatermark is found for partition baseline-auto-topic-0206-0 (kafka.cluster.Partition)
[2026-03-09 17:26:45,867] INFO [Partition baseline-auto-topic-0206-0 broker=1] Log loaded for partition baseline-auto-topic-0206-0 with initial high watermark 0 (kafka.cluster.Partition)
[2026-03-09 17:26:46,052] INFO Sent auto-creation request for Set(baseline-auto-topic-0207) to the active controller. (kafka.server.DefaultAutoTopicCreationManager)
[2026-03-09 17:26:46,084] INFO [ReplicaFetcherManager on broker 1] Removed fetcher for partitions Set(baseline-auto-topic-0207-0) (kafka.server.ReplicaFetcherManager)
[2026-03-09 17:26:46,090] INFO [LogLoader partition=baseline-auto-topic-0207-0, dir=/tmp/kraft-combined-logs] Loading producer state till offset 0 (org.apache.kafka.storage.internals.log.UnifiedLog)
[2026-03-09 17:26:46,090] INFO Created log for partition baseline-auto-topic-0207-0 in /tmp/kraft-combined-logs/baseline-auto-topic-0207-0 with properties {} (kafka.log.LogManager)
[2026-03-09 17:26:46,091] INFO [Partition baseline-auto-topic-0207-0 broker=1] No checkpointed highwatermark is found for partition baseline-auto-topic-0207-0 (kafka.cluster.Partition)
[2026-03-09 17:26:46,091] INFO [Partition baseline-auto-topic-0207-0 broker=1] Log loaded for partition baseline-auto-topic-0207-0 with initial high watermark 0 (kafka.cluster.Partition)
[2026-03-09 17:26:46,278] INFO Sent auto-creation request for Set(baseline-auto-topic-0208) to the active controller. (kafka.server.DefaultAutoTopicCreationManager)
[2026-03-09 17:26:46,311] INFO [ReplicaFetcherManager on broker 1] Removed fetcher for partitions Set(baseline-auto-topic-0208-0) (kafka.server.ReplicaFetcherManager)
[2026-03-09 17:26:46,317] INFO [LogLoader partition=baseline-auto-topic-0208-0, dir=/tmp/kraft-combined-logs] Loading producer state till offset 0 (org.apache.kafka.storage.internals.log.UnifiedLog)
[2026-03-09 17:26:46,317] INFO Created log for partition baseline-auto-topic-0208-0 in /tmp/kraft-combined-logs/baseline-auto-topic-0208-0 with properties {} (kafka.log.LogManager)
[2026-03-09 17:26:46,317] INFO [Partition baseline-auto-topic-0208-0 broker=1] No checkpointed highwatermark is found for partition baseline-auto-topic-0208-0 (kafka.cluster.Partition)
[2026-03-09 17:26:46,317] INFO [Partition baseline-auto-topic-0208-0 broker=1] Log loaded for partition baseline-auto-topic-0208-0 with initial high watermark 0 (kafka.cluster.Partition)
[2026-03-09 17:26:46,504] INFO Sent auto-creation request for Set(baseline-auto-topic-0209) to the active controller. (kafka.server.DefaultAutoTopicCreationManager)
[2026-03-09 17:26:46,536] INFO [ReplicaFetcherManager on broker 1] Removed fetcher for partitions Set(baseline-auto-topic-0209-0) (kafka.server.ReplicaFetcherManager)
[2026-03-09 17:26:46,543] INFO [LogLoader partition=baseline-auto-topic-0209-0, dir=/tmp/kraft-combined-logs] Loading producer state till offset 0 (org.apache.kafka.storage.internals.log.UnifiedLog)
[2026-03-09 17:26:46,543] INFO Created log for partition baseline-auto-topic-0209-0 in /tmp/kraft-combined-logs/baseline-auto-topic-0209-0 with properties {} (kafka.log.LogManager)
[2026-03-09 17:26:46,543] INFO [Partition baseline-auto-topic-0209-0 broker=1] No checkpointed highwatermark is found for partition baseline-auto-topic-0209-0 (kafka.cluster.Partition)
[2026-03-09 17:26:46,543] INFO [Partition baseline-auto-topic-0209-0 broker=1] Log loaded for partition baseline-auto-topic-0209-0 with initial high watermark 0 (kafka.cluster.Partition)
[2026-03-09 17:26:46,720] INFO Sent auto-creation request for Set(baseline-auto-topic-0210) to the active controller. (kafka.server.DefaultAutoTopicCreationManager)
[2026-03-09 17:26:46,752] INFO [ReplicaFetcherManager on broker 1] Removed fetcher for partitions Set(baseline-auto-topic-0210-0) (kafka.server.ReplicaFetcherManager)
[2026-03-09 17:26:46,757] INFO [LogLoader partition=baseline-auto-topic-0210-0, dir=/tmp/kraft-combined-logs] Loading producer state till offset 0 (org.apache.kafka.storage.internals.log.UnifiedLog)
[2026-03-09 17:26:46,757] INFO Created log for partition baseline-auto-topic-0210-0 in /tmp/kraft-combined-logs/baseline-auto-topic-0210-0 with properties {} (kafka.log.LogManager)
[2026-03-09 17:26:46,757] INFO [Partition baseline-auto-topic-0210-0 broker=1] No checkpointed highwatermark is found for partition baseline-auto-topic-0210-0 (kafka.cluster.Partition)
[2026-03-09 17:26:46,757] INFO [Partition baseline-auto-topic-0210-0 broker=1] Log loaded for partition baseline-auto-topic-0210-0 with initial high watermark 0 (kafka.cluster.Partition)
[2026-03-09 17:26:46,937] INFO Sent auto-creation request for Set(baseline-auto-topic-0211) to the active controller. (kafka.server.DefaultAutoTopicCreationManager)
[2026-03-09 17:26:46,966] INFO [ReplicaFetcherManager on broker 1] Removed fetcher for partitions Set(baseline-auto-topic-0211-0) (kafka.server.ReplicaFetcherManager)
[2026-03-09 17:26:46,972] INFO [LogLoader partition=baseline-auto-topic-0211-0, dir=/tmp/kraft-combined-logs] Loading producer state till offset 0 (org.apache.kafka.storage.internals.log.UnifiedLog)
[2026-03-09 17:26:46,973] INFO Created log for partition baseline-auto-topic-0211-0 in /tmp/kraft-combined-logs/baseline-auto-topic-0211-0 with properties {} (kafka.log.LogManager)
[2026-03-09 17:26:46,973] INFO [Partition baseline-auto-topic-0211-0 broker=1] No checkpointed highwatermark is found for partition baseline-auto-topic-0211-0 (kafka.cluster.Partition)
[2026-03-09 17:26:46,973] INFO [Partition baseline-auto-topic-0211-0 broker=1] Log loaded for partition baseline-auto-topic-0211-0 with initial high watermark 0 (kafka.cluster.Partition)
[2026-03-09 17:26:47,159] INFO Sent auto-creation request for Set(baseline-auto-topic-0212) to the active controller. (kafka.server.DefaultAutoTopicCreationManager)
[2026-03-09 17:26:47,188] INFO [ReplicaFetcherManager on broker 1] Removed fetcher for partitions Set(baseline-auto-topic-0212-0) (kafka.server.ReplicaFetcherManager)
[2026-03-09 17:26:47,192] INFO [LogLoader partition=baseline-auto-topic-0212-0, dir=/tmp/kraft-combined-logs] Loading producer state till offset 0 (org.apache.kafka.storage.internals.log.UnifiedLog)
[2026-03-09 17:26:47,192] INFO Created log for partition baseline-auto-topic-0212-0 in /tmp/kraft-combined-logs/baseline-auto-topic-0212-0 with properties {} (kafka.log.LogManager)
[2026-03-09 17:26:47,192] INFO [Partition baseline-auto-topic-0212-0 broker=1] No checkpointed highwatermark is found for partition baseline-auto-topic-0212-0 (kafka.cluster.Partition)
[2026-03-09 17:26:47,192] INFO [Partition baseline-auto-topic-0212-0 broker=1] Log loaded for partition baseline-auto-topic-0212-0 with initial high watermark 0 (kafka.cluster.Partition)
[2026-03-09 17:26:47,373] INFO Sent auto-creation request for Set(baseline-auto-topic-0213) to the active controller. (kafka.server.DefaultAutoTopicCreationManager)
[2026-03-09 17:26:47,405] INFO [ReplicaFetcherManager on broker 1] Removed fetcher for partitions Set(baseline-auto-topic-0213-0) (kafka.server.ReplicaFetcherManager)
[2026-03-09 17:26:47,409] INFO [LogLoader partition=baseline-auto-topic-0213-0, dir=/tmp/kraft-combined-logs] Loading producer state till offset 0 (org.apache.kafka.storage.internals.log.UnifiedLog)
[2026-03-09 17:26:47,409] INFO Created log for partition baseline-auto-topic-0213-0 in /tmp/kraft-combined-logs/baseline-auto-topic-0213-0 with properties {} (kafka.log.LogManager)
[2026-03-09 17:26:47,410] INFO [Partition baseline-auto-topic-0213-0 broker=1] No checkpointed highwatermark is found for partition baseline-auto-topic-0213-0 (kafka.cluster.Partition)
[2026-03-09 17:26:47,410] INFO [Partition baseline-auto-topic-0213-0 broker=1] Log loaded for partition baseline-auto-topic-0213-0 with initial high watermark 0 (kafka.cluster.Partition)
[2026-03-09 17:26:47,590] INFO Sent auto-creation request for Set(baseline-auto-topic-0214) to the active controller. (kafka.server.DefaultAutoTopicCreationManager)
[2026-03-09 17:26:47,622] INFO [ReplicaFetcherManager on broker 1] Removed fetcher for partitions Set(baseline-auto-topic-0214-0) (kafka.server.ReplicaFetcherManager)
[2026-03-09 17:26:47,628] INFO [LogLoader partition=baseline-auto-topic-0214-0, dir=/tmp/kraft-combined-logs] Loading producer state till offset 0 (org.apache.kafka.storage.internals.log.UnifiedLog)
[2026-03-09 17:26:47,628] INFO Created log for partition baseline-auto-topic-0214-0 in /tmp/kraft-combined-logs/baseline-auto-topic-0214-0 with properties {} (kafka.log.LogManager)
[2026-03-09 17:26:47,629] INFO [Partition baseline-auto-topic-0214-0 broker=1] No checkpointed highwatermark is found for partition baseline-auto-topic-0214-0 (kafka.cluster.Partition)
[2026-03-09 17:26:47,629] INFO [Partition baseline-auto-topic-0214-0 broker=1] Log loaded for partition baseline-auto-topic-0214-0 with initial high watermark 0 (kafka.cluster.Partition)
[2026-03-09 17:26:47,803] INFO Sent auto-creation request for Set(baseline-auto-topic-0215) to the active controller. (kafka.server.DefaultAutoTopicCreationManager)
[2026-03-09 17:26:47,835] INFO [ReplicaFetcherManager on broker 1] Removed fetcher for partitions Set(baseline-auto-topic-0215-0) (kafka.server.ReplicaFetcherManager)
[2026-03-09 17:26:47,840] INFO [LogLoader partition=baseline-auto-topic-0215-0, dir=/tmp/kraft-combined-logs] Loading producer state till offset 0 (org.apache.kafka.storage.internals.log.UnifiedLog)
[2026-03-09 17:26:47,840] INFO Created log for partition baseline-auto-topic-0215-0 in /tmp/kraft-combined-logs/baseline-auto-topic-0215-0 with properties {} (kafka.log.LogManager)
[2026-03-09 17:26:47,840] INFO [Partition baseline-auto-topic-0215-0 broker=1] No checkpointed highwatermark is found for partition baseline-auto-topic-0215-0 (kafka.cluster.Partition)
[2026-03-09 17:26:47,840] INFO [Partition baseline-auto-topic-0215-0 broker=1] Log loaded for partition baseline-auto-topic-0215-0 with initial high watermark 0 (kafka.cluster.Partition)
[2026-03-09 17:26:48,023] INFO Sent auto-creation request for Set(baseline-auto-topic-0216) to the active controller. (kafka.server.DefaultAutoTopicCreationManager)
[2026-03-09 17:26:48,057] INFO [ReplicaFetcherManager on broker 1] Removed fetcher for partitions Set(baseline-auto-topic-0216-0) (kafka.server.ReplicaFetcherManager)
[2026-03-09 17:26:48,062] INFO [LogLoader partition=baseline-auto-topic-0216-0, dir=/tmp/kraft-combined-logs] Loading producer state till offset 0 (org.apache.kafka.storage.internals.log.UnifiedLog)
[2026-03-09 17:26:48,062] INFO Created log for partition baseline-auto-topic-0216-0 in /tmp/kraft-combined-logs/baseline-auto-topic-0216-0 with properties {} (kafka.log.LogManager)
[2026-03-09 17:26:48,062] INFO [Partition baseline-auto-topic-0216-0 broker=1] No checkpointed highwatermark is found for partition baseline-auto-topic-0216-0 (kafka.cluster.Partition)
[2026-03-09 17:26:48,062] INFO [Partition baseline-auto-topic-0216-0 broker=1] Log loaded for partition baseline-auto-topic-0216-0 with initial high watermark 0 (kafka.cluster.Partition)
[2026-03-09 17:26:48,239] INFO Sent auto-creation request for Set(baseline-auto-topic-0217) to the active controller. (kafka.server.DefaultAutoTopicCreationManager)
[2026-03-09 17:26:48,271] INFO [ReplicaFetcherManager on broker 1] Removed fetcher for partitions Set(baseline-auto-topic-0217-0) (kafka.server.ReplicaFetcherManager)
[2026-03-09 17:26:48,274] INFO [LogLoader partition=baseline-auto-topic-0217-0, dir=/tmp/kraft-combined-logs] Loading producer state till offset 0 (org.apache.kafka.storage.internals.log.UnifiedLog)
[2026-03-09 17:26:48,275] INFO Created log for partition baseline-auto-topic-0217-0 in /tmp/kraft-combined-logs/baseline-auto-topic-0217-0 with properties {} (kafka.log.LogManager)
[2026-03-09 17:26:48,275] INFO [Partition baseline-auto-topic-0217-0 broker=1] No checkpointed highwatermark is found for partition baseline-auto-topic-0217-0 (kafka.cluster.Partition)
[2026-03-09 17:26:48,275] INFO [Partition baseline-auto-topic-0217-0 broker=1] Log loaded for partition baseline-auto-topic-0217-0 with initial high watermark 0 (kafka.cluster.Partition)
[2026-03-09 17:26:48,455] INFO Sent auto-creation request for Set(baseline-auto-topic-0218) to the active controller. (kafka.server.DefaultAutoTopicCreationManager)
[2026-03-09 17:26:48,488] INFO [ReplicaFetcherManager on broker 1] Removed fetcher for partitions Set(baseline-auto-topic-0218-0) (kafka.server.ReplicaFetcherManager)
[2026-03-09 17:26:48,494] INFO [LogLoader partition=baseline-auto-topic-0218-0, dir=/tmp/kraft-combined-logs] Loading producer state till offset 0 (org.apache.kafka.storage.internals.log.UnifiedLog)
[2026-03-09 17:26:48,494] INFO Created log for partition baseline-auto-topic-0218-0 in /tmp/kraft-combined-logs/baseline-auto-topic-0218-0 with properties {} (kafka.log.LogManager)
[2026-03-09 17:26:48,494] INFO [Partition baseline-auto-topic-0218-0 broker=1] No checkpointed highwatermark is found for partition baseline-auto-topic-0218-0 (kafka.cluster.Partition)
[2026-03-09 17:26:48,494] INFO [Partition baseline-auto-topic-0218-0 broker=1] Log loaded for partition baseline-auto-topic-0218-0 with initial high watermark 0 (kafka.cluster.Partition)
[2026-03-09 17:26:48,680] INFO Sent auto-creation request for Set(baseline-auto-topic-0219) to the active controller. (kafka.server.DefaultAutoTopicCreationManager)
[2026-03-09 17:26:48,712] INFO [ReplicaFetcherManager on broker 1] Removed fetcher for partitions Set(baseline-auto-topic-0219-0) (kafka.server.ReplicaFetcherManager)
[2026-03-09 17:26:48,718] INFO [LogLoader partition=baseline-auto-topic-0219-0, dir=/tmp/kraft-combined-logs] Loading producer state till offset 0 (org.apache.kafka.storage.internals.log.UnifiedLog)
[2026-03-09 17:26:48,718] INFO Created log for partition baseline-auto-topic-0219-0 in /tmp/kraft-combined-logs/baseline-auto-topic-0219-0 with properties {} (kafka.log.LogManager)
[2026-03-09 17:26:48,718] INFO [Partition baseline-auto-topic-0219-0 broker=1] No checkpointed highwatermark is found for partition baseline-auto-topic-0219-0 (kafka.cluster.Partition)
[2026-03-09 17:26:48,718] INFO [Partition baseline-auto-topic-0219-0 broker=1] Log loaded for partition baseline-auto-topic-0219-0 with initial high watermark 0 (kafka.cluster.Partition)
[2026-03-09 17:26:48,917] INFO Sent auto-creation request for Set(baseline-auto-topic-0220) to the active controller. (kafka.server.DefaultAutoTopicCreationManager)
[2026-03-09 17:26:48,949] INFO [ReplicaFetcherManager on broker 1] Removed fetcher for partitions Set(baseline-auto-topic-0220-0) (kafka.server.ReplicaFetcherManager)
[2026-03-09 17:26:48,954] INFO [LogLoader partition=baseline-auto-topic-0220-0, dir=/tmp/kraft-combined-logs] Loading producer state till offset 0 (org.apache.kafka.storage.internals.log.UnifiedLog)
[2026-03-09 17:26:48,954] INFO Created log for partition baseline-auto-topic-0220-0 in /tmp/kraft-combined-logs/baseline-auto-topic-0220-0 with properties {} (kafka.log.LogManager)
[2026-03-09 17:26:48,955] INFO [Partition baseline-auto-topic-0220-0 broker=1] No checkpointed highwatermark is found for partition baseline-auto-topic-0220-0 (kafka.cluster.Partition)
[2026-03-09 17:26:48,955] INFO [Partition baseline-auto-topic-0220-0 broker=1] Log loaded for partition baseline-auto-topic-0220-0 with initial high watermark 0 (kafka.cluster.Partition)
[2026-03-09 17:26:49,143] INFO Sent auto-creation request for Set(baseline-auto-topic-0221) to the active controller. (kafka.server.DefaultAutoTopicCreationManager)
[2026-03-09 17:26:49,171] INFO [ReplicaFetcherManager on broker 1] Removed fetcher for partitions Set(baseline-auto-topic-0221-0) (kafka.server.ReplicaFetcherManager)
[2026-03-09 17:26:49,176] INFO [LogLoader partition=baseline-auto-topic-0221-0, dir=/tmp/kraft-combined-logs] Loading producer state till offset 0 (org.apache.kafka.storage.internals.log.UnifiedLog)
[2026-03-09 17:26:49,176] INFO Created log for partition baseline-auto-topic-0221-0 in /tmp/kraft-combined-logs/baseline-auto-topic-0221-0 with properties {} (kafka.log.LogManager)
[2026-03-09 17:26:49,177] INFO [Partition baseline-auto-topic-0221-0 broker=1] No checkpointed highwatermark is found for partition baseline-auto-topic-0221-0 (kafka.cluster.Partition)
[2026-03-09 17:26:49,177] INFO [Partition baseline-auto-topic-0221-0 broker=1] Log loaded for partition baseline-auto-topic-0221-0 with initial high watermark 0 (kafka.cluster.Partition)
[2026-03-09 17:26:49,366] INFO Sent auto-creation request for Set(baseline-auto-topic-0222) to the active controller. (kafka.server.DefaultAutoTopicCreationManager)
[2026-03-09 17:26:49,398] INFO [ReplicaFetcherManager on broker 1] Removed fetcher for partitions Set(baseline-auto-topic-0222-0) (kafka.server.ReplicaFetcherManager)
[2026-03-09 17:26:49,404] INFO [LogLoader partition=baseline-auto-topic-0222-0, dir=/tmp/kraft-combined-logs] Loading producer state till offset 0 (org.apache.kafka.storage.internals.log.UnifiedLog)
[2026-03-09 17:26:49,404] INFO Created log for partition baseline-auto-topic-0222-0 in /tmp/kraft-combined-logs/baseline-auto-topic-0222-0 with properties {} (kafka.log.LogManager)
[2026-03-09 17:26:49,405] INFO [Partition baseline-auto-topic-0222-0 broker=1] No checkpointed highwatermark is found for partition baseline-auto-topic-0222-0 (kafka.cluster.Partition)
[2026-03-09 17:26:49,405] INFO [Partition baseline-auto-topic-0222-0 broker=1] Log loaded for partition baseline-auto-topic-0222-0 with initial high watermark 0 (kafka.cluster.Partition)
[2026-03-09 17:26:49,591] INFO Sent auto-creation request for Set(baseline-auto-topic-0223) to the active controller. (kafka.server.DefaultAutoTopicCreationManager)
[2026-03-09 17:26:49,625] INFO [ReplicaFetcherManager on broker 1] Removed fetcher for partitions Set(baseline-auto-topic-0223-0) (kafka.server.ReplicaFetcherManager)
[2026-03-09 17:26:49,629] INFO [LogLoader partition=baseline-auto-topic-0223-0, dir=/tmp/kraft-combined-logs] Loading producer state till offset 0 (org.apache.kafka.storage.internals.log.UnifiedLog)
[2026-03-09 17:26:49,629] INFO Created log for partition baseline-auto-topic-0223-0 in /tmp/kraft-combined-logs/baseline-auto-topic-0223-0 with properties {} (kafka.log.LogManager)
[2026-03-09 17:26:49,630] INFO [Partition baseline-auto-topic-0223-0 broker=1] No checkpointed highwatermark is found for partition baseline-auto-topic-0223-0 (kafka.cluster.Partition)
[2026-03-09 17:26:49,630] INFO [Partition baseline-auto-topic-0223-0 broker=1] Log loaded for partition baseline-auto-topic-0223-0 with initial high watermark 0 (kafka.cluster.Partition)
[2026-03-09 17:26:49,814] INFO Sent auto-creation request for Set(baseline-auto-topic-0224) to the active controller. (kafka.server.DefaultAutoTopicCreationManager)
[2026-03-09 17:26:49,845] INFO [ReplicaFetcherManager on broker 1] Removed fetcher for partitions Set(baseline-auto-topic-0224-0) (kafka.server.ReplicaFetcherManager)
[2026-03-09 17:26:49,850] INFO [LogLoader partition=baseline-auto-topic-0224-0, dir=/tmp/kraft-combined-logs] Loading producer state till offset 0 (org.apache.kafka.storage.internals.log.UnifiedLog)
[2026-03-09 17:26:49,850] INFO Created log for partition baseline-auto-topic-0224-0 in /tmp/kraft-combined-logs/baseline-auto-topic-0224-0 with properties {} (kafka.log.LogManager)
[2026-03-09 17:26:49,851] INFO [Partition baseline-auto-topic-0224-0 broker=1] No checkpointed highwatermark is found for partition baseline-auto-topic-0224-0 (kafka.cluster.Partition)
[2026-03-09 17:26:49,851] INFO [Partition baseline-auto-topic-0224-0 broker=1] Log loaded for partition baseline-auto-topic-0224-0 with initial high watermark 0 (kafka.cluster.Partition)
[2026-03-09 17:26:50,038] INFO Sent auto-creation request for Set(baseline-auto-topic-0225) to the active controller. (kafka.server.DefaultAutoTopicCreationManager)
[2026-03-09 17:26:50,069] INFO [ReplicaFetcherManager on broker 1] Removed fetcher for partitions Set(baseline-auto-topic-0225-0) (kafka.server.ReplicaFetcherManager)
[2026-03-09 17:26:50,074] INFO [LogLoader partition=baseline-auto-topic-0225-0, dir=/tmp/kraft-combined-logs] Loading producer state till offset 0 (org.apache.kafka.storage.internals.log.UnifiedLog)
[2026-03-09 17:26:50,075] INFO Created log for partition baseline-auto-topic-0225-0 in /tmp/kraft-combined-logs/baseline-auto-topic-0225-0 with properties {} (kafka.log.LogManager)
[2026-03-09 17:26:50,075] INFO [Partition baseline-auto-topic-0225-0 broker=1] No checkpointed highwatermark is found for partition baseline-auto-topic-0225-0 (kafka.cluster.Partition)
[2026-03-09 17:26:50,075] INFO [Partition baseline-auto-topic-0225-0 broker=1] Log loaded for partition baseline-auto-topic-0225-0 with initial high watermark 0 (kafka.cluster.Partition)
[2026-03-09 17:26:50,262] INFO Sent auto-creation request for Set(baseline-auto-topic-0226) to the active controller. (kafka.server.DefaultAutoTopicCreationManager)
[2026-03-09 17:26:50,293] INFO [ReplicaFetcherManager on broker 1] Removed fetcher for partitions Set(baseline-auto-topic-0226-0) (kafka.server.ReplicaFetcherManager)
[2026-03-09 17:26:50,298] INFO [LogLoader partition=baseline-auto-topic-0226-0, dir=/tmp/kraft-combined-logs] Loading producer state till offset 0 (org.apache.kafka.storage.internals.log.UnifiedLog)
[2026-03-09 17:26:50,298] INFO Created log for partition baseline-auto-topic-0226-0 in /tmp/kraft-combined-logs/baseline-auto-topic-0226-0 with properties {} (kafka.log.LogManager)
[2026-03-09 17:26:50,299] INFO [Partition baseline-auto-topic-0226-0 broker=1] No checkpointed highwatermark is found for partition baseline-auto-topic-0226-0 (kafka.cluster.Partition)
[2026-03-09 17:26:50,299] INFO [Partition baseline-auto-topic-0226-0 broker=1] Log loaded for partition baseline-auto-topic-0226-0 with initial high watermark 0 (kafka.cluster.Partition)
[2026-03-09 17:26:50,484] INFO Sent auto-creation request for Set(baseline-auto-topic-0227) to the active controller. (kafka.server.DefaultAutoTopicCreationManager)
[2026-03-09 17:26:50,515] INFO [ReplicaFetcherManager on broker 1] Removed fetcher for partitions Set(baseline-auto-topic-0227-0) (kafka.server.ReplicaFetcherManager)
[2026-03-09 17:26:50,521] INFO [LogLoader partition=baseline-auto-topic-0227-0, dir=/tmp/kraft-combined-logs] Loading producer state till offset 0 (org.apache.kafka.storage.internals.log.UnifiedLog)
[2026-03-09 17:26:50,521] INFO Created log for partition baseline-auto-topic-0227-0 in /tmp/kraft-combined-logs/baseline-auto-topic-0227-0 with properties {} (kafka.log.LogManager)
[2026-03-09 17:26:50,521] INFO [Partition baseline-auto-topic-0227-0 broker=1] No checkpointed highwatermark is found for partition baseline-auto-topic-0227-0 (kafka.cluster.Partition)
[2026-03-09 17:26:50,521] INFO [Partition baseline-auto-topic-0227-0 broker=1] Log loaded for partition baseline-auto-topic-0227-0 with initial high watermark 0 (kafka.cluster.Partition)
[2026-03-09 17:26:50,704] INFO Sent auto-creation request for Set(baseline-auto-topic-0228) to the active controller. (kafka.server.DefaultAutoTopicCreationManager)
[2026-03-09 17:26:50,736] INFO [ReplicaFetcherManager on broker 1] Removed fetcher for partitions Set(baseline-auto-topic-0228-0) (kafka.server.ReplicaFetcherManager)
[2026-03-09 17:26:50,740] INFO [LogLoader partition=baseline-auto-topic-0228-0, dir=/tmp/kraft-combined-logs] Loading producer state till offset 0 (org.apache.kafka.storage.internals.log.UnifiedLog)
[2026-03-09 17:26:50,740] INFO Created log for partition baseline-auto-topic-0228-0 in /tmp/kraft-combined-logs/baseline-auto-topic-0228-0 with properties {} (kafka.log.LogManager)
[2026-03-09 17:26:50,740] INFO [Partition baseline-auto-topic-0228-0 broker=1] No checkpointed highwatermark is found for partition baseline-auto-topic-0228-0 (kafka.cluster.Partition)
[2026-03-09 17:26:50,740] INFO [Partition baseline-auto-topic-0228-0 broker=1] Log loaded for partition baseline-auto-topic-0228-0 with initial high watermark 0 (kafka.cluster.Partition)
[2026-03-09 17:26:50,922] INFO Sent auto-creation request for Set(baseline-auto-topic-0229) to the active controller. (kafka.server.DefaultAutoTopicCreationManager)
[2026-03-09 17:26:50,953] INFO [ReplicaFetcherManager on broker 1] Removed fetcher for partitions Set(baseline-auto-topic-0229-0) (kafka.server.ReplicaFetcherManager)
[2026-03-09 17:26:50,958] INFO [LogLoader partition=baseline-auto-topic-0229-0, dir=/tmp/kraft-combined-logs] Loading producer state till offset 0 (org.apache.kafka.storage.internals.log.UnifiedLog)
[2026-03-09 17:26:50,959] INFO Created log for partition baseline-auto-topic-0229-0 in /tmp/kraft-combined-logs/baseline-auto-topic-0229-0 with properties {} (kafka.log.LogManager)
[2026-03-09 17:26:50,959] INFO [Partition baseline-auto-topic-0229-0 broker=1] No checkpointed highwatermark is found for partition baseline-auto-topic-0229-0 (kafka.cluster.Partition)
[2026-03-09 17:26:50,959] INFO [Partition baseline-auto-topic-0229-0 broker=1] Log loaded for partition baseline-auto-topic-0229-0 with initial high watermark 0 (kafka.cluster.Partition)
[2026-03-09 17:26:51,140] INFO Sent auto-creation request for Set(baseline-auto-topic-0230) to the active controller. (kafka.server.DefaultAutoTopicCreationManager)
[2026-03-09 17:26:51,172] INFO [ReplicaFetcherManager on broker 1] Removed fetcher for partitions Set(baseline-auto-topic-0230-0) (kafka.server.ReplicaFetcherManager)
[2026-03-09 17:26:51,177] INFO [LogLoader partition=baseline-auto-topic-0230-0, dir=/tmp/kraft-combined-logs] Loading producer state till offset 0 (org.apache.kafka.storage.internals.log.UnifiedLog)
[2026-03-09 17:26:51,177] INFO Created log for partition baseline-auto-topic-0230-0 in /tmp/kraft-combined-logs/baseline-auto-topic-0230-0 with properties {} (kafka.log.LogManager)
[2026-03-09 17:26:51,177] INFO [Partition baseline-auto-topic-0230-0 broker=1] No checkpointed highwatermark is found for partition baseline-auto-topic-0230-0 (kafka.cluster.Partition)
[2026-03-09 17:26:51,177] INFO [Partition baseline-auto-topic-0230-0 broker=1] Log loaded for partition baseline-auto-topic-0230-0 with initial high watermark 0 (kafka.cluster.Partition)
[2026-03-09 17:26:51,360] INFO Sent auto-creation request for Set(baseline-auto-topic-0231) to the active controller. (kafka.server.DefaultAutoTopicCreationManager)
[2026-03-09 17:26:51,389] INFO [ReplicaFetcherManager on broker 1] Removed fetcher for partitions Set(baseline-auto-topic-0231-0) (kafka.server.ReplicaFetcherManager)
[2026-03-09 17:26:51,395] INFO [LogLoader partition=baseline-auto-topic-0231-0, dir=/tmp/kraft-combined-logs] Loading producer state till offset 0 (org.apache.kafka.storage.internals.log.UnifiedLog)
[2026-03-09 17:26:51,395] INFO Created log for partition baseline-auto-topic-0231-0 in /tmp/kraft-combined-logs/baseline-auto-topic-0231-0 with properties {} (kafka.log.LogManager)
[2026-03-09 17:26:51,395] INFO [Partition baseline-auto-topic-0231-0 broker=1] No checkpointed highwatermark is found for partition baseline-auto-topic-0231-0 (kafka.cluster.Partition)
[2026-03-09 17:26:51,395] INFO [Partition baseline-auto-topic-0231-0 broker=1] Log loaded for partition baseline-auto-topic-0231-0 with initial high watermark 0 (kafka.cluster.Partition)
[2026-03-09 17:26:51,581] INFO Sent auto-creation request for Set(baseline-auto-topic-0232) to the active controller. (kafka.server.DefaultAutoTopicCreationManager)
[2026-03-09 17:26:51,611] INFO [ReplicaFetcherManager on broker 1] Removed fetcher for partitions Set(baseline-auto-topic-0232-0) (kafka.server.ReplicaFetcherManager)
[2026-03-09 17:26:51,614] INFO [LogLoader partition=baseline-auto-topic-0232-0, dir=/tmp/kraft-combined-logs] Loading producer state till offset 0 (org.apache.kafka.storage.internals.log.UnifiedLog)
[2026-03-09 17:26:51,615] INFO Created log for partition baseline-auto-topic-0232-0 in /tmp/kraft-combined-logs/baseline-auto-topic-0232-0 with properties {} (kafka.log.LogManager)
[2026-03-09 17:26:51,615] INFO [Partition baseline-auto-topic-0232-0 broker=1] No checkpointed highwatermark is found for partition baseline-auto-topic-0232-0 (kafka.cluster.Partition)
[2026-03-09 17:26:51,615] INFO [Partition baseline-auto-topic-0232-0 broker=1] Log loaded for partition baseline-auto-topic-0232-0 with initial high watermark 0 (kafka.cluster.Partition)
[2026-03-09 17:26:51,795] INFO Sent auto-creation request for Set(baseline-auto-topic-0233) to the active controller. (kafka.server.DefaultAutoTopicCreationManager)
[2026-03-09 17:26:51,823] INFO [ReplicaFetcherManager on broker 1] Removed fetcher for partitions Set(baseline-auto-topic-0233-0) (kafka.server.ReplicaFetcherManager)
[2026-03-09 17:26:51,827] INFO [LogLoader partition=baseline-auto-topic-0233-0, dir=/tmp/kraft-combined-logs] Loading producer state till offset 0 (org.apache.kafka.storage.internals.log.UnifiedLog)
[2026-03-09 17:26:51,827] INFO Created log for partition baseline-auto-topic-0233-0 in /tmp/kraft-combined-logs/baseline-auto-topic-0233-0 with properties {} (kafka.log.LogManager)
[2026-03-09 17:26:51,827] INFO [Partition baseline-auto-topic-0233-0 broker=1] No checkpointed highwatermark is found for partition baseline-auto-topic-0233-0 (kafka.cluster.Partition)
[2026-03-09 17:26:51,827] INFO [Partition baseline-auto-topic-0233-0 broker=1] Log loaded for partition baseline-auto-topic-0233-0 with initial high watermark 0 (kafka.cluster.Partition)
[2026-03-09 17:26:52,010] INFO Sent auto-creation request for Set(baseline-auto-topic-0234) to the active controller. (kafka.server.DefaultAutoTopicCreationManager)
[2026-03-09 17:26:52,037] INFO [ReplicaFetcherManager on broker 1] Removed fetcher for partitions Set(baseline-auto-topic-0234-0) (kafka.server.ReplicaFetcherManager)
[2026-03-09 17:26:52,043] INFO [LogLoader partition=baseline-auto-topic-0234-0, dir=/tmp/kraft-combined-logs] Loading producer state till offset 0 (org.apache.kafka.storage.internals.log.UnifiedLog)
[2026-03-09 17:26:52,043] INFO Created log for partition baseline-auto-topic-0234-0 in /tmp/kraft-combined-logs/baseline-auto-topic-0234-0 with properties {} (kafka.log.LogManager)
[2026-03-09 17:26:52,043] INFO [Partition baseline-auto-topic-0234-0 broker=1] No checkpointed highwatermark is found for partition baseline-auto-topic-0234-0 (kafka.cluster.Partition)
[2026-03-09 17:26:52,043] INFO [Partition baseline-auto-topic-0234-0 broker=1] Log loaded for partition baseline-auto-topic-0234-0 with initial high watermark 0 (kafka.cluster.Partition)
[2026-03-09 17:26:52,231] INFO Sent auto-creation request for Set(baseline-auto-topic-0235) to the active controller. (kafka.server.DefaultAutoTopicCreationManager)
[2026-03-09 17:26:52,263] INFO [ReplicaFetcherManager on broker 1] Removed fetcher for partitions Set(baseline-auto-topic-0235-0) (kafka.server.ReplicaFetcherManager)
[2026-03-09 17:26:52,269] INFO [LogLoader partition=baseline-auto-topic-0235-0, dir=/tmp/kraft-combined-logs] Loading producer state till offset 0 (org.apache.kafka.storage.internals.log.UnifiedLog)
[2026-03-09 17:26:52,269] INFO Created log for partition baseline-auto-topic-0235-0 in /tmp/kraft-combined-logs/baseline-auto-topic-0235-0 with properties {} (kafka.log.LogManager)
[2026-03-09 17:26:52,269] INFO [Partition baseline-auto-topic-0235-0 broker=1] No checkpointed highwatermark is found for partition baseline-auto-topic-0235-0 (kafka.cluster.Partition)
[2026-03-09 17:26:52,269] INFO [Partition baseline-auto-topic-0235-0 broker=1] Log loaded for partition baseline-auto-topic-0235-0 with initial high watermark 0 (kafka.cluster.Partition)
[2026-03-09 17:26:52,456] INFO Sent auto-creation request for Set(baseline-auto-topic-0236) to the active controller. (kafka.server.DefaultAutoTopicCreationManager)
[2026-03-09 17:26:52,486] INFO [ReplicaFetcherManager on broker 1] Removed fetcher for partitions Set(baseline-auto-topic-0236-0) (kafka.server.ReplicaFetcherManager)
[2026-03-09 17:26:52,491] INFO [LogLoader partition=baseline-auto-topic-0236-0, dir=/tmp/kraft-combined-logs] Loading producer state till offset 0 (org.apache.kafka.storage.internals.log.UnifiedLog)
[2026-03-09 17:26:52,492] INFO Created log for partition baseline-auto-topic-0236-0 in /tmp/kraft-combined-logs/baseline-auto-topic-0236-0 with properties {} (kafka.log.LogManager)
[2026-03-09 17:26:52,492] INFO [Partition baseline-auto-topic-0236-0 broker=1] No checkpointed highwatermark is found for partition baseline-auto-topic-0236-0 (kafka.cluster.Partition)
[2026-03-09 17:26:52,492] INFO [Partition baseline-auto-topic-0236-0 broker=1] Log loaded for partition baseline-auto-topic-0236-0 with initial high watermark 0 (kafka.cluster.Partition)
[2026-03-09 17:26:52,681] INFO Sent auto-creation request for Set(baseline-auto-topic-0237) to the active controller. (kafka.server.DefaultAutoTopicCreationManager)
[2026-03-09 17:26:52,713] INFO [ReplicaFetcherManager on broker 1] Removed fetcher for partitions Set(baseline-auto-topic-0237-0) (kafka.server.ReplicaFetcherManager)
[2026-03-09 17:26:52,719] INFO [LogLoader partition=baseline-auto-topic-0237-0, dir=/tmp/kraft-combined-logs] Loading producer state till offset 0 (org.apache.kafka.storage.internals.log.UnifiedLog)
[2026-03-09 17:26:52,719] INFO Created log for partition baseline-auto-topic-0237-0 in /tmp/kraft-combined-logs/baseline-auto-topic-0237-0 with properties {} (kafka.log.LogManager)
[2026-03-09 17:26:52,719] INFO [Partition baseline-auto-topic-0237-0 broker=1] No checkpointed highwatermark is found for partition baseline-auto-topic-0237-0 (kafka.cluster.Partition)
[2026-03-09 17:26:52,719] INFO [Partition baseline-auto-topic-0237-0 broker=1] Log loaded for partition baseline-auto-topic-0237-0 with initial high watermark 0 (kafka.cluster.Partition)
[2026-03-09 17:26:52,907] INFO Sent auto-creation request for Set(baseline-auto-topic-0238) to the active controller. (kafka.server.DefaultAutoTopicCreationManager)
[2026-03-09 17:26:52,936] INFO [ReplicaFetcherManager on broker 1] Removed fetcher for partitions Set(baseline-auto-topic-0238-0) (kafka.server.ReplicaFetcherManager)
[2026-03-09 17:26:52,942] INFO [LogLoader partition=baseline-auto-topic-0238-0, dir=/tmp/kraft-combined-logs] Loading producer state till offset 0 (org.apache.kafka.storage.internals.log.UnifiedLog)
[2026-03-09 17:26:52,942] INFO Created log for partition baseline-auto-topic-0238-0 in /tmp/kraft-combined-logs/baseline-auto-topic-0238-0 with properties {} (kafka.log.LogManager)
[2026-03-09 17:26:52,943] INFO [Partition baseline-auto-topic-0238-0 broker=1] No checkpointed highwatermark is found for partition baseline-auto-topic-0238-0 (kafka.cluster.Partition)
[2026-03-09 17:26:52,943] INFO [Partition baseline-auto-topic-0238-0 broker=1] Log loaded for partition baseline-auto-topic-0238-0 with initial high watermark 0 (kafka.cluster.Partition)
[2026-03-09 17:26:53,132] INFO Sent auto-creation request for Set(baseline-auto-topic-0239) to the active controller. (kafka.server.DefaultAutoTopicCreationManager)
[2026-03-09 17:26:53,163] INFO [ReplicaFetcherManager on broker 1] Removed fetcher for partitions Set(baseline-auto-topic-0239-0) (kafka.server.ReplicaFetcherManager)
[2026-03-09 17:26:53,167] INFO [LogLoader partition=baseline-auto-topic-0239-0, dir=/tmp/kraft-combined-logs] Loading producer state till offset 0 (org.apache.kafka.storage.internals.log.UnifiedLog)
[2026-03-09 17:26:53,167] INFO Created log for partition baseline-auto-topic-0239-0 in /tmp/kraft-combined-logs/baseline-auto-topic-0239-0 with properties {} (kafka.log.LogManager)
[2026-03-09 17:26:53,167] INFO [Partition baseline-auto-topic-0239-0 broker=1] No checkpointed highwatermark is found for partition baseline-auto-topic-0239-0 (kafka.cluster.Partition)
[2026-03-09 17:26:53,167] INFO [Partition baseline-auto-topic-0239-0 broker=1] Log loaded for partition baseline-auto-topic-0239-0 with initial high watermark 0 (kafka.cluster.Partition)
[2026-03-09 17:26:53,346] INFO Sent auto-creation request for Set(baseline-auto-topic-0240) to the active controller. (kafka.server.DefaultAutoTopicCreationManager)
[2026-03-09 17:26:53,371] INFO [ReplicaFetcherManager on broker 1] Removed fetcher for partitions Set(baseline-auto-topic-0240-0) (kafka.server.ReplicaFetcherManager)
[2026-03-09 17:26:53,377] INFO [LogLoader partition=baseline-auto-topic-0240-0, dir=/tmp/kraft-combined-logs] Loading producer state till offset 0 (org.apache.kafka.storage.internals.log.UnifiedLog)
[2026-03-09 17:26:53,377] INFO Created log for partition baseline-auto-topic-0240-0 in /tmp/kraft-combined-logs/baseline-auto-topic-0240-0 with properties {} (kafka.log.LogManager)
[2026-03-09 17:26:53,377] INFO [Partition baseline-auto-topic-0240-0 broker=1] No checkpointed highwatermark is found for partition baseline-auto-topic-0240-0 (kafka.cluster.Partition)
[2026-03-09 17:26:53,377] INFO [Partition baseline-auto-topic-0240-0 broker=1] Log loaded for partition baseline-auto-topic-0240-0 with initial high watermark 0 (kafka.cluster.Partition)
[2026-03-09 17:26:53,569] INFO Sent auto-creation request for Set(baseline-auto-topic-0241) to the active controller. (kafka.server.DefaultAutoTopicCreationManager)
[2026-03-09 17:26:53,599] INFO [ReplicaFetcherManager on broker 1] Removed fetcher for partitions Set(baseline-auto-topic-0241-0) (kafka.server.ReplicaFetcherManager)
[2026-03-09 17:26:53,604] INFO [LogLoader partition=baseline-auto-topic-0241-0, dir=/tmp/kraft-combined-logs] Loading producer state till offset 0 (org.apache.kafka.storage.internals.log.UnifiedLog)
[2026-03-09 17:26:53,604] INFO Created log for partition baseline-auto-topic-0241-0 in /tmp/kraft-combined-logs/baseline-auto-topic-0241-0 with properties {} (kafka.log.LogManager)
[2026-03-09 17:26:53,605] INFO [Partition baseline-auto-topic-0241-0 broker=1] No checkpointed highwatermark is found for partition baseline-auto-topic-0241-0 (kafka.cluster.Partition)
[2026-03-09 17:26:53,605] INFO [Partition baseline-auto-topic-0241-0 broker=1] Log loaded for partition baseline-auto-topic-0241-0 with initial high watermark 0 (kafka.cluster.Partition)
[2026-03-09 17:26:53,791] INFO Sent auto-creation request for Set(baseline-auto-topic-0242) to the active controller. (kafka.server.DefaultAutoTopicCreationManager)
[2026-03-09 17:26:53,822] INFO [ReplicaFetcherManager on broker 1] Removed fetcher for partitions Set(baseline-auto-topic-0242-0) (kafka.server.ReplicaFetcherManager)
[2026-03-09 17:26:53,827] INFO [LogLoader partition=baseline-auto-topic-0242-0, dir=/tmp/kraft-combined-logs] Loading producer state till offset 0 (org.apache.kafka.storage.internals.log.UnifiedLog)
[2026-03-09 17:26:53,827] INFO Created log for partition baseline-auto-topic-0242-0 in /tmp/kraft-combined-logs/baseline-auto-topic-0242-0 with properties {} (kafka.log.LogManager)
[2026-03-09 17:26:53,827] INFO [Partition baseline-auto-topic-0242-0 broker=1] No checkpointed highwatermark is found for partition baseline-auto-topic-0242-0 (kafka.cluster.Partition)
[2026-03-09 17:26:53,827] INFO [Partition baseline-auto-topic-0242-0 broker=1] Log loaded for partition baseline-auto-topic-0242-0 with initial high watermark 0 (kafka.cluster.Partition)
[2026-03-09 17:26:54,008] INFO Sent auto-creation request for Set(baseline-auto-topic-0243) to the active controller. (kafka.server.DefaultAutoTopicCreationManager)
[2026-03-09 17:26:54,038] INFO [ReplicaFetcherManager on broker 1] Removed fetcher for partitions Set(baseline-auto-topic-0243-0) (kafka.server.ReplicaFetcherManager)
[2026-03-09 17:26:54,044] INFO [LogLoader partition=baseline-auto-topic-0243-0, dir=/tmp/kraft-combined-logs] Loading producer state till offset 0 (org.apache.kafka.storage.internals.log.UnifiedLog)
[2026-03-09 17:26:54,045] INFO Created log for partition baseline-auto-topic-0243-0 in /tmp/kraft-combined-logs/baseline-auto-topic-0243-0 with properties {} (kafka.log.LogManager)
[2026-03-09 17:26:54,045] INFO [Partition baseline-auto-topic-0243-0 broker=1] No checkpointed highwatermark is found for partition baseline-auto-topic-0243-0 (kafka.cluster.Partition)
[2026-03-09 17:26:54,045] INFO [Partition baseline-auto-topic-0243-0 broker=1] Log loaded for partition baseline-auto-topic-0243-0 with initial high watermark 0 (kafka.cluster.Partition)
[2026-03-09 17:26:54,233] INFO Sent auto-creation request for Set(baseline-auto-topic-0244) to the active controller. (kafka.server.DefaultAutoTopicCreationManager)
[2026-03-09 17:26:54,266] INFO [ReplicaFetcherManager on broker 1] Removed fetcher for partitions Set(baseline-auto-topic-0244-0) (kafka.server.ReplicaFetcherManager)
[2026-03-09 17:26:54,270] INFO [LogLoader partition=baseline-auto-topic-0244-0, dir=/tmp/kraft-combined-logs] Loading producer state till offset 0 (org.apache.kafka.storage.internals.log.UnifiedLog)
[2026-03-09 17:26:54,271] INFO Created log for partition baseline-auto-topic-0244-0 in /tmp/kraft-combined-logs/baseline-auto-topic-0244-0 with properties {} (kafka.log.LogManager)
[2026-03-09 17:26:54,271] INFO [Partition baseline-auto-topic-0244-0 broker=1] No checkpointed highwatermark is found for partition baseline-auto-topic-0244-0 (kafka.cluster.Partition)
[2026-03-09 17:26:54,271] INFO [Partition baseline-auto-topic-0244-0 broker=1] Log loaded for partition baseline-auto-topic-0244-0 with initial high watermark 0 (kafka.cluster.Partition)
[2026-03-09 17:26:54,459] INFO Sent auto-creation request for Set(baseline-auto-topic-0245) to the active controller. (kafka.server.DefaultAutoTopicCreationManager)
[2026-03-09 17:26:54,490] INFO [ReplicaFetcherManager on broker 1] Removed fetcher for partitions Set(baseline-auto-topic-0245-0) (kafka.server.ReplicaFetcherManager)
[2026-03-09 17:26:54,495] INFO [LogLoader partition=baseline-auto-topic-0245-0, dir=/tmp/kraft-combined-logs] Loading producer state till offset 0 (org.apache.kafka.storage.internals.log.UnifiedLog)
[2026-03-09 17:26:54,496] INFO Created log for partition baseline-auto-topic-0245-0 in /tmp/kraft-combined-logs/baseline-auto-topic-0245-0 with properties {} (kafka.log.LogManager)
[2026-03-09 17:26:54,496] INFO [Partition baseline-auto-topic-0245-0 broker=1] No checkpointed highwatermark is found for partition baseline-auto-topic-0245-0 (kafka.cluster.Partition)
[2026-03-09 17:26:54,496] INFO [Partition baseline-auto-topic-0245-0 broker=1] Log loaded for partition baseline-auto-topic-0245-0 with initial high watermark 0 (kafka.cluster.Partition)
[2026-03-09 17:26:54,683] INFO Sent auto-creation request for Set(baseline-auto-topic-0246) to the active controller. (kafka.server.DefaultAutoTopicCreationManager)
[2026-03-09 17:26:54,713] INFO [ReplicaFetcherManager on broker 1] Removed fetcher for partitions Set(baseline-auto-topic-0246-0) (kafka.server.ReplicaFetcherManager)
[2026-03-09 17:26:54,718] INFO [LogLoader partition=baseline-auto-topic-0246-0, dir=/tmp/kraft-combined-logs] Loading producer state till offset 0 (org.apache.kafka.storage.internals.log.UnifiedLog)
[2026-03-09 17:26:54,718] INFO Created log for partition baseline-auto-topic-0246-0 in /tmp/kraft-combined-logs/baseline-auto-topic-0246-0 with properties {} (kafka.log.LogManager)
[2026-03-09 17:26:54,719] INFO [Partition baseline-auto-topic-0246-0 broker=1] No checkpointed highwatermark is found for partition baseline-auto-topic-0246-0 (kafka.cluster.Partition)
[2026-03-09 17:26:54,719] INFO [Partition baseline-auto-topic-0246-0 broker=1] Log loaded for partition baseline-auto-topic-0246-0 with initial high watermark 0 (kafka.cluster.Partition)
[2026-03-09 17:26:54,909] INFO Sent auto-creation request for Set(baseline-auto-topic-0247) to the active controller. (kafka.server.DefaultAutoTopicCreationManager)
[2026-03-09 17:26:54,942] INFO [ReplicaFetcherManager on broker 1] Removed fetcher for partitions Set(baseline-auto-topic-0247-0) (kafka.server.ReplicaFetcherManager)
[2026-03-09 17:26:54,946] INFO [LogLoader partition=baseline-auto-topic-0247-0, dir=/tmp/kraft-combined-logs] Loading producer state till offset 0 (org.apache.kafka.storage.internals.log.UnifiedLog)
[2026-03-09 17:26:54,947] INFO Created log for partition baseline-auto-topic-0247-0 in /tmp/kraft-combined-logs/baseline-auto-topic-0247-0 with properties {} (kafka.log.LogManager)
[2026-03-09 17:26:54,947] INFO [Partition baseline-auto-topic-0247-0 broker=1] No checkpointed highwatermark is found for partition baseline-auto-topic-0247-0 (kafka.cluster.Partition)
[2026-03-09 17:26:54,947] INFO [Partition baseline-auto-topic-0247-0 broker=1] Log loaded for partition baseline-auto-topic-0247-0 with initial high watermark 0 (kafka.cluster.Partition)
[2026-03-09 17:26:55,134] INFO Sent auto-creation request for Set(baseline-auto-topic-0248) to the active controller. (kafka.server.DefaultAutoTopicCreationManager)
[2026-03-09 17:26:55,165] INFO [ReplicaFetcherManager on broker 1] Removed fetcher for partitions Set(baseline-auto-topic-0248-0) (kafka.server.ReplicaFetcherManager)
[2026-03-09 17:26:55,170] INFO [LogLoader partition=baseline-auto-topic-0248-0, dir=/tmp/kraft-combined-logs] Loading producer state till offset 0 (org.apache.kafka.storage.internals.log.UnifiedLog)
[2026-03-09 17:26:55,171] INFO Created log for partition baseline-auto-topic-0248-0 in /tmp/kraft-combined-logs/baseline-auto-topic-0248-0 with properties {} (kafka.log.LogManager)
[2026-03-09 17:26:55,171] INFO [Partition baseline-auto-topic-0248-0 broker=1] No checkpointed highwatermark is found for partition baseline-auto-topic-0248-0 (kafka.cluster.Partition)
[2026-03-09 17:26:55,171] INFO [Partition baseline-auto-topic-0248-0 broker=1] Log loaded for partition baseline-auto-topic-0248-0 with initial high watermark 0 (kafka.cluster.Partition)
[2026-03-09 17:26:55,360] INFO Sent auto-creation request for Set(baseline-auto-topic-0249) to the active controller. (kafka.server.DefaultAutoTopicCreationManager)
[2026-03-09 17:26:55,387] INFO [ReplicaFetcherManager on broker 1] Removed fetcher for partitions Set(baseline-auto-topic-0249-0) (kafka.server.ReplicaFetcherManager)
[2026-03-09 17:26:55,393] INFO [LogLoader partition=baseline-auto-topic-0249-0, dir=/tmp/kraft-combined-logs] Loading producer state till offset 0 (org.apache.kafka.storage.internals.log.UnifiedLog)
[2026-03-09 17:26:55,393] INFO Created log for partition baseline-auto-topic-0249-0 in /tmp/kraft-combined-logs/baseline-auto-topic-0249-0 with properties {} (kafka.log.LogManager)
[2026-03-09 17:26:55,394] INFO [Partition baseline-auto-topic-0249-0 broker=1] No checkpointed highwatermark is found for partition baseline-auto-topic-0249-0 (kafka.cluster.Partition)
[2026-03-09 17:26:55,394] INFO [Partition baseline-auto-topic-0249-0 broker=1] Log loaded for partition baseline-auto-topic-0249-0 with initial high watermark 0 (kafka.cluster.Partition)
[2026-03-09 17:26:55,587] INFO Sent auto-creation request for Set(baseline-auto-topic-0250) to the active controller. (kafka.server.DefaultAutoTopicCreationManager)
[2026-03-09 17:26:55,617] INFO [ReplicaFetcherManager on broker 1] Removed fetcher for partitions Set(baseline-auto-topic-0250-0) (kafka.server.ReplicaFetcherManager)
[2026-03-09 17:26:55,622] INFO [LogLoader partition=baseline-auto-topic-0250-0, dir=/tmp/kraft-combined-logs] Loading producer state till offset 0 (org.apache.kafka.storage.internals.log.UnifiedLog)
[2026-03-09 17:26:55,622] INFO Created log for partition baseline-auto-topic-0250-0 in /tmp/kraft-combined-logs/baseline-auto-topic-0250-0 with properties {} (kafka.log.LogManager)
[2026-03-09 17:26:55,623] INFO [Partition baseline-auto-topic-0250-0 broker=1] No checkpointed highwatermark is found for partition baseline-auto-topic-0250-0 (kafka.cluster.Partition)
[2026-03-09 17:26:55,623] INFO [Partition baseline-auto-topic-0250-0 broker=1] Log loaded for partition baseline-auto-topic-0250-0 with initial high watermark 0 (kafka.cluster.Partition)
[2026-03-09 17:26:55,812] INFO Sent auto-creation request for Set(baseline-auto-topic-0251) to the active controller. (kafka.server.DefaultAutoTopicCreationManager)
[2026-03-09 17:26:55,843] INFO [ReplicaFetcherManager on broker 1] Removed fetcher for partitions Set(baseline-auto-topic-0251-0) (kafka.server.ReplicaFetcherManager)
[2026-03-09 17:26:55,848] INFO [LogLoader partition=baseline-auto-topic-0251-0, dir=/tmp/kraft-combined-logs] Loading producer state till offset 0 (org.apache.kafka.storage.internals.log.UnifiedLog)
[2026-03-09 17:26:55,849] INFO Created log for partition baseline-auto-topic-0251-0 in /tmp/kraft-combined-logs/baseline-auto-topic-0251-0 with properties {} (kafka.log.LogManager)
[2026-03-09 17:26:55,849] INFO [Partition baseline-auto-topic-0251-0 broker=1] No checkpointed highwatermark is found for partition baseline-auto-topic-0251-0 (kafka.cluster.Partition)
[2026-03-09 17:26:55,849] INFO [Partition baseline-auto-topic-0251-0 broker=1] Log loaded for partition baseline-auto-topic-0251-0 with initial high watermark 0 (kafka.cluster.Partition)
[2026-03-09 17:26:56,038] INFO Sent auto-creation request for Set(baseline-auto-topic-0252) to the active controller. (kafka.server.DefaultAutoTopicCreationManager)
[2026-03-09 17:26:56,070] INFO [ReplicaFetcherManager on broker 1] Removed fetcher for partitions Set(baseline-auto-topic-0252-0) (kafka.server.ReplicaFetcherManager)
[2026-03-09 17:26:56,076] INFO [LogLoader partition=baseline-auto-topic-0252-0, dir=/tmp/kraft-combined-logs] Loading producer state till offset 0 (org.apache.kafka.storage.internals.log.UnifiedLog)
[2026-03-09 17:26:56,076] INFO Created log for partition baseline-auto-topic-0252-0 in /tmp/kraft-combined-logs/baseline-auto-topic-0252-0 with properties {} (kafka.log.LogManager)
[2026-03-09 17:26:56,077] INFO [Partition baseline-auto-topic-0252-0 broker=1] No checkpointed highwatermark is found for partition baseline-auto-topic-0252-0 (kafka.cluster.Partition)
[2026-03-09 17:26:56,077] INFO [Partition baseline-auto-topic-0252-0 broker=1] Log loaded for partition baseline-auto-topic-0252-0 with initial high watermark 0 (kafka.cluster.Partition)
[2026-03-09 17:26:56,263] INFO Sent auto-creation request for Set(baseline-auto-topic-0253) to the active controller. (kafka.server.DefaultAutoTopicCreationManager)
[2026-03-09 17:26:56,296] INFO [ReplicaFetcherManager on broker 1] Removed fetcher for partitions Set(baseline-auto-topic-0253-0) (kafka.server.ReplicaFetcherManager)
[2026-03-09 17:26:56,301] INFO [LogLoader partition=baseline-auto-topic-0253-0, dir=/tmp/kraft-combined-logs] Loading producer state till offset 0 (org.apache.kafka.storage.internals.log.UnifiedLog)
[2026-03-09 17:26:56,301] INFO Created log for partition baseline-auto-topic-0253-0 in /tmp/kraft-combined-logs/baseline-auto-topic-0253-0 with properties {} (kafka.log.LogManager)
[2026-03-09 17:26:56,301] INFO [Partition baseline-auto-topic-0253-0 broker=1] No checkpointed highwatermark is found for partition baseline-auto-topic-0253-0 (kafka.cluster.Partition)
[2026-03-09 17:26:56,301] INFO [Partition baseline-auto-topic-0253-0 broker=1] Log loaded for partition baseline-auto-topic-0253-0 with initial high watermark 0 (kafka.cluster.Partition)
[2026-03-09 17:26:56,508] INFO Sent auto-creation request for Set(baseline-auto-topic-0254) to the active controller. (kafka.server.DefaultAutoTopicCreationManager)
[2026-03-09 17:26:56,540] INFO [ReplicaFetcherManager on broker 1] Removed fetcher for partitions Set(baseline-auto-topic-0254-0) (kafka.server.ReplicaFetcherManager)
[2026-03-09 17:26:56,545] INFO [LogLoader partition=baseline-auto-topic-0254-0, dir=/tmp/kraft-combined-logs] Loading producer state till offset 0 (org.apache.kafka.storage.internals.log.UnifiedLog)
[2026-03-09 17:26:56,545] INFO Created log for partition baseline-auto-topic-0254-0 in /tmp/kraft-combined-logs/baseline-auto-topic-0254-0 with properties {} (kafka.log.LogManager)
[2026-03-09 17:26:56,545] INFO [Partition baseline-auto-topic-0254-0 broker=1] No checkpointed highwatermark is found for partition baseline-auto-topic-0254-0 (kafka.cluster.Partition)
[2026-03-09 17:26:56,545] INFO [Partition baseline-auto-topic-0254-0 broker=1] Log loaded for partition baseline-auto-topic-0254-0 with initial high watermark 0 (kafka.cluster.Partition)
[2026-03-09 17:26:56,724] INFO Sent auto-creation request for Set(baseline-auto-topic-0255) to the active controller. (kafka.server.DefaultAutoTopicCreationManager)
[2026-03-09 17:26:56,752] INFO [ReplicaFetcherManager on broker 1] Removed fetcher for partitions Set(baseline-auto-topic-0255-0) (kafka.server.ReplicaFetcherManager)
[2026-03-09 17:26:56,757] INFO [LogLoader partition=baseline-auto-topic-0255-0, dir=/tmp/kraft-combined-logs] Loading producer state till offset 0 (org.apache.kafka.storage.internals.log.UnifiedLog)
[2026-03-09 17:26:56,757] INFO Created log for partition baseline-auto-topic-0255-0 in /tmp/kraft-combined-logs/baseline-auto-topic-0255-0 with properties {} (kafka.log.LogManager)
[2026-03-09 17:26:56,757] INFO [Partition baseline-auto-topic-0255-0 broker=1] No checkpointed highwatermark is found for partition baseline-auto-topic-0255-0 (kafka.cluster.Partition)
[2026-03-09 17:26:56,757] INFO [Partition baseline-auto-topic-0255-0 broker=1] Log loaded for partition baseline-auto-topic-0255-0 with initial high watermark 0 (kafka.cluster.Partition)
[2026-03-09 17:26:56,939] INFO Sent auto-creation request for Set(baseline-auto-topic-0256) to the active controller. (kafka.server.DefaultAutoTopicCreationManager)
[2026-03-09 17:26:56,969] INFO [ReplicaFetcherManager on broker 1] Removed fetcher for partitions Set(baseline-auto-topic-0256-0) (kafka.server.ReplicaFetcherManager)
[2026-03-09 17:26:56,974] INFO [LogLoader partition=baseline-auto-topic-0256-0, dir=/tmp/kraft-combined-logs] Loading producer state till offset 0 (org.apache.kafka.storage.internals.log.UnifiedLog)
[2026-03-09 17:26:56,975] INFO Created log for partition baseline-auto-topic-0256-0 in /tmp/kraft-combined-logs/baseline-auto-topic-0256-0 with properties {} (kafka.log.LogManager)
[2026-03-09 17:26:56,975] INFO [Partition baseline-auto-topic-0256-0 broker=1] No checkpointed highwatermark is found for partition baseline-auto-topic-0256-0 (kafka.cluster.Partition)
[2026-03-09 17:26:56,975] INFO [Partition baseline-auto-topic-0256-0 broker=1] Log loaded for partition baseline-auto-topic-0256-0 with initial high watermark 0 (kafka.cluster.Partition)
[2026-03-09 17:26:57,154] INFO Sent auto-creation request for Set(baseline-auto-topic-0257) to the active controller. (kafka.server.DefaultAutoTopicCreationManager)
[2026-03-09 17:26:57,186] INFO [ReplicaFetcherManager on broker 1] Removed fetcher for partitions Set(baseline-auto-topic-0257-0) (kafka.server.ReplicaFetcherManager)
[2026-03-09 17:26:57,191] INFO [LogLoader partition=baseline-auto-topic-0257-0, dir=/tmp/kraft-combined-logs] Loading producer state till offset 0 (org.apache.kafka.storage.internals.log.UnifiedLog)
[2026-03-09 17:26:57,191] INFO Created log for partition baseline-auto-topic-0257-0 in /tmp/kraft-combined-logs/baseline-auto-topic-0257-0 with properties {} (kafka.log.LogManager)
[2026-03-09 17:26:57,191] INFO [Partition baseline-auto-topic-0257-0 broker=1] No checkpointed highwatermark is found for partition baseline-auto-topic-0257-0 (kafka.cluster.Partition)
[2026-03-09 17:26:57,192] INFO [Partition baseline-auto-topic-0257-0 broker=1] Log loaded for partition baseline-auto-topic-0257-0 with initial high watermark 0 (kafka.cluster.Partition)
[2026-03-09 17:26:57,366] INFO Sent auto-creation request for Set(baseline-auto-topic-0258) to the active controller. (kafka.server.DefaultAutoTopicCreationManager)
[2026-03-09 17:26:57,398] INFO [ReplicaFetcherManager on broker 1] Removed fetcher for partitions Set(baseline-auto-topic-0258-0) (kafka.server.ReplicaFetcherManager)
[2026-03-09 17:26:57,403] INFO [LogLoader partition=baseline-auto-topic-0258-0, dir=/tmp/kraft-combined-logs] Loading producer state till offset 0 (org.apache.kafka.storage.internals.log.UnifiedLog)
[2026-03-09 17:26:57,403] INFO Created log for partition baseline-auto-topic-0258-0 in /tmp/kraft-combined-logs/baseline-auto-topic-0258-0 with properties {} (kafka.log.LogManager)
[2026-03-09 17:26:57,403] INFO [Partition baseline-auto-topic-0258-0 broker=1] No checkpointed highwatermark is found for partition baseline-auto-topic-0258-0 (kafka.cluster.Partition)
[2026-03-09 17:26:57,403] INFO [Partition baseline-auto-topic-0258-0 broker=1] Log loaded for partition baseline-auto-topic-0258-0 with initial high watermark 0 (kafka.cluster.Partition)
[2026-03-09 17:26:57,581] INFO Sent auto-creation request for Set(baseline-auto-topic-0259) to the active controller. (kafka.server.DefaultAutoTopicCreationManager)
[2026-03-09 17:26:57,610] INFO [ReplicaFetcherManager on broker 1] Removed fetcher for partitions Set(baseline-auto-topic-0259-0) (kafka.server.ReplicaFetcherManager)
[2026-03-09 17:26:57,616] INFO [LogLoader partition=baseline-auto-topic-0259-0, dir=/tmp/kraft-combined-logs] Loading producer state till offset 0 (org.apache.kafka.storage.internals.log.UnifiedLog)
[2026-03-09 17:26:57,616] INFO Created log for partition baseline-auto-topic-0259-0 in /tmp/kraft-combined-logs/baseline-auto-topic-0259-0 with properties {} (kafka.log.LogManager)
[2026-03-09 17:26:57,616] INFO [Partition baseline-auto-topic-0259-0 broker=1] No checkpointed highwatermark is found for partition baseline-auto-topic-0259-0 (kafka.cluster.Partition)
[2026-03-09 17:26:57,616] INFO [Partition baseline-auto-topic-0259-0 broker=1] Log loaded for partition baseline-auto-topic-0259-0 with initial high watermark 0 (kafka.cluster.Partition)
[2026-03-09 17:26:57,799] INFO Sent auto-creation request for Set(baseline-auto-topic-0260) to the active controller. (kafka.server.DefaultAutoTopicCreationManager)
[2026-03-09 17:26:57,831] INFO [ReplicaFetcherManager on broker 1] Removed fetcher for partitions Set(baseline-auto-topic-0260-0) (kafka.server.ReplicaFetcherManager)
[2026-03-09 17:26:57,836] INFO [LogLoader partition=baseline-auto-topic-0260-0, dir=/tmp/kraft-combined-logs] Loading producer state till offset 0 (org.apache.kafka.storage.internals.log.UnifiedLog)
[2026-03-09 17:26:57,836] INFO Created log for partition baseline-auto-topic-0260-0 in /tmp/kraft-combined-logs/baseline-auto-topic-0260-0 with properties {} (kafka.log.LogManager)
[2026-03-09 17:26:57,837] INFO [Partition baseline-auto-topic-0260-0 broker=1] No checkpointed highwatermark is found for partition baseline-auto-topic-0260-0 (kafka.cluster.Partition)
[2026-03-09 17:26:57,837] INFO [Partition baseline-auto-topic-0260-0 broker=1] Log loaded for partition baseline-auto-topic-0260-0 with initial high watermark 0 (kafka.cluster.Partition)
[2026-03-09 17:26:58,017] INFO Sent auto-creation request for Set(baseline-auto-topic-0261) to the active controller. (kafka.server.DefaultAutoTopicCreationManager)
[2026-03-09 17:26:58,048] INFO [ReplicaFetcherManager on broker 1] Removed fetcher for partitions Set(baseline-auto-topic-0261-0) (kafka.server.ReplicaFetcherManager)
[2026-03-09 17:26:58,053] INFO [LogLoader partition=baseline-auto-topic-0261-0, dir=/tmp/kraft-combined-logs] Loading producer state till offset 0 (org.apache.kafka.storage.internals.log.UnifiedLog)
[2026-03-09 17:26:58,053] INFO Created log for partition baseline-auto-topic-0261-0 in /tmp/kraft-combined-logs/baseline-auto-topic-0261-0 with properties {} (kafka.log.LogManager)
[2026-03-09 17:26:58,053] INFO [Partition baseline-auto-topic-0261-0 broker=1] No checkpointed highwatermark is found for partition baseline-auto-topic-0261-0 (kafka.cluster.Partition)
[2026-03-09 17:26:58,053] INFO [Partition baseline-auto-topic-0261-0 broker=1] Log loaded for partition baseline-auto-topic-0261-0 with initial high watermark 0 (kafka.cluster.Partition)
[2026-03-09 17:26:58,233] INFO Sent auto-creation request for Set(baseline-auto-topic-0262) to the active controller. (kafka.server.DefaultAutoTopicCreationManager)
[2026-03-09 17:26:58,265] INFO [ReplicaFetcherManager on broker 1] Removed fetcher for partitions Set(baseline-auto-topic-0262-0) (kafka.server.ReplicaFetcherManager)
[2026-03-09 17:26:58,269] INFO [LogLoader partition=baseline-auto-topic-0262-0, dir=/tmp/kraft-combined-logs] Loading producer state till offset 0 (org.apache.kafka.storage.internals.log.UnifiedLog)
[2026-03-09 17:26:58,270] INFO Created log for partition baseline-auto-topic-0262-0 in /tmp/kraft-combined-logs/baseline-auto-topic-0262-0 with properties {} (kafka.log.LogManager)
[2026-03-09 17:26:58,270] INFO [Partition baseline-auto-topic-0262-0 broker=1] No checkpointed highwatermark is found for partition baseline-auto-topic-0262-0 (kafka.cluster.Partition)
[2026-03-09 17:26:58,270] INFO [Partition baseline-auto-topic-0262-0 broker=1] Log loaded for partition baseline-auto-topic-0262-0 with initial high watermark 0 (kafka.cluster.Partition)
[2026-03-09 17:26:58,450] INFO Sent auto-creation request for Set(baseline-auto-topic-0263) to the active controller. (kafka.server.DefaultAutoTopicCreationManager)
[2026-03-09 17:26:58,477] INFO [ReplicaFetcherManager on broker 1] Removed fetcher for partitions Set(baseline-auto-topic-0263-0) (kafka.server.ReplicaFetcherManager)
[2026-03-09 17:26:58,483] INFO [LogLoader partition=baseline-auto-topic-0263-0, dir=/tmp/kraft-combined-logs] Loading producer state till offset 0 (org.apache.kafka.storage.internals.log.UnifiedLog)
[2026-03-09 17:26:58,483] INFO Created log for partition baseline-auto-topic-0263-0 in /tmp/kraft-combined-logs/baseline-auto-topic-0263-0 with properties {} (kafka.log.LogManager)
[2026-03-09 17:26:58,483] INFO [Partition baseline-auto-topic-0263-0 broker=1] No checkpointed highwatermark is found for partition baseline-auto-topic-0263-0 (kafka.cluster.Partition)
[2026-03-09 17:26:58,483] INFO [Partition baseline-auto-topic-0263-0 broker=1] Log loaded for partition baseline-auto-topic-0263-0 with initial high watermark 0 (kafka.cluster.Partition)
[2026-03-09 17:26:58,672] INFO Sent auto-creation request for Set(baseline-auto-topic-0264) to the active controller. (kafka.server.DefaultAutoTopicCreationManager)
[2026-03-09 17:26:58,701] INFO [ReplicaFetcherManager on broker 1] Removed fetcher for partitions Set(baseline-auto-topic-0264-0) (kafka.server.ReplicaFetcherManager)
[2026-03-09 17:26:58,706] INFO [LogLoader partition=baseline-auto-topic-0264-0, dir=/tmp/kraft-combined-logs] Loading producer state till offset 0 (org.apache.kafka.storage.internals.log.UnifiedLog)
[2026-03-09 17:26:58,706] INFO Created log for partition baseline-auto-topic-0264-0 in /tmp/kraft-combined-logs/baseline-auto-topic-0264-0 with properties {} (kafka.log.LogManager)
[2026-03-09 17:26:58,707] INFO [Partition baseline-auto-topic-0264-0 broker=1] No checkpointed highwatermark is found for partition baseline-auto-topic-0264-0 (kafka.cluster.Partition)
[2026-03-09 17:26:58,707] INFO [Partition baseline-auto-topic-0264-0 broker=1] Log loaded for partition baseline-auto-topic-0264-0 with initial high watermark 0 (kafka.cluster.Partition)
[2026-03-09 17:26:58,892] INFO Sent auto-creation request for Set(baseline-auto-topic-0265) to the active controller. (kafka.server.DefaultAutoTopicCreationManager)
[2026-03-09 17:26:58,910] INFO [ReplicaFetcherManager on broker 1] Removed fetcher for partitions Set(baseline-auto-topic-0265-0) (kafka.server.ReplicaFetcherManager)
[2026-03-09 17:26:58,915] INFO [LogLoader partition=baseline-auto-topic-0265-0, dir=/tmp/kraft-combined-logs] Loading producer state till offset 0 (org.apache.kafka.storage.internals.log.UnifiedLog)
[2026-03-09 17:26:58,915] INFO Created log for partition baseline-auto-topic-0265-0 in /tmp/kraft-combined-logs/baseline-auto-topic-0265-0 with properties {} (kafka.log.LogManager)
[2026-03-09 17:26:58,915] INFO [Partition baseline-auto-topic-0265-0 broker=1] No checkpointed highwatermark is found for partition baseline-auto-topic-0265-0 (kafka.cluster.Partition)
[2026-03-09 17:26:58,915] INFO [Partition baseline-auto-topic-0265-0 broker=1] Log loaded for partition baseline-auto-topic-0265-0 with initial high watermark 0 (kafka.cluster.Partition)
[2026-03-09 17:26:59,115] INFO Sent auto-creation request for Set(baseline-auto-topic-0266) to the active controller. (kafka.server.DefaultAutoTopicCreationManager)
[2026-03-09 17:26:59,143] INFO [ReplicaFetcherManager on broker 1] Removed fetcher for partitions Set(baseline-auto-topic-0266-0) (kafka.server.ReplicaFetcherManager)
[2026-03-09 17:26:59,147] INFO [LogLoader partition=baseline-auto-topic-0266-0, dir=/tmp/kraft-combined-logs] Loading producer state till offset 0 (org.apache.kafka.storage.internals.log.UnifiedLog)
[2026-03-09 17:26:59,147] INFO Created log for partition baseline-auto-topic-0266-0 in /tmp/kraft-combined-logs/baseline-auto-topic-0266-0 with properties {} (kafka.log.LogManager)
[2026-03-09 17:26:59,147] INFO [Partition baseline-auto-topic-0266-0 broker=1] No checkpointed highwatermark is found for partition baseline-auto-topic-0266-0 (kafka.cluster.Partition)
[2026-03-09 17:26:59,147] INFO [Partition baseline-auto-topic-0266-0 broker=1] Log loaded for partition baseline-auto-topic-0266-0 with initial high watermark 0 (kafka.cluster.Partition)
[2026-03-09 17:26:59,338] INFO Sent auto-creation request for Set(baseline-auto-topic-0267) to the active controller. (kafka.server.DefaultAutoTopicCreationManager)
[2026-03-09 17:26:59,369] INFO [ReplicaFetcherManager on broker 1] Removed fetcher for partitions Set(baseline-auto-topic-0267-0) (kafka.server.ReplicaFetcherManager)
[2026-03-09 17:26:59,376] INFO [LogLoader partition=baseline-auto-topic-0267-0, dir=/tmp/kraft-combined-logs] Loading producer state till offset 0 (org.apache.kafka.storage.internals.log.UnifiedLog)
[2026-03-09 17:26:59,376] INFO Created log for partition baseline-auto-topic-0267-0 in /tmp/kraft-combined-logs/baseline-auto-topic-0267-0 with properties {} (kafka.log.LogManager)
[2026-03-09 17:26:59,377] INFO [Partition baseline-auto-topic-0267-0 broker=1] No checkpointed highwatermark is found for partition baseline-auto-topic-0267-0 (kafka.cluster.Partition)
[2026-03-09 17:26:59,377] INFO [Partition baseline-auto-topic-0267-0 broker=1] Log loaded for partition baseline-auto-topic-0267-0 with initial high watermark 0 (kafka.cluster.Partition)
[2026-03-09 17:26:59,564] INFO Sent auto-creation request for Set(baseline-auto-topic-0268) to the active controller. (kafka.server.DefaultAutoTopicCreationManager)
[2026-03-09 17:26:59,597] INFO [ReplicaFetcherManager on broker 1] Removed fetcher for partitions Set(baseline-auto-topic-0268-0) (kafka.server.ReplicaFetcherManager)
[2026-03-09 17:26:59,602] INFO [LogLoader partition=baseline-auto-topic-0268-0, dir=/tmp/kraft-combined-logs] Loading producer state till offset 0 (org.apache.kafka.storage.internals.log.UnifiedLog)
[2026-03-09 17:26:59,602] INFO Created log for partition baseline-auto-topic-0268-0 in /tmp/kraft-combined-logs/baseline-auto-topic-0268-0 with properties {} (kafka.log.LogManager)
[2026-03-09 17:26:59,602] INFO [Partition baseline-auto-topic-0268-0 broker=1] No checkpointed highwatermark is found for partition baseline-auto-topic-0268-0 (kafka.cluster.Partition)
[2026-03-09 17:26:59,602] INFO [Partition baseline-auto-topic-0268-0 broker=1] Log loaded for partition baseline-auto-topic-0268-0 with initial high watermark 0 (kafka.cluster.Partition)
[2026-03-09 17:26:59,790] INFO Sent auto-creation request for Set(baseline-auto-topic-0269) to the active controller. (kafka.server.DefaultAutoTopicCreationManager)
[2026-03-09 17:26:59,823] INFO [ReplicaFetcherManager on broker 1] Removed fetcher for partitions Set(baseline-auto-topic-0269-0) (kafka.server.ReplicaFetcherManager)
[2026-03-09 17:26:59,827] INFO [LogLoader partition=baseline-auto-topic-0269-0, dir=/tmp/kraft-combined-logs] Loading producer state till offset 0 (org.apache.kafka.storage.internals.log.UnifiedLog)
[2026-03-09 17:26:59,827] INFO Created log for partition baseline-auto-topic-0269-0 in /tmp/kraft-combined-logs/baseline-auto-topic-0269-0 with properties {} (kafka.log.LogManager)
[2026-03-09 17:26:59,828] INFO [Partition baseline-auto-topic-0269-0 broker=1] No checkpointed highwatermark is found for partition baseline-auto-topic-0269-0 (kafka.cluster.Partition)
[2026-03-09 17:26:59,828] INFO [Partition baseline-auto-topic-0269-0 broker=1] Log loaded for partition baseline-auto-topic-0269-0 with initial high watermark 0 (kafka.cluster.Partition)
[2026-03-09 17:27:00,020] INFO Sent auto-creation request for Set(baseline-auto-topic-0270) to the active controller. (kafka.server.DefaultAutoTopicCreationManager)
[2026-03-09 17:27:00,049] INFO [ReplicaFetcherManager on broker 1] Removed fetcher for partitions Set(baseline-auto-topic-0270-0) (kafka.server.ReplicaFetcherManager)
[2026-03-09 17:27:00,054] INFO [LogLoader partition=baseline-auto-topic-0270-0, dir=/tmp/kraft-combined-logs] Loading producer state till offset 0 (org.apache.kafka.storage.internals.log.UnifiedLog)
[2026-03-09 17:27:00,054] INFO Created log for partition baseline-auto-topic-0270-0 in /tmp/kraft-combined-logs/baseline-auto-topic-0270-0 with properties {} (kafka.log.LogManager)
[2026-03-09 17:27:00,054] INFO [Partition baseline-auto-topic-0270-0 broker=1] No checkpointed highwatermark is found for partition baseline-auto-topic-0270-0 (kafka.cluster.Partition)
[2026-03-09 17:27:00,054] INFO [Partition baseline-auto-topic-0270-0 broker=1] Log loaded for partition baseline-auto-topic-0270-0 with initial high watermark 0 (kafka.cluster.Partition)
[2026-03-09 17:27:00,246] INFO Sent auto-creation request for Set(baseline-auto-topic-0271) to the active controller. (kafka.server.DefaultAutoTopicCreationManager)
[2026-03-09 17:27:00,278] INFO [ReplicaFetcherManager on broker 1] Removed fetcher for partitions Set(baseline-auto-topic-0271-0) (kafka.server.ReplicaFetcherManager)
[2026-03-09 17:27:00,284] INFO [LogLoader partition=baseline-auto-topic-0271-0, dir=/tmp/kraft-combined-logs] Loading producer state till offset 0 (org.apache.kafka.storage.internals.log.UnifiedLog)
[2026-03-09 17:27:00,284] INFO Created log for partition baseline-auto-topic-0271-0 in /tmp/kraft-combined-logs/baseline-auto-topic-0271-0 with properties {} (kafka.log.LogManager)
[2026-03-09 17:27:00,284] INFO [Partition baseline-auto-topic-0271-0 broker=1] No checkpointed highwatermark is found for partition baseline-auto-topic-0271-0 (kafka.cluster.Partition)
[2026-03-09 17:27:00,284] INFO [Partition baseline-auto-topic-0271-0 broker=1] Log loaded for partition baseline-auto-topic-0271-0 with initial high watermark 0 (kafka.cluster.Partition)
[2026-03-09 17:27:00,471] INFO Sent auto-creation request for Set(baseline-auto-topic-0272) to the active controller. (kafka.server.DefaultAutoTopicCreationManager)
[2026-03-09 17:27:00,502] INFO [ReplicaFetcherManager on broker 1] Removed fetcher for partitions Set(baseline-auto-topic-0272-0) (kafka.server.ReplicaFetcherManager)
[2026-03-09 17:27:00,505] INFO [LogLoader partition=baseline-auto-topic-0272-0, dir=/tmp/kraft-combined-logs] Loading producer state till offset 0 (org.apache.kafka.storage.internals.log.UnifiedLog)
[2026-03-09 17:27:00,505] INFO Created log for partition baseline-auto-topic-0272-0 in /tmp/kraft-combined-logs/baseline-auto-topic-0272-0 with properties {} (kafka.log.LogManager)
[2026-03-09 17:27:00,506] INFO [Partition baseline-auto-topic-0272-0 broker=1] No checkpointed highwatermark is found for partition baseline-auto-topic-0272-0 (kafka.cluster.Partition)
[2026-03-09 17:27:00,506] INFO [Partition baseline-auto-topic-0272-0 broker=1] Log loaded for partition baseline-auto-topic-0272-0 with initial high watermark 0 (kafka.cluster.Partition)
[2026-03-09 17:27:00,683] INFO Sent auto-creation request for Set(baseline-auto-topic-0273) to the active controller. (kafka.server.DefaultAutoTopicCreationManager)
[2026-03-09 17:27:00,713] INFO [ReplicaFetcherManager on broker 1] Removed fetcher for partitions Set(baseline-auto-topic-0273-0) (kafka.server.ReplicaFetcherManager)
[2026-03-09 17:27:00,718] INFO [LogLoader partition=baseline-auto-topic-0273-0, dir=/tmp/kraft-combined-logs] Loading producer state till offset 0 (org.apache.kafka.storage.internals.log.UnifiedLog)
[2026-03-09 17:27:00,718] INFO Created log for partition baseline-auto-topic-0273-0 in /tmp/kraft-combined-logs/baseline-auto-topic-0273-0 with properties {} (kafka.log.LogManager)
[2026-03-09 17:27:00,719] INFO [Partition baseline-auto-topic-0273-0 broker=1] No checkpointed highwatermark is found for partition baseline-auto-topic-0273-0 (kafka.cluster.Partition)
[2026-03-09 17:27:00,719] INFO [Partition baseline-auto-topic-0273-0 broker=1] Log loaded for partition baseline-auto-topic-0273-0 with initial high watermark 0 (kafka.cluster.Partition)
[2026-03-09 17:27:00,907] INFO Sent auto-creation request for Set(baseline-auto-topic-0274) to the active controller. (kafka.server.DefaultAutoTopicCreationManager)
[2026-03-09 17:27:00,928] INFO [ReplicaFetcherManager on broker 1] Removed fetcher for partitions Set(baseline-auto-topic-0274-0) (kafka.server.ReplicaFetcherManager)
[2026-03-09 17:27:00,934] INFO [LogLoader partition=baseline-auto-topic-0274-0, dir=/tmp/kraft-combined-logs] Loading producer state till offset 0 (org.apache.kafka.storage.internals.log.UnifiedLog)
[2026-03-09 17:27:00,934] INFO Created log for partition baseline-auto-topic-0274-0 in /tmp/kraft-combined-logs/baseline-auto-topic-0274-0 with properties {} (kafka.log.LogManager)
[2026-03-09 17:27:00,934] INFO [Partition baseline-auto-topic-0274-0 broker=1] No checkpointed highwatermark is found for partition baseline-auto-topic-0274-0 (kafka.cluster.Partition)
[2026-03-09 17:27:00,934] INFO [Partition baseline-auto-topic-0274-0 broker=1] Log loaded for partition baseline-auto-topic-0274-0 with initial high watermark 0 (kafka.cluster.Partition)
[2026-03-09 17:27:01,128] INFO Sent auto-creation request for Set(baseline-auto-topic-0275) to the active controller. (kafka.server.DefaultAutoTopicCreationManager)
[2026-03-09 17:27:01,156] INFO [ReplicaFetcherManager on broker 1] Removed fetcher for partitions Set(baseline-auto-topic-0275-0) (kafka.server.ReplicaFetcherManager)
[2026-03-09 17:27:01,160] INFO [LogLoader partition=baseline-auto-topic-0275-0, dir=/tmp/kraft-combined-logs] Loading producer state till offset 0 (org.apache.kafka.storage.internals.log.UnifiedLog)
[2026-03-09 17:27:01,160] INFO Created log for partition baseline-auto-topic-0275-0 in /tmp/kraft-combined-logs/baseline-auto-topic-0275-0 with properties {} (kafka.log.LogManager)
[2026-03-09 17:27:01,160] INFO [Partition baseline-auto-topic-0275-0 broker=1] No checkpointed highwatermark is found for partition baseline-auto-topic-0275-0 (kafka.cluster.Partition)
[2026-03-09 17:27:01,160] INFO [Partition baseline-auto-topic-0275-0 broker=1] Log loaded for partition baseline-auto-topic-0275-0 with initial high watermark 0 (kafka.cluster.Partition)
[2026-03-09 17:27:01,347] INFO Sent auto-creation request for Set(baseline-auto-topic-0276) to the active controller. (kafka.server.DefaultAutoTopicCreationManager)
[2026-03-09 17:27:01,379] INFO [ReplicaFetcherManager on broker 1] Removed fetcher for partitions Set(baseline-auto-topic-0276-0) (kafka.server.ReplicaFetcherManager)
[2026-03-09 17:27:01,385] INFO [LogLoader partition=baseline-auto-topic-0276-0, dir=/tmp/kraft-combined-logs] Loading producer state till offset 0 (org.apache.kafka.storage.internals.log.UnifiedLog)
[2026-03-09 17:27:01,385] INFO Created log for partition baseline-auto-topic-0276-0 in /tmp/kraft-combined-logs/baseline-auto-topic-0276-0 with properties {} (kafka.log.LogManager)
[2026-03-09 17:27:01,385] INFO [Partition baseline-auto-topic-0276-0 broker=1] No checkpointed highwatermark is found for partition baseline-auto-topic-0276-0 (kafka.cluster.Partition)
[2026-03-09 17:27:01,385] INFO [Partition baseline-auto-topic-0276-0 broker=1] Log loaded for partition baseline-auto-topic-0276-0 with initial high watermark 0 (kafka.cluster.Partition)
[2026-03-09 17:27:01,571] INFO Sent auto-creation request for Set(baseline-auto-topic-0277) to the active controller. (kafka.server.DefaultAutoTopicCreationManager)
[2026-03-09 17:27:01,603] INFO [ReplicaFetcherManager on broker 1] Removed fetcher for partitions Set(baseline-auto-topic-0277-0) (kafka.server.ReplicaFetcherManager)
[2026-03-09 17:27:01,609] INFO [LogLoader partition=baseline-auto-topic-0277-0, dir=/tmp/kraft-combined-logs] Loading producer state till offset 0 (org.apache.kafka.storage.internals.log.UnifiedLog)
[2026-03-09 17:27:01,609] INFO Created log for partition baseline-auto-topic-0277-0 in /tmp/kraft-combined-logs/baseline-auto-topic-0277-0 with properties {} (kafka.log.LogManager)
[2026-03-09 17:27:01,609] INFO [Partition baseline-auto-topic-0277-0 broker=1] No checkpointed highwatermark is found for partition baseline-auto-topic-0277-0 (kafka.cluster.Partition)
[2026-03-09 17:27:01,609] INFO [Partition baseline-auto-topic-0277-0 broker=1] Log loaded for partition baseline-auto-topic-0277-0 with initial high watermark 0 (kafka.cluster.Partition)
[2026-03-09 17:27:01,794] INFO Sent auto-creation request for Set(baseline-auto-topic-0278) to the active controller. (kafka.server.DefaultAutoTopicCreationManager)
[2026-03-09 17:27:01,822] INFO [ReplicaFetcherManager on broker 1] Removed fetcher for partitions Set(baseline-auto-topic-0278-0) (kafka.server.ReplicaFetcherManager)
[2026-03-09 17:27:01,828] INFO [LogLoader partition=baseline-auto-topic-0278-0, dir=/tmp/kraft-combined-logs] Loading producer state till offset 0 (org.apache.kafka.storage.internals.log.UnifiedLog)
[2026-03-09 17:27:01,828] INFO Created log for partition baseline-auto-topic-0278-0 in /tmp/kraft-combined-logs/baseline-auto-topic-0278-0 with properties {} (kafka.log.LogManager)
[2026-03-09 17:27:01,828] INFO [Partition baseline-auto-topic-0278-0 broker=1] No checkpointed highwatermark is found for partition baseline-auto-topic-0278-0 (kafka.cluster.Partition)
[2026-03-09 17:27:01,828] INFO [Partition baseline-auto-topic-0278-0 broker=1] Log loaded for partition baseline-auto-topic-0278-0 with initial high watermark 0 (kafka.cluster.Partition)
[2026-03-09 17:27:02,019] INFO Sent auto-creation request for Set(baseline-auto-topic-0279) to the active controller. (kafka.server.DefaultAutoTopicCreationManager)
[2026-03-09 17:27:02,048] INFO [ReplicaFetcherManager on broker 1] Removed fetcher for partitions Set(baseline-auto-topic-0279-0) (kafka.server.ReplicaFetcherManager)
[2026-03-09 17:27:02,054] INFO [LogLoader partition=baseline-auto-topic-0279-0, dir=/tmp/kraft-combined-logs] Loading producer state till offset 0 (org.apache.kafka.storage.internals.log.UnifiedLog)
[2026-03-09 17:27:02,054] INFO Created log for partition baseline-auto-topic-0279-0 in /tmp/kraft-combined-logs/baseline-auto-topic-0279-0 with properties {} (kafka.log.LogManager)
[2026-03-09 17:27:02,054] INFO [Partition baseline-auto-topic-0279-0 broker=1] No checkpointed highwatermark is found for partition baseline-auto-topic-0279-0 (kafka.cluster.Partition)
[2026-03-09 17:27:02,055] INFO [Partition baseline-auto-topic-0279-0 broker=1] Log loaded for partition baseline-auto-topic-0279-0 with initial high watermark 0 (kafka.cluster.Partition)
[2026-03-09 17:27:02,241] INFO Sent auto-creation request for Set(baseline-auto-topic-0280) to the active controller. (kafka.server.DefaultAutoTopicCreationManager)
[2026-03-09 17:27:02,269] INFO [ReplicaFetcherManager on broker 1] Removed fetcher for partitions Set(baseline-auto-topic-0280-0) (kafka.server.ReplicaFetcherManager)
[2026-03-09 17:27:02,274] INFO [LogLoader partition=baseline-auto-topic-0280-0, dir=/tmp/kraft-combined-logs] Loading producer state till offset 0 (org.apache.kafka.storage.internals.log.UnifiedLog)
[2026-03-09 17:27:02,274] INFO Created log for partition baseline-auto-topic-0280-0 in /tmp/kraft-combined-logs/baseline-auto-topic-0280-0 with properties {} (kafka.log.LogManager)
[2026-03-09 17:27:02,274] INFO [Partition baseline-auto-topic-0280-0 broker=1] No checkpointed highwatermark is found for partition baseline-auto-topic-0280-0 (kafka.cluster.Partition)
[2026-03-09 17:27:02,274] INFO [Partition baseline-auto-topic-0280-0 broker=1] Log loaded for partition baseline-auto-topic-0280-0 with initial high watermark 0 (kafka.cluster.Partition)
[2026-03-09 17:27:02,456] INFO Sent auto-creation request for Set(baseline-auto-topic-0281) to the active controller. (kafka.server.DefaultAutoTopicCreationManager)
[2026-03-09 17:27:02,488] INFO [ReplicaFetcherManager on broker 1] Removed fetcher for partitions Set(baseline-auto-topic-0281-0) (kafka.server.ReplicaFetcherManager)
[2026-03-09 17:27:02,492] INFO [LogLoader partition=baseline-auto-topic-0281-0, dir=/tmp/kraft-combined-logs] Loading producer state till offset 0 (org.apache.kafka.storage.internals.log.UnifiedLog)
[2026-03-09 17:27:02,492] INFO Created log for partition baseline-auto-topic-0281-0 in /tmp/kraft-combined-logs/baseline-auto-topic-0281-0 with properties {} (kafka.log.LogManager)
[2026-03-09 17:27:02,492] INFO [Partition baseline-auto-topic-0281-0 broker=1] No checkpointed highwatermark is found for partition baseline-auto-topic-0281-0 (kafka.cluster.Partition)
[2026-03-09 17:27:02,492] INFO [Partition baseline-auto-topic-0281-0 broker=1] Log loaded for partition baseline-auto-topic-0281-0 with initial high watermark 0 (kafka.cluster.Partition)
[2026-03-09 17:27:02,684] INFO Sent auto-creation request for Set(baseline-auto-topic-0282) to the active controller. (kafka.server.DefaultAutoTopicCreationManager)
[2026-03-09 17:27:02,717] INFO [ReplicaFetcherManager on broker 1] Removed fetcher for partitions Set(baseline-auto-topic-0282-0) (kafka.server.ReplicaFetcherManager)
[2026-03-09 17:27:02,722] INFO [LogLoader partition=baseline-auto-topic-0282-0, dir=/tmp/kraft-combined-logs] Loading producer state till offset 0 (org.apache.kafka.storage.internals.log.UnifiedLog)
[2026-03-09 17:27:02,723] INFO Created log for partition baseline-auto-topic-0282-0 in /tmp/kraft-combined-logs/baseline-auto-topic-0282-0 with properties {} (kafka.log.LogManager)
[2026-03-09 17:27:02,723] INFO [Partition baseline-auto-topic-0282-0 broker=1] No checkpointed highwatermark is found for partition baseline-auto-topic-0282-0 (kafka.cluster.Partition)
[2026-03-09 17:27:02,723] INFO [Partition baseline-auto-topic-0282-0 broker=1] Log loaded for partition baseline-auto-topic-0282-0 with initial high watermark 0 (kafka.cluster.Partition)
[2026-03-09 17:27:02,912] INFO Sent auto-creation request for Set(baseline-auto-topic-0283) to the active controller. (kafka.server.DefaultAutoTopicCreationManager)
[2026-03-09 17:27:02,943] INFO [ReplicaFetcherManager on broker 1] Removed fetcher for partitions Set(baseline-auto-topic-0283-0) (kafka.server.ReplicaFetcherManager)
[2026-03-09 17:27:02,947] INFO [LogLoader partition=baseline-auto-topic-0283-0, dir=/tmp/kraft-combined-logs] Loading producer state till offset 0 (org.apache.kafka.storage.internals.log.UnifiedLog)
[2026-03-09 17:27:02,948] INFO Created log for partition baseline-auto-topic-0283-0 in /tmp/kraft-combined-logs/baseline-auto-topic-0283-0 with properties {} (kafka.log.LogManager)
[2026-03-09 17:27:02,948] INFO [Partition baseline-auto-topic-0283-0 broker=1] No checkpointed highwatermark is found for partition baseline-auto-topic-0283-0 (kafka.cluster.Partition)
[2026-03-09 17:27:02,948] INFO [Partition baseline-auto-topic-0283-0 broker=1] Log loaded for partition baseline-auto-topic-0283-0 with initial high watermark 0 (kafka.cluster.Partition)
[2026-03-09 17:27:03,133] INFO Sent auto-creation request for Set(baseline-auto-topic-0284) to the active controller. (kafka.server.DefaultAutoTopicCreationManager)
[2026-03-09 17:27:03,160] INFO [ReplicaFetcherManager on broker 1] Removed fetcher for partitions Set(baseline-auto-topic-0284-0) (kafka.server.ReplicaFetcherManager)
[2026-03-09 17:27:03,164] INFO [LogLoader partition=baseline-auto-topic-0284-0, dir=/tmp/kraft-combined-logs] Loading producer state till offset 0 (org.apache.kafka.storage.internals.log.UnifiedLog)
[2026-03-09 17:27:03,164] INFO Created log for partition baseline-auto-topic-0284-0 in /tmp/kraft-combined-logs/baseline-auto-topic-0284-0 with properties {} (kafka.log.LogManager)
[2026-03-09 17:27:03,164] INFO [Partition baseline-auto-topic-0284-0 broker=1] No checkpointed highwatermark is found for partition baseline-auto-topic-0284-0 (kafka.cluster.Partition)
[2026-03-09 17:27:03,164] INFO [Partition baseline-auto-topic-0284-0 broker=1] Log loaded for partition baseline-auto-topic-0284-0 with initial high watermark 0 (kafka.cluster.Partition)
[2026-03-09 17:27:03,345] INFO Sent auto-creation request for Set(baseline-auto-topic-0285) to the active controller. (kafka.server.DefaultAutoTopicCreationManager)
[2026-03-09 17:27:03,376] INFO [ReplicaFetcherManager on broker 1] Removed fetcher for partitions Set(baseline-auto-topic-0285-0) (kafka.server.ReplicaFetcherManager)
[2026-03-09 17:27:03,381] INFO [LogLoader partition=baseline-auto-topic-0285-0, dir=/tmp/kraft-combined-logs] Loading producer state till offset 0 (org.apache.kafka.storage.internals.log.UnifiedLog)
[2026-03-09 17:27:03,381] INFO Created log for partition baseline-auto-topic-0285-0 in /tmp/kraft-combined-logs/baseline-auto-topic-0285-0 with properties {} (kafka.log.LogManager)
[2026-03-09 17:27:03,381] INFO [Partition baseline-auto-topic-0285-0 broker=1] No checkpointed highwatermark is found for partition baseline-auto-topic-0285-0 (kafka.cluster.Partition)
[2026-03-09 17:27:03,381] INFO [Partition baseline-auto-topic-0285-0 broker=1] Log loaded for partition baseline-auto-topic-0285-0 with initial high watermark 0 (kafka.cluster.Partition)
[2026-03-09 17:27:03,566] INFO Sent auto-creation request for Set(baseline-auto-topic-0286) to the active controller. (kafka.server.DefaultAutoTopicCreationManager)
[2026-03-09 17:27:03,597] INFO [ReplicaFetcherManager on broker 1] Removed fetcher for partitions Set(baseline-auto-topic-0286-0) (kafka.server.ReplicaFetcherManager)
[2026-03-09 17:27:03,602] INFO [LogLoader partition=baseline-auto-topic-0286-0, dir=/tmp/kraft-combined-logs] Loading producer state till offset 0 (org.apache.kafka.storage.internals.log.UnifiedLog)
[2026-03-09 17:27:03,602] INFO Created log for partition baseline-auto-topic-0286-0 in /tmp/kraft-combined-logs/baseline-auto-topic-0286-0 with properties {} (kafka.log.LogManager)
[2026-03-09 17:27:03,602] INFO [Partition baseline-auto-topic-0286-0 broker=1] No checkpointed highwatermark is found for partition baseline-auto-topic-0286-0 (kafka.cluster.Partition)
[2026-03-09 17:27:03,602] INFO [Partition baseline-auto-topic-0286-0 broker=1] Log loaded for partition baseline-auto-topic-0286-0 with initial high watermark 0 (kafka.cluster.Partition)
[2026-03-09 17:27:03,788] INFO Sent auto-creation request for Set(baseline-auto-topic-0287) to the active controller. (kafka.server.DefaultAutoTopicCreationManager)
[2026-03-09 17:27:03,819] INFO [ReplicaFetcherManager on broker 1] Removed fetcher for partitions Set(baseline-auto-topic-0287-0) (kafka.server.ReplicaFetcherManager)
[2026-03-09 17:27:03,824] INFO [LogLoader partition=baseline-auto-topic-0287-0, dir=/tmp/kraft-combined-logs] Loading producer state till offset 0 (org.apache.kafka.storage.internals.log.UnifiedLog)
[2026-03-09 17:27:03,824] INFO Created log for partition baseline-auto-topic-0287-0 in /tmp/kraft-combined-logs/baseline-auto-topic-0287-0 with properties {} (kafka.log.LogManager)
[2026-03-09 17:27:03,824] INFO [Partition baseline-auto-topic-0287-0 broker=1] No checkpointed highwatermark is found for partition baseline-auto-topic-0287-0 (kafka.cluster.Partition)
[2026-03-09 17:27:03,824] INFO [Partition baseline-auto-topic-0287-0 broker=1] Log loaded for partition baseline-auto-topic-0287-0 with initial high watermark 0 (kafka.cluster.Partition)
[2026-03-09 17:27:04,014] INFO Sent auto-creation request for Set(baseline-auto-topic-0288) to the active controller. (kafka.server.DefaultAutoTopicCreationManager)
[2026-03-09 17:27:04,046] INFO [ReplicaFetcherManager on broker 1] Removed fetcher for partitions Set(baseline-auto-topic-0288-0) (kafka.server.ReplicaFetcherManager)
[2026-03-09 17:27:04,051] INFO [LogLoader partition=baseline-auto-topic-0288-0, dir=/tmp/kraft-combined-logs] Loading producer state till offset 0 (org.apache.kafka.storage.internals.log.UnifiedLog)
[2026-03-09 17:27:04,051] INFO Created log for partition baseline-auto-topic-0288-0 in /tmp/kraft-combined-logs/baseline-auto-topic-0288-0 with properties {} (kafka.log.LogManager)
[2026-03-09 17:27:04,052] INFO [Partition baseline-auto-topic-0288-0 broker=1] No checkpointed highwatermark is found for partition baseline-auto-topic-0288-0 (kafka.cluster.Partition)
[2026-03-09 17:27:04,052] INFO [Partition baseline-auto-topic-0288-0 broker=1] Log loaded for partition baseline-auto-topic-0288-0 with initial high watermark 0 (kafka.cluster.Partition)
[2026-03-09 17:27:04,231] INFO Sent auto-creation request for Set(baseline-auto-topic-0289) to the active controller. (kafka.server.DefaultAutoTopicCreationManager)
[2026-03-09 17:27:04,263] INFO [ReplicaFetcherManager on broker 1] Removed fetcher for partitions Set(baseline-auto-topic-0289-0) (kafka.server.ReplicaFetcherManager)
[2026-03-09 17:27:04,267] INFO [LogLoader partition=baseline-auto-topic-0289-0, dir=/tmp/kraft-combined-logs] Loading producer state till offset 0 (org.apache.kafka.storage.internals.log.UnifiedLog)
[2026-03-09 17:27:04,267] INFO Created log for partition baseline-auto-topic-0289-0 in /tmp/kraft-combined-logs/baseline-auto-topic-0289-0 with properties {} (kafka.log.LogManager)
[2026-03-09 17:27:04,268] INFO [Partition baseline-auto-topic-0289-0 broker=1] No checkpointed highwatermark is found for partition baseline-auto-topic-0289-0 (kafka.cluster.Partition)
[2026-03-09 17:27:04,268] INFO [Partition baseline-auto-topic-0289-0 broker=1] Log loaded for partition baseline-auto-topic-0289-0 with initial high watermark 0 (kafka.cluster.Partition)
[2026-03-09 17:27:04,451] INFO Sent auto-creation request for Set(baseline-auto-topic-0290) to the active controller. (kafka.server.DefaultAutoTopicCreationManager)
[2026-03-09 17:27:04,482] INFO [ReplicaFetcherManager on broker 1] Removed fetcher for partitions Set(baseline-auto-topic-0290-0) (kafka.server.ReplicaFetcherManager)
[2026-03-09 17:27:04,487] INFO [LogLoader partition=baseline-auto-topic-0290-0, dir=/tmp/kraft-combined-logs] Loading producer state till offset 0 (org.apache.kafka.storage.internals.log.UnifiedLog)
[2026-03-09 17:27:04,487] INFO Created log for partition baseline-auto-topic-0290-0 in /tmp/kraft-combined-logs/baseline-auto-topic-0290-0 with properties {} (kafka.log.LogManager)
[2026-03-09 17:27:04,487] INFO [Partition baseline-auto-topic-0290-0 broker=1] No checkpointed highwatermark is found for partition baseline-auto-topic-0290-0 (kafka.cluster.Partition)
[2026-03-09 17:27:04,487] INFO [Partition baseline-auto-topic-0290-0 broker=1] Log loaded for partition baseline-auto-topic-0290-0 with initial high watermark 0 (kafka.cluster.Partition)
[2026-03-09 17:27:04,679] INFO Sent auto-creation request for Set(baseline-auto-topic-0291) to the active controller. (kafka.server.DefaultAutoTopicCreationManager)
[2026-03-09 17:27:04,710] INFO [ReplicaFetcherManager on broker 1] Removed fetcher for partitions Set(baseline-auto-topic-0291-0) (kafka.server.ReplicaFetcherManager)
[2026-03-09 17:27:04,714] INFO [LogLoader partition=baseline-auto-topic-0291-0, dir=/tmp/kraft-combined-logs] Loading producer state till offset 0 (org.apache.kafka.storage.internals.log.UnifiedLog)
[2026-03-09 17:27:04,714] INFO Created log for partition baseline-auto-topic-0291-0 in /tmp/kraft-combined-logs/baseline-auto-topic-0291-0 with properties {} (kafka.log.LogManager)
[2026-03-09 17:27:04,715] INFO [Partition baseline-auto-topic-0291-0 broker=1] No checkpointed highwatermark is found for partition baseline-auto-topic-0291-0 (kafka.cluster.Partition)
[2026-03-09 17:27:04,715] INFO [Partition baseline-auto-topic-0291-0 broker=1] Log loaded for partition baseline-auto-topic-0291-0 with initial high watermark 0 (kafka.cluster.Partition)
[2026-03-09 17:27:04,904] INFO Sent auto-creation request for Set(baseline-auto-topic-0292) to the active controller. (kafka.server.DefaultAutoTopicCreationManager)
[2026-03-09 17:27:04,931] INFO [ReplicaFetcherManager on broker 1] Removed fetcher for partitions Set(baseline-auto-topic-0292-0) (kafka.server.ReplicaFetcherManager)
[2026-03-09 17:27:04,935] INFO [LogLoader partition=baseline-auto-topic-0292-0, dir=/tmp/kraft-combined-logs] Loading producer state till offset 0 (org.apache.kafka.storage.internals.log.UnifiedLog)
[2026-03-09 17:27:04,936] INFO Created log for partition baseline-auto-topic-0292-0 in /tmp/kraft-combined-logs/baseline-auto-topic-0292-0 with properties {} (kafka.log.LogManager)
[2026-03-09 17:27:04,936] INFO [Partition baseline-auto-topic-0292-0 broker=1] No checkpointed highwatermark is found for partition baseline-auto-topic-0292-0 (kafka.cluster.Partition)
[2026-03-09 17:27:04,936] INFO [Partition baseline-auto-topic-0292-0 broker=1] Log loaded for partition baseline-auto-topic-0292-0 with initial high watermark 0 (kafka.cluster.Partition)
[2026-03-09 17:27:05,130] INFO Sent auto-creation request for Set(baseline-auto-topic-0293) to the active controller. (kafka.server.DefaultAutoTopicCreationManager)
[2026-03-09 17:27:05,158] INFO [ReplicaFetcherManager on broker 1] Removed fetcher for partitions Set(baseline-auto-topic-0293-0) (kafka.server.ReplicaFetcherManager)
[2026-03-09 17:27:05,163] INFO [LogLoader partition=baseline-auto-topic-0293-0, dir=/tmp/kraft-combined-logs] Loading producer state till offset 0 (org.apache.kafka.storage.internals.log.UnifiedLog)
[2026-03-09 17:27:05,163] INFO Created log for partition baseline-auto-topic-0293-0 in /tmp/kraft-combined-logs/baseline-auto-topic-0293-0 with properties {} (kafka.log.LogManager)
[2026-03-09 17:27:05,164] INFO [Partition baseline-auto-topic-0293-0 broker=1] No checkpointed highwatermark is found for partition baseline-auto-topic-0293-0 (kafka.cluster.Partition)
[2026-03-09 17:27:05,164] INFO [Partition baseline-auto-topic-0293-0 broker=1] Log loaded for partition baseline-auto-topic-0293-0 with initial high watermark 0 (kafka.cluster.Partition)
[2026-03-09 17:27:05,356] INFO Sent auto-creation request for Set(baseline-auto-topic-0294) to the active controller. (kafka.server.DefaultAutoTopicCreationManager)
[2026-03-09 17:27:05,385] INFO [ReplicaFetcherManager on broker 1] Removed fetcher for partitions Set(baseline-auto-topic-0294-0) (kafka.server.ReplicaFetcherManager)
[2026-03-09 17:27:05,390] INFO [LogLoader partition=baseline-auto-topic-0294-0, dir=/tmp/kraft-combined-logs] Loading producer state till offset 0 (org.apache.kafka.storage.internals.log.UnifiedLog)
[2026-03-09 17:27:05,390] INFO Created log for partition baseline-auto-topic-0294-0 in /tmp/kraft-combined-logs/baseline-auto-topic-0294-0 with properties {} (kafka.log.LogManager)
[2026-03-09 17:27:05,391] INFO [Partition baseline-auto-topic-0294-0 broker=1] No checkpointed highwatermark is found for partition baseline-auto-topic-0294-0 (kafka.cluster.Partition)
[2026-03-09 17:27:05,391] INFO [Partition baseline-auto-topic-0294-0 broker=1] Log loaded for partition baseline-auto-topic-0294-0 with initial high watermark 0 (kafka.cluster.Partition)
[2026-03-09 17:27:05,575] INFO Sent auto-creation request for Set(baseline-auto-topic-0295) to the active controller. (kafka.server.DefaultAutoTopicCreationManager)
[2026-03-09 17:27:05,607] INFO [ReplicaFetcherManager on broker 1] Removed fetcher for partitions Set(baseline-auto-topic-0295-0) (kafka.server.ReplicaFetcherManager)
[2026-03-09 17:27:05,611] INFO [LogLoader partition=baseline-auto-topic-0295-0, dir=/tmp/kraft-combined-logs] Loading producer state till offset 0 (org.apache.kafka.storage.internals.log.UnifiedLog)
[2026-03-09 17:27:05,612] INFO Created log for partition baseline-auto-topic-0295-0 in /tmp/kraft-combined-logs/baseline-auto-topic-0295-0 with properties {} (kafka.log.LogManager)
[2026-03-09 17:27:05,612] INFO [Partition baseline-auto-topic-0295-0 broker=1] No checkpointed highwatermark is found for partition baseline-auto-topic-0295-0 (kafka.cluster.Partition)
[2026-03-09 17:27:05,612] INFO [Partition baseline-auto-topic-0295-0 broker=1] Log loaded for partition baseline-auto-topic-0295-0 with initial high watermark 0 (kafka.cluster.Partition)
[2026-03-09 17:27:05,801] INFO Sent auto-creation request for Set(baseline-auto-topic-0296) to the active controller. (kafka.server.DefaultAutoTopicCreationManager)
[2026-03-09 17:27:05,833] INFO [ReplicaFetcherManager on broker 1] Removed fetcher for partitions Set(baseline-auto-topic-0296-0) (kafka.server.ReplicaFetcherManager)
[2026-03-09 17:27:05,838] INFO [LogLoader partition=baseline-auto-topic-0296-0, dir=/tmp/kraft-combined-logs] Loading producer state till offset 0 (org.apache.kafka.storage.internals.log.UnifiedLog)
[2026-03-09 17:27:05,838] INFO Created log for partition baseline-auto-topic-0296-0 in /tmp/kraft-combined-logs/baseline-auto-topic-0296-0 with properties {} (kafka.log.LogManager)
[2026-03-09 17:27:05,838] INFO [Partition baseline-auto-topic-0296-0 broker=1] No checkpointed highwatermark is found for partition baseline-auto-topic-0296-0 (kafka.cluster.Partition)
[2026-03-09 17:27:05,838] INFO [Partition baseline-auto-topic-0296-0 broker=1] Log loaded for partition baseline-auto-topic-0296-0 with initial high watermark 0 (kafka.cluster.Partition)
[2026-03-09 17:27:06,029] INFO Sent auto-creation request for Set(baseline-auto-topic-0297) to the active controller. (kafka.server.DefaultAutoTopicCreationManager)
[2026-03-09 17:27:06,062] INFO [ReplicaFetcherManager on broker 1] Removed fetcher for partitions Set(baseline-auto-topic-0297-0) (kafka.server.ReplicaFetcherManager)
[2026-03-09 17:27:06,067] INFO [LogLoader partition=baseline-auto-topic-0297-0, dir=/tmp/kraft-combined-logs] Loading producer state till offset 0 (org.apache.kafka.storage.internals.log.UnifiedLog)
[2026-03-09 17:27:06,067] INFO Created log for partition baseline-auto-topic-0297-0 in /tmp/kraft-combined-logs/baseline-auto-topic-0297-0 with properties {} (kafka.log.LogManager)
[2026-03-09 17:27:06,067] INFO [Partition baseline-auto-topic-0297-0 broker=1] No checkpointed highwatermark is found for partition baseline-auto-topic-0297-0 (kafka.cluster.Partition)
[2026-03-09 17:27:06,068] INFO [Partition baseline-auto-topic-0297-0 broker=1] Log loaded for partition baseline-auto-topic-0297-0 with initial high watermark 0 (kafka.cluster.Partition)
[2026-03-09 17:27:06,255] INFO Sent auto-creation request for Set(baseline-auto-topic-0298) to the active controller. (kafka.server.DefaultAutoTopicCreationManager)
[2026-03-09 17:27:06,283] INFO [ReplicaFetcherManager on broker 1] Removed fetcher for partitions Set(baseline-auto-topic-0298-0) (kafka.server.ReplicaFetcherManager)
[2026-03-09 17:27:06,288] INFO [LogLoader partition=baseline-auto-topic-0298-0, dir=/tmp/kraft-combined-logs] Loading producer state till offset 0 (org.apache.kafka.storage.internals.log.UnifiedLog)
[2026-03-09 17:27:06,288] INFO Created log for partition baseline-auto-topic-0298-0 in /tmp/kraft-combined-logs/baseline-auto-topic-0298-0 with properties {} (kafka.log.LogManager)
[2026-03-09 17:27:06,289] INFO [Partition baseline-auto-topic-0298-0 broker=1] No checkpointed highwatermark is found for partition baseline-auto-topic-0298-0 (kafka.cluster.Partition)
[2026-03-09 17:27:06,289] INFO [Partition baseline-auto-topic-0298-0 broker=1] Log loaded for partition baseline-auto-topic-0298-0 with initial high watermark 0 (kafka.cluster.Partition)
[2026-03-09 17:27:06,479] INFO Sent auto-creation request for Set(baseline-auto-topic-0299) to the active controller. (kafka.server.DefaultAutoTopicCreationManager)
[2026-03-09 17:27:06,507] INFO [ReplicaFetcherManager on broker 1] Removed fetcher for partitions Set(baseline-auto-topic-0299-0) (kafka.server.ReplicaFetcherManager)
[2026-03-09 17:27:06,512] INFO [LogLoader partition=baseline-auto-topic-0299-0, dir=/tmp/kraft-combined-logs] Loading producer state till offset 0 (org.apache.kafka.storage.internals.log.UnifiedLog)
[2026-03-09 17:27:06,512] INFO Created log for partition baseline-auto-topic-0299-0 in /tmp/kraft-combined-logs/baseline-auto-topic-0299-0 with properties {} (kafka.log.LogManager)
[2026-03-09 17:27:06,512] INFO [Partition baseline-auto-topic-0299-0 broker=1] No checkpointed highwatermark is found for partition baseline-auto-topic-0299-0 (kafka.cluster.Partition)
[2026-03-09 17:27:06,512] INFO [Partition baseline-auto-topic-0299-0 broker=1] Log loaded for partition baseline-auto-topic-0299-0 with initial high watermark 0 (kafka.cluster.Partition)
[2026-03-09 17:27:06,704] INFO Sent auto-creation request for Set(baseline-auto-topic-0300) to the active controller. (kafka.server.DefaultAutoTopicCreationManager)
[2026-03-09 17:27:06,733] INFO [ReplicaFetcherManager on broker 1] Removed fetcher for partitions Set(baseline-auto-topic-0300-0) (kafka.server.ReplicaFetcherManager)
[2026-03-09 17:27:06,738] INFO [LogLoader partition=baseline-auto-topic-0300-0, dir=/tmp/kraft-combined-logs] Loading producer state till offset 0 (org.apache.kafka.storage.internals.log.UnifiedLog)
[2026-03-09 17:27:06,738] INFO Created log for partition baseline-auto-topic-0300-0 in /tmp/kraft-combined-logs/baseline-auto-topic-0300-0 with properties {} (kafka.log.LogManager)
[2026-03-09 17:27:06,739] INFO [Partition baseline-auto-topic-0300-0 broker=1] No checkpointed highwatermark is found for partition baseline-auto-topic-0300-0 (kafka.cluster.Partition)
[2026-03-09 17:27:06,739] INFO [Partition baseline-auto-topic-0300-0 broker=1] Log loaded for partition baseline-auto-topic-0300-0 with initial high watermark 0 (kafka.cluster.Partition)
[2026-03-09 17:27:06,932] INFO Sent auto-creation request for Set(baseline-auto-topic-0301) to the active controller. (kafka.server.DefaultAutoTopicCreationManager)
[2026-03-09 17:27:06,965] INFO [ReplicaFetcherManager on broker 1] Removed fetcher for partitions Set(baseline-auto-topic-0301-0) (kafka.server.ReplicaFetcherManager)
[2026-03-09 17:27:06,970] INFO [LogLoader partition=baseline-auto-topic-0301-0, dir=/tmp/kraft-combined-logs] Loading producer state till offset 0 (org.apache.kafka.storage.internals.log.UnifiedLog)
[2026-03-09 17:27:06,970] INFO Created log for partition baseline-auto-topic-0301-0 in /tmp/kraft-combined-logs/baseline-auto-topic-0301-0 with properties {} (kafka.log.LogManager)
[2026-03-09 17:27:06,971] INFO [Partition baseline-auto-topic-0301-0 broker=1] No checkpointed highwatermark is found for partition baseline-auto-topic-0301-0 (kafka.cluster.Partition)
[2026-03-09 17:27:06,971] INFO [Partition baseline-auto-topic-0301-0 broker=1] Log loaded for partition baseline-auto-topic-0301-0 with initial high watermark 0 (kafka.cluster.Partition)
[2026-03-09 17:27:07,158] INFO Sent auto-creation request for Set(baseline-auto-topic-0302) to the active controller. (kafka.server.DefaultAutoTopicCreationManager)
[2026-03-09 17:27:07,190] INFO [ReplicaFetcherManager on broker 1] Removed fetcher for partitions Set(baseline-auto-topic-0302-0) (kafka.server.ReplicaFetcherManager)
[2026-03-09 17:27:07,196] INFO [LogLoader partition=baseline-auto-topic-0302-0, dir=/tmp/kraft-combined-logs] Loading producer state till offset 0 (org.apache.kafka.storage.internals.log.UnifiedLog)
[2026-03-09 17:27:07,196] INFO Created log for partition baseline-auto-topic-0302-0 in /tmp/kraft-combined-logs/baseline-auto-topic-0302-0 with properties {} (kafka.log.LogManager)
[2026-03-09 17:27:07,196] INFO [Partition baseline-auto-topic-0302-0 broker=1] No checkpointed highwatermark is found for partition baseline-auto-topic-0302-0 (kafka.cluster.Partition)
[2026-03-09 17:27:07,197] INFO [Partition baseline-auto-topic-0302-0 broker=1] Log loaded for partition baseline-auto-topic-0302-0 with initial high watermark 0 (kafka.cluster.Partition)
[2026-03-09 17:27:07,385] INFO Sent auto-creation request for Set(baseline-auto-topic-0303) to the active controller. (kafka.server.DefaultAutoTopicCreationManager)
[2026-03-09 17:27:07,417] INFO [ReplicaFetcherManager on broker 1] Removed fetcher for partitions Set(baseline-auto-topic-0303-0) (kafka.server.ReplicaFetcherManager)
[2026-03-09 17:27:07,422] INFO [LogLoader partition=baseline-auto-topic-0303-0, dir=/tmp/kraft-combined-logs] Loading producer state till offset 0 (org.apache.kafka.storage.internals.log.UnifiedLog)
[2026-03-09 17:27:07,422] INFO Created log for partition baseline-auto-topic-0303-0 in /tmp/kraft-combined-logs/baseline-auto-topic-0303-0 with properties {} (kafka.log.LogManager)
[2026-03-09 17:27:07,422] INFO [Partition baseline-auto-topic-0303-0 broker=1] No checkpointed highwatermark is found for partition baseline-auto-topic-0303-0 (kafka.cluster.Partition)
[2026-03-09 17:27:07,422] INFO [Partition baseline-auto-topic-0303-0 broker=1] Log loaded for partition baseline-auto-topic-0303-0 with initial high watermark 0 (kafka.cluster.Partition)
[2026-03-09 17:27:07,628] INFO Sent auto-creation request for Set(baseline-auto-topic-0304) to the active controller. (kafka.server.DefaultAutoTopicCreationManager)
[2026-03-09 17:27:07,657] INFO [ReplicaFetcherManager on broker 1] Removed fetcher for partitions Set(baseline-auto-topic-0304-0) (kafka.server.ReplicaFetcherManager)
[2026-03-09 17:27:07,662] INFO [LogLoader partition=baseline-auto-topic-0304-0, dir=/tmp/kraft-combined-logs] Loading producer state till offset 0 (org.apache.kafka.storage.internals.log.UnifiedLog)
[2026-03-09 17:27:07,663] INFO Created log for partition baseline-auto-topic-0304-0 in /tmp/kraft-combined-logs/baseline-auto-topic-0304-0 with properties {} (kafka.log.LogManager)
[2026-03-09 17:27:07,663] INFO [Partition baseline-auto-topic-0304-0 broker=1] No checkpointed highwatermark is found for partition baseline-auto-topic-0304-0 (kafka.cluster.Partition)
[2026-03-09 17:27:07,663] INFO [Partition baseline-auto-topic-0304-0 broker=1] Log loaded for partition baseline-auto-topic-0304-0 with initial high watermark 0 (kafka.cluster.Partition)
[2026-03-09 17:27:07,856] INFO Sent auto-creation request for Set(baseline-auto-topic-0305) to the active controller. (kafka.server.DefaultAutoTopicCreationManager)
[2026-03-09 17:27:07,888] INFO [ReplicaFetcherManager on broker 1] Removed fetcher for partitions Set(baseline-auto-topic-0305-0) (kafka.server.ReplicaFetcherManager)
[2026-03-09 17:27:07,894] INFO [LogLoader partition=baseline-auto-topic-0305-0, dir=/tmp/kraft-combined-logs] Loading producer state till offset 0 (org.apache.kafka.storage.internals.log.UnifiedLog)
[2026-03-09 17:27:07,894] INFO Created log for partition baseline-auto-topic-0305-0 in /tmp/kraft-combined-logs/baseline-auto-topic-0305-0 with properties {} (kafka.log.LogManager)
[2026-03-09 17:27:07,895] INFO [Partition baseline-auto-topic-0305-0 broker=1] No checkpointed highwatermark is found for partition baseline-auto-topic-0305-0 (kafka.cluster.Partition)
[2026-03-09 17:27:07,895] INFO [Partition baseline-auto-topic-0305-0 broker=1] Log loaded for partition baseline-auto-topic-0305-0 with initial high watermark 0 (kafka.cluster.Partition)
[2026-03-09 17:27:08,083] INFO Sent auto-creation request for Set(baseline-auto-topic-0306) to the active controller. (kafka.server.DefaultAutoTopicCreationManager)
[2026-03-09 17:27:08,114] INFO [ReplicaFetcherManager on broker 1] Removed fetcher for partitions Set(baseline-auto-topic-0306-0) (kafka.server.ReplicaFetcherManager)
[2026-03-09 17:27:08,119] INFO [LogLoader partition=baseline-auto-topic-0306-0, dir=/tmp/kraft-combined-logs] Loading producer state till offset 0 (org.apache.kafka.storage.internals.log.UnifiedLog)
[2026-03-09 17:27:08,119] INFO Created log for partition baseline-auto-topic-0306-0 in /tmp/kraft-combined-logs/baseline-auto-topic-0306-0 with properties {} (kafka.log.LogManager)
[2026-03-09 17:27:08,119] INFO [Partition baseline-auto-topic-0306-0 broker=1] No checkpointed highwatermark is found for partition baseline-auto-topic-0306-0 (kafka.cluster.Partition)
[2026-03-09 17:27:08,119] INFO [Partition baseline-auto-topic-0306-0 broker=1] Log loaded for partition baseline-auto-topic-0306-0 with initial high watermark 0 (kafka.cluster.Partition)
[2026-03-09 17:27:08,299] INFO Sent auto-creation request for Set(baseline-auto-topic-0307) to the active controller. (kafka.server.DefaultAutoTopicCreationManager)
[2026-03-09 17:27:08,330] INFO [ReplicaFetcherManager on broker 1] Removed fetcher for partitions Set(baseline-auto-topic-0307-0) (kafka.server.ReplicaFetcherManager)
[2026-03-09 17:27:08,336] INFO [LogLoader partition=baseline-auto-topic-0307-0, dir=/tmp/kraft-combined-logs] Loading producer state till offset 0 (org.apache.kafka.storage.internals.log.UnifiedLog)
[2026-03-09 17:27:08,336] INFO Created log for partition baseline-auto-topic-0307-0 in /tmp/kraft-combined-logs/baseline-auto-topic-0307-0 with properties {} (kafka.log.LogManager)
[2026-03-09 17:27:08,336] INFO [Partition baseline-auto-topic-0307-0 broker=1] No checkpointed highwatermark is found for partition baseline-auto-topic-0307-0 (kafka.cluster.Partition)
[2026-03-09 17:27:08,336] INFO [Partition baseline-auto-topic-0307-0 broker=1] Log loaded for partition baseline-auto-topic-0307-0 with initial high watermark 0 (kafka.cluster.Partition)
[2026-03-09 17:27:08,525] INFO Sent auto-creation request for Set(baseline-auto-topic-0308) to the active controller. (kafka.server.DefaultAutoTopicCreationManager)
[2026-03-09 17:27:08,558] INFO [ReplicaFetcherManager on broker 1] Removed fetcher for partitions Set(baseline-auto-topic-0308-0) (kafka.server.ReplicaFetcherManager)
[2026-03-09 17:27:08,564] INFO [LogLoader partition=baseline-auto-topic-0308-0, dir=/tmp/kraft-combined-logs] Loading producer state till offset 0 (org.apache.kafka.storage.internals.log.UnifiedLog)
[2026-03-09 17:27:08,564] INFO Created log for partition baseline-auto-topic-0308-0 in /tmp/kraft-combined-logs/baseline-auto-topic-0308-0 with properties {} (kafka.log.LogManager)
[2026-03-09 17:27:08,565] INFO [Partition baseline-auto-topic-0308-0 broker=1] No checkpointed highwatermark is found for partition baseline-auto-topic-0308-0 (kafka.cluster.Partition)
[2026-03-09 17:27:08,565] INFO [Partition baseline-auto-topic-0308-0 broker=1] Log loaded for partition baseline-auto-topic-0308-0 with initial high watermark 0 (kafka.cluster.Partition)
[2026-03-09 17:27:08,754] INFO Sent auto-creation request for Set(baseline-auto-topic-0309) to the active controller. (kafka.server.DefaultAutoTopicCreationManager)
[2026-03-09 17:27:08,782] INFO [ReplicaFetcherManager on broker 1] Removed fetcher for partitions Set(baseline-auto-topic-0309-0) (kafka.server.ReplicaFetcherManager)
[2026-03-09 17:27:08,787] INFO [LogLoader partition=baseline-auto-topic-0309-0, dir=/tmp/kraft-combined-logs] Loading producer state till offset 0 (org.apache.kafka.storage.internals.log.UnifiedLog)
[2026-03-09 17:27:08,787] INFO Created log for partition baseline-auto-topic-0309-0 in /tmp/kraft-combined-logs/baseline-auto-topic-0309-0 with properties {} (kafka.log.LogManager)
[2026-03-09 17:27:08,787] INFO [Partition baseline-auto-topic-0309-0 broker=1] No checkpointed highwatermark is found for partition baseline-auto-topic-0309-0 (kafka.cluster.Partition)
[2026-03-09 17:27:08,787] INFO [Partition baseline-auto-topic-0309-0 broker=1] Log loaded for partition baseline-auto-topic-0309-0 with initial high watermark 0 (kafka.cluster.Partition)
[2026-03-09 17:27:08,979] INFO Sent auto-creation request for Set(baseline-auto-topic-0310) to the active controller. (kafka.server.DefaultAutoTopicCreationManager)
[2026-03-09 17:27:08,982] INFO [ReplicaFetcherManager on broker 1] Removed fetcher for partitions Set(baseline-auto-topic-0310-0) (kafka.server.ReplicaFetcherManager)
[2026-03-09 17:27:08,988] INFO [LogLoader partition=baseline-auto-topic-0310-0, dir=/tmp/kraft-combined-logs] Loading producer state till offset 0 (org.apache.kafka.storage.internals.log.UnifiedLog)
[2026-03-09 17:27:08,989] INFO Created log for partition baseline-auto-topic-0310-0 in /tmp/kraft-combined-logs/baseline-auto-topic-0310-0 with properties {} (kafka.log.LogManager)
[2026-03-09 17:27:08,989] INFO [Partition baseline-auto-topic-0310-0 broker=1] No checkpointed highwatermark is found for partition baseline-auto-topic-0310-0 (kafka.cluster.Partition)
[2026-03-09 17:27:08,989] INFO [Partition baseline-auto-topic-0310-0 broker=1] Log loaded for partition baseline-auto-topic-0310-0 with initial high watermark 0 (kafka.cluster.Partition)
[2026-03-09 17:27:09,208] INFO Sent auto-creation request for Set(baseline-auto-topic-0311) to the active controller. (kafka.server.DefaultAutoTopicCreationManager)
[2026-03-09 17:27:09,240] INFO [ReplicaFetcherManager on broker 1] Removed fetcher for partitions Set(baseline-auto-topic-0311-0) (kafka.server.ReplicaFetcherManager)
[2026-03-09 17:27:09,245] INFO [LogLoader partition=baseline-auto-topic-0311-0, dir=/tmp/kraft-combined-logs] Loading producer state till offset 0 (org.apache.kafka.storage.internals.log.UnifiedLog)
[2026-03-09 17:27:09,246] INFO Created log for partition baseline-auto-topic-0311-0 in /tmp/kraft-combined-logs/baseline-auto-topic-0311-0 with properties {} (kafka.log.LogManager)
[2026-03-09 17:27:09,246] INFO [Partition baseline-auto-topic-0311-0 broker=1] No checkpointed highwatermark is found for partition baseline-auto-topic-0311-0 (kafka.cluster.Partition)
[2026-03-09 17:27:09,246] INFO [Partition baseline-auto-topic-0311-0 broker=1] Log loaded for partition baseline-auto-topic-0311-0 with initial high watermark 0 (kafka.cluster.Partition)
[2026-03-09 17:27:09,438] INFO Sent auto-creation request for Set(baseline-auto-topic-0312) to the active controller. (kafka.server.DefaultAutoTopicCreationManager)
[2026-03-09 17:27:09,470] INFO [ReplicaFetcherManager on broker 1] Removed fetcher for partitions Set(baseline-auto-topic-0312-0) (kafka.server.ReplicaFetcherManager)
[2026-03-09 17:27:09,475] INFO [LogLoader partition=baseline-auto-topic-0312-0, dir=/tmp/kraft-combined-logs] Loading producer state till offset 0 (org.apache.kafka.storage.internals.log.UnifiedLog)
[2026-03-09 17:27:09,476] INFO Created log for partition baseline-auto-topic-0312-0 in /tmp/kraft-combined-logs/baseline-auto-topic-0312-0 with properties {} (kafka.log.LogManager)
[2026-03-09 17:27:09,476] INFO [Partition baseline-auto-topic-0312-0 broker=1] No checkpointed highwatermark is found for partition baseline-auto-topic-0312-0 (kafka.cluster.Partition)
[2026-03-09 17:27:09,476] INFO [Partition baseline-auto-topic-0312-0 broker=1] Log loaded for partition baseline-auto-topic-0312-0 with initial high watermark 0 (kafka.cluster.Partition)
[2026-03-09 17:27:09,665] INFO Sent auto-creation request for Set(baseline-auto-topic-0313) to the active controller. (kafka.server.DefaultAutoTopicCreationManager)
[2026-03-09 17:27:09,693] INFO [ReplicaFetcherManager on broker 1] Removed fetcher for partitions Set(baseline-auto-topic-0313-0) (kafka.server.ReplicaFetcherManager)
[2026-03-09 17:27:09,697] INFO [LogLoader partition=baseline-auto-topic-0313-0, dir=/tmp/kraft-combined-logs] Loading producer state till offset 0 (org.apache.kafka.storage.internals.log.UnifiedLog)
[2026-03-09 17:27:09,697] INFO Created log for partition baseline-auto-topic-0313-0 in /tmp/kraft-combined-logs/baseline-auto-topic-0313-0 with properties {} (kafka.log.LogManager)
[2026-03-09 17:27:09,698] INFO [Partition baseline-auto-topic-0313-0 broker=1] No checkpointed highwatermark is found for partition baseline-auto-topic-0313-0 (kafka.cluster.Partition)
[2026-03-09 17:27:09,698] INFO [Partition baseline-auto-topic-0313-0 broker=1] Log loaded for partition baseline-auto-topic-0313-0 with initial high watermark 0 (kafka.cluster.Partition)
[2026-03-09 17:27:09,892] INFO Sent auto-creation request for Set(baseline-auto-topic-0314) to the active controller. (kafka.server.DefaultAutoTopicCreationManager)
[2026-03-09 17:27:09,924] INFO [ReplicaFetcherManager on broker 1] Removed fetcher for partitions Set(baseline-auto-topic-0314-0) (kafka.server.ReplicaFetcherManager)
[2026-03-09 17:27:09,929] INFO [LogLoader partition=baseline-auto-topic-0314-0, dir=/tmp/kraft-combined-logs] Loading producer state till offset 0 (org.apache.kafka.storage.internals.log.UnifiedLog)
[2026-03-09 17:27:09,929] INFO Created log for partition baseline-auto-topic-0314-0 in /tmp/kraft-combined-logs/baseline-auto-topic-0314-0 with properties {} (kafka.log.LogManager)
[2026-03-09 17:27:09,930] INFO [Partition baseline-auto-topic-0314-0 broker=1] No checkpointed highwatermark is found for partition baseline-auto-topic-0314-0 (kafka.cluster.Partition)
[2026-03-09 17:27:09,930] INFO [Partition baseline-auto-topic-0314-0 broker=1] Log loaded for partition baseline-auto-topic-0314-0 with initial high watermark 0 (kafka.cluster.Partition)
[2026-03-09 17:27:10,120] INFO Sent auto-creation request for Set(baseline-auto-topic-0315) to the active controller. (kafka.server.DefaultAutoTopicCreationManager)
[2026-03-09 17:27:10,151] INFO [ReplicaFetcherManager on broker 1] Removed fetcher for partitions Set(baseline-auto-topic-0315-0) (kafka.server.ReplicaFetcherManager)
[2026-03-09 17:27:10,158] INFO [LogLoader partition=baseline-auto-topic-0315-0, dir=/tmp/kraft-combined-logs] Loading producer state till offset 0 (org.apache.kafka.storage.internals.log.UnifiedLog)
[2026-03-09 17:27:10,158] INFO Created log for partition baseline-auto-topic-0315-0 in /tmp/kraft-combined-logs/baseline-auto-topic-0315-0 with properties {} (kafka.log.LogManager)
[2026-03-09 17:27:10,158] INFO [Partition baseline-auto-topic-0315-0 broker=1] No checkpointed highwatermark is found for partition baseline-auto-topic-0315-0 (kafka.cluster.Partition)
[2026-03-09 17:27:10,158] INFO [Partition baseline-auto-topic-0315-0 broker=1] Log loaded for partition baseline-auto-topic-0315-0 with initial high watermark 0 (kafka.cluster.Partition)
[2026-03-09 17:27:10,350] INFO Sent auto-creation request for Set(baseline-auto-topic-0316) to the active controller. (kafka.server.DefaultAutoTopicCreationManager)
[2026-03-09 17:27:10,379] INFO [ReplicaFetcherManager on broker 1] Removed fetcher for partitions Set(baseline-auto-topic-0316-0) (kafka.server.ReplicaFetcherManager)
[2026-03-09 17:27:10,385] INFO [LogLoader partition=baseline-auto-topic-0316-0, dir=/tmp/kraft-combined-logs] Loading producer state till offset 0 (org.apache.kafka.storage.internals.log.UnifiedLog)
[2026-03-09 17:27:10,385] INFO Created log for partition baseline-auto-topic-0316-0 in /tmp/kraft-combined-logs/baseline-auto-topic-0316-0 with properties {} (kafka.log.LogManager)
[2026-03-09 17:27:10,385] INFO [Partition baseline-auto-topic-0316-0 broker=1] No checkpointed highwatermark is found for partition baseline-auto-topic-0316-0 (kafka.cluster.Partition)
[2026-03-09 17:27:10,385] INFO [Partition baseline-auto-topic-0316-0 broker=1] Log loaded for partition baseline-auto-topic-0316-0 with initial high watermark 0 (kafka.cluster.Partition)
[2026-03-09 17:27:10,580] INFO Sent auto-creation request for Set(baseline-auto-topic-0317) to the active controller. (kafka.server.DefaultAutoTopicCreationManager)
[2026-03-09 17:27:10,608] INFO [ReplicaFetcherManager on broker 1] Removed fetcher for partitions Set(baseline-auto-topic-0317-0) (kafka.server.ReplicaFetcherManager)
[2026-03-09 17:27:10,613] INFO [LogLoader partition=baseline-auto-topic-0317-0, dir=/tmp/kraft-combined-logs] Loading producer state till offset 0 (org.apache.kafka.storage.internals.log.UnifiedLog)
[2026-03-09 17:27:10,613] INFO Created log for partition baseline-auto-topic-0317-0 in /tmp/kraft-combined-logs/baseline-auto-topic-0317-0 with properties {} (kafka.log.LogManager)
[2026-03-09 17:27:10,614] INFO [Partition baseline-auto-topic-0317-0 broker=1] No checkpointed highwatermark is found for partition baseline-auto-topic-0317-0 (kafka.cluster.Partition)
[2026-03-09 17:27:10,614] INFO [Partition baseline-auto-topic-0317-0 broker=1] Log loaded for partition baseline-auto-topic-0317-0 with initial high watermark 0 (kafka.cluster.Partition)
[2026-03-09 17:27:10,805] INFO Sent auto-creation request for Set(baseline-auto-topic-0318) to the active controller. (kafka.server.DefaultAutoTopicCreationManager)
[2026-03-09 17:27:10,837] INFO [ReplicaFetcherManager on broker 1] Removed fetcher for partitions Set(baseline-auto-topic-0318-0) (kafka.server.ReplicaFetcherManager)
[2026-03-09 17:27:10,841] INFO [LogLoader partition=baseline-auto-topic-0318-0, dir=/tmp/kraft-combined-logs] Loading producer state till offset 0 (org.apache.kafka.storage.internals.log.UnifiedLog)
[2026-03-09 17:27:10,842] INFO Created log for partition baseline-auto-topic-0318-0 in /tmp/kraft-combined-logs/baseline-auto-topic-0318-0 with properties {} (kafka.log.LogManager)
[2026-03-09 17:27:10,842] INFO [Partition baseline-auto-topic-0318-0 broker=1] No checkpointed highwatermark is found for partition baseline-auto-topic-0318-0 (kafka.cluster.Partition)
[2026-03-09 17:27:10,842] INFO [Partition baseline-auto-topic-0318-0 broker=1] Log loaded for partition baseline-auto-topic-0318-0 with initial high watermark 0 (kafka.cluster.Partition)
[2026-03-09 17:27:11,033] INFO Sent auto-creation request for Set(baseline-auto-topic-0319) to the active controller. (kafka.server.DefaultAutoTopicCreationManager)
[2026-03-09 17:27:11,065] INFO [ReplicaFetcherManager on broker 1] Removed fetcher for partitions Set(baseline-auto-topic-0319-0) (kafka.server.ReplicaFetcherManager)
[2026-03-09 17:27:11,070] INFO [LogLoader partition=baseline-auto-topic-0319-0, dir=/tmp/kraft-combined-logs] Loading producer state till offset 0 (org.apache.kafka.storage.internals.log.UnifiedLog)
[2026-03-09 17:27:11,071] INFO Created log for partition baseline-auto-topic-0319-0 in /tmp/kraft-combined-logs/baseline-auto-topic-0319-0 with properties {} (kafka.log.LogManager)
[2026-03-09 17:27:11,071] INFO [Partition baseline-auto-topic-0319-0 broker=1] No checkpointed highwatermark is found for partition baseline-auto-topic-0319-0 (kafka.cluster.Partition)
[2026-03-09 17:27:11,071] INFO [Partition baseline-auto-topic-0319-0 broker=1] Log loaded for partition baseline-auto-topic-0319-0 with initial high watermark 0 (kafka.cluster.Partition)
[2026-03-09 17:27:11,261] INFO Sent auto-creation request for Set(baseline-auto-topic-0320) to the active controller. (kafka.server.DefaultAutoTopicCreationManager)
[2026-03-09 17:27:11,293] INFO [ReplicaFetcherManager on broker 1] Removed fetcher for partitions Set(baseline-auto-topic-0320-0) (kafka.server.ReplicaFetcherManager)
[2026-03-09 17:27:11,298] INFO [LogLoader partition=baseline-auto-topic-0320-0, dir=/tmp/kraft-combined-logs] Loading producer state till offset 0 (org.apache.kafka.storage.internals.log.UnifiedLog)
[2026-03-09 17:27:11,298] INFO Created log for partition baseline-auto-topic-0320-0 in /tmp/kraft-combined-logs/baseline-auto-topic-0320-0 with properties {} (kafka.log.LogManager)
[2026-03-09 17:27:11,299] INFO [Partition baseline-auto-topic-0320-0 broker=1] No checkpointed highwatermark is found for partition baseline-auto-topic-0320-0 (kafka.cluster.Partition)
[2026-03-09 17:27:11,299] INFO [Partition baseline-auto-topic-0320-0 broker=1] Log loaded for partition baseline-auto-topic-0320-0 with initial high watermark 0 (kafka.cluster.Partition)
[2026-03-09 17:27:11,489] INFO Sent auto-creation request for Set(baseline-auto-topic-0321) to the active controller. (kafka.server.DefaultAutoTopicCreationManager)
[2026-03-09 17:27:11,492] INFO [ReplicaFetcherManager on broker 1] Removed fetcher for partitions Set(baseline-auto-topic-0321-0) (kafka.server.ReplicaFetcherManager)
[2026-03-09 17:27:11,497] INFO [LogLoader partition=baseline-auto-topic-0321-0, dir=/tmp/kraft-combined-logs] Loading producer state till offset 0 (org.apache.kafka.storage.internals.log.UnifiedLog)
[2026-03-09 17:27:11,497] INFO Created log for partition baseline-auto-topic-0321-0 in /tmp/kraft-combined-logs/baseline-auto-topic-0321-0 with properties {} (kafka.log.LogManager)
[2026-03-09 17:27:11,498] INFO [Partition baseline-auto-topic-0321-0 broker=1] No checkpointed highwatermark is found for partition baseline-auto-topic-0321-0 (kafka.cluster.Partition)
[2026-03-09 17:27:11,498] INFO [Partition baseline-auto-topic-0321-0 broker=1] Log loaded for partition baseline-auto-topic-0321-0 with initial high watermark 0 (kafka.cluster.Partition)
[2026-03-09 17:27:11,715] INFO Sent auto-creation request for Set(baseline-auto-topic-0322) to the active controller. (kafka.server.DefaultAutoTopicCreationManager)
[2026-03-09 17:27:11,746] INFO [ReplicaFetcherManager on broker 1] Removed fetcher for partitions Set(baseline-auto-topic-0322-0) (kafka.server.ReplicaFetcherManager)
[2026-03-09 17:27:11,750] INFO [LogLoader partition=baseline-auto-topic-0322-0, dir=/tmp/kraft-combined-logs] Loading producer state till offset 0 (org.apache.kafka.storage.internals.log.UnifiedLog)
[2026-03-09 17:27:11,750] INFO Created log for partition baseline-auto-topic-0322-0 in /tmp/kraft-combined-logs/baseline-auto-topic-0322-0 with properties {} (kafka.log.LogManager)
[2026-03-09 17:27:11,750] INFO [Partition baseline-auto-topic-0322-0 broker=1] No checkpointed highwatermark is found for partition baseline-auto-topic-0322-0 (kafka.cluster.Partition)
[2026-03-09 17:27:11,750] INFO [Partition baseline-auto-topic-0322-0 broker=1] Log loaded for partition baseline-auto-topic-0322-0 with initial high watermark 0 (kafka.cluster.Partition)
[2026-03-09 17:27:11,929] INFO Sent auto-creation request for Set(baseline-auto-topic-0323) to the active controller. (kafka.server.DefaultAutoTopicCreationManager)
[2026-03-09 17:27:11,959] INFO [ReplicaFetcherManager on broker 1] Removed fetcher for partitions Set(baseline-auto-topic-0323-0) (kafka.server.ReplicaFetcherManager)
[2026-03-09 17:27:11,962] INFO [LogLoader partition=baseline-auto-topic-0323-0, dir=/tmp/kraft-combined-logs] Loading producer state till offset 0 (org.apache.kafka.storage.internals.log.UnifiedLog)
[2026-03-09 17:27:11,963] INFO Created log for partition baseline-auto-topic-0323-0 in /tmp/kraft-combined-logs/baseline-auto-topic-0323-0 with properties {} (kafka.log.LogManager)
[2026-03-09 17:27:11,963] INFO [Partition baseline-auto-topic-0323-0 broker=1] No checkpointed highwatermark is found for partition baseline-auto-topic-0323-0 (kafka.cluster.Partition)
[2026-03-09 17:27:11,963] INFO [Partition baseline-auto-topic-0323-0 broker=1] Log loaded for partition baseline-auto-topic-0323-0 with initial high watermark 0 (kafka.cluster.Partition)
[2026-03-09 17:27:12,153] INFO Sent auto-creation request for Set(baseline-auto-topic-0324) to the active controller. (kafka.server.DefaultAutoTopicCreationManager)
[2026-03-09 17:27:12,184] INFO [ReplicaFetcherManager on broker 1] Removed fetcher for partitions Set(baseline-auto-topic-0324-0) (kafka.server.ReplicaFetcherManager)
[2026-03-09 17:27:12,189] INFO [LogLoader partition=baseline-auto-topic-0324-0, dir=/tmp/kraft-combined-logs] Loading producer state till offset 0 (org.apache.kafka.storage.internals.log.UnifiedLog)
[2026-03-09 17:27:12,189] INFO Created log for partition baseline-auto-topic-0324-0 in /tmp/kraft-combined-logs/baseline-auto-topic-0324-0 with properties {} (kafka.log.LogManager)
[2026-03-09 17:27:12,190] INFO [Partition baseline-auto-topic-0324-0 broker=1] No checkpointed highwatermark is found for partition baseline-auto-topic-0324-0 (kafka.cluster.Partition)
[2026-03-09 17:27:12,190] INFO [Partition baseline-auto-topic-0324-0 broker=1] Log loaded for partition baseline-auto-topic-0324-0 with initial high watermark 0 (kafka.cluster.Partition)
[2026-03-09 17:27:12,382] INFO Sent auto-creation request for Set(baseline-auto-topic-0325) to the active controller. (kafka.server.DefaultAutoTopicCreationManager)
[2026-03-09 17:27:12,413] INFO [ReplicaFetcherManager on broker 1] Removed fetcher for partitions Set(baseline-auto-topic-0325-0) (kafka.server.ReplicaFetcherManager)
[2026-03-09 17:27:12,418] INFO [LogLoader partition=baseline-auto-topic-0325-0, dir=/tmp/kraft-combined-logs] Loading producer state till offset 0 (org.apache.kafka.storage.internals.log.UnifiedLog)
[2026-03-09 17:27:12,418] INFO Created log for partition baseline-auto-topic-0325-0 in /tmp/kraft-combined-logs/baseline-auto-topic-0325-0 with properties {} (kafka.log.LogManager)
[2026-03-09 17:27:12,418] INFO [Partition baseline-auto-topic-0325-0 broker=1] No checkpointed highwatermark is found for partition baseline-auto-topic-0325-0 (kafka.cluster.Partition)
[2026-03-09 17:27:12,418] INFO [Partition baseline-auto-topic-0325-0 broker=1] Log loaded for partition baseline-auto-topic-0325-0 with initial high watermark 0 (kafka.cluster.Partition)
[2026-03-09 17:27:12,606] INFO Sent auto-creation request for Set(baseline-auto-topic-0326) to the active controller. (kafka.server.DefaultAutoTopicCreationManager)
[2026-03-09 17:27:12,637] INFO [ReplicaFetcherManager on broker 1] Removed fetcher for partitions Set(baseline-auto-topic-0326-0) (kafka.server.ReplicaFetcherManager)
[2026-03-09 17:27:12,642] INFO [LogLoader partition=baseline-auto-topic-0326-0, dir=/tmp/kraft-combined-logs] Loading producer state till offset 0 (org.apache.kafka.storage.internals.log.UnifiedLog)
[2026-03-09 17:27:12,642] INFO Created log for partition baseline-auto-topic-0326-0 in /tmp/kraft-combined-logs/baseline-auto-topic-0326-0 with properties {} (kafka.log.LogManager)
[2026-03-09 17:27:12,642] INFO [Partition baseline-auto-topic-0326-0 broker=1] No checkpointed highwatermark is found for partition baseline-auto-topic-0326-0 (kafka.cluster.Partition)
[2026-03-09 17:27:12,642] INFO [Partition baseline-auto-topic-0326-0 broker=1] Log loaded for partition baseline-auto-topic-0326-0 with initial high watermark 0 (kafka.cluster.Partition)
[2026-03-09 17:27:12,828] INFO Sent auto-creation request for Set(baseline-auto-topic-0327) to the active controller. (kafka.server.DefaultAutoTopicCreationManager)
[2026-03-09 17:27:12,857] INFO [ReplicaFetcherManager on broker 1] Removed fetcher for partitions Set(baseline-auto-topic-0327-0) (kafka.server.ReplicaFetcherManager)
[2026-03-09 17:27:12,862] INFO [LogLoader partition=baseline-auto-topic-0327-0, dir=/tmp/kraft-combined-logs] Loading producer state till offset 0 (org.apache.kafka.storage.internals.log.UnifiedLog)
[2026-03-09 17:27:12,862] INFO Created log for partition baseline-auto-topic-0327-0 in /tmp/kraft-combined-logs/baseline-auto-topic-0327-0 with properties {} (kafka.log.LogManager)
[2026-03-09 17:27:12,862] INFO [Partition baseline-auto-topic-0327-0 broker=1] No checkpointed highwatermark is found for partition baseline-auto-topic-0327-0 (kafka.cluster.Partition)
[2026-03-09 17:27:12,862] INFO [Partition baseline-auto-topic-0327-0 broker=1] Log loaded for partition baseline-auto-topic-0327-0 with initial high watermark 0 (kafka.cluster.Partition)
[2026-03-09 17:27:13,056] INFO Sent auto-creation request for Set(baseline-auto-topic-0328) to the active controller. (kafka.server.DefaultAutoTopicCreationManager)
[2026-03-09 17:27:13,088] INFO [ReplicaFetcherManager on broker 1] Removed fetcher for partitions Set(baseline-auto-topic-0328-0) (kafka.server.ReplicaFetcherManager)
[2026-03-09 17:27:13,092] INFO [LogLoader partition=baseline-auto-topic-0328-0, dir=/tmp/kraft-combined-logs] Loading producer state till offset 0 (org.apache.kafka.storage.internals.log.UnifiedLog)
[2026-03-09 17:27:13,092] INFO Created log for partition baseline-auto-topic-0328-0 in /tmp/kraft-combined-logs/baseline-auto-topic-0328-0 with properties {} (kafka.log.LogManager)
[2026-03-09 17:27:13,092] INFO [Partition baseline-auto-topic-0328-0 broker=1] No checkpointed highwatermark is found for partition baseline-auto-topic-0328-0 (kafka.cluster.Partition)
[2026-03-09 17:27:13,092] INFO [Partition baseline-auto-topic-0328-0 broker=1] Log loaded for partition baseline-auto-topic-0328-0 with initial high watermark 0 (kafka.cluster.Partition)
[2026-03-09 17:27:13,275] INFO Sent auto-creation request for Set(baseline-auto-topic-0329) to the active controller. (kafka.server.DefaultAutoTopicCreationManager)
[2026-03-09 17:27:13,305] INFO [ReplicaFetcherManager on broker 1] Removed fetcher for partitions Set(baseline-auto-topic-0329-0) (kafka.server.ReplicaFetcherManager)
[2026-03-09 17:27:13,309] INFO [LogLoader partition=baseline-auto-topic-0329-0, dir=/tmp/kraft-combined-logs] Loading producer state till offset 0 (org.apache.kafka.storage.internals.log.UnifiedLog)
[2026-03-09 17:27:13,310] INFO Created log for partition baseline-auto-topic-0329-0 in /tmp/kraft-combined-logs/baseline-auto-topic-0329-0 with properties {} (kafka.log.LogManager)
[2026-03-09 17:27:13,310] INFO [Partition baseline-auto-topic-0329-0 broker=1] No checkpointed highwatermark is found for partition baseline-auto-topic-0329-0 (kafka.cluster.Partition)
[2026-03-09 17:27:13,310] INFO [Partition baseline-auto-topic-0329-0 broker=1] Log loaded for partition baseline-auto-topic-0329-0 with initial high watermark 0 (kafka.cluster.Partition)
[2026-03-09 17:27:13,501] INFO Sent auto-creation request for Set(baseline-auto-topic-0330) to the active controller. (kafka.server.DefaultAutoTopicCreationManager)
[2026-03-09 17:27:13,531] INFO [ReplicaFetcherManager on broker 1] Removed fetcher for partitions Set(baseline-auto-topic-0330-0) (kafka.server.ReplicaFetcherManager)
[2026-03-09 17:27:13,536] INFO [LogLoader partition=baseline-auto-topic-0330-0, dir=/tmp/kraft-combined-logs] Loading producer state till offset 0 (org.apache.kafka.storage.internals.log.UnifiedLog)
[2026-03-09 17:27:13,536] INFO Created log for partition baseline-auto-topic-0330-0 in /tmp/kraft-combined-logs/baseline-auto-topic-0330-0 with properties {} (kafka.log.LogManager)
[2026-03-09 17:27:13,537] INFO [Partition baseline-auto-topic-0330-0 broker=1] No checkpointed highwatermark is found for partition baseline-auto-topic-0330-0 (kafka.cluster.Partition)
[2026-03-09 17:27:13,537] INFO [Partition baseline-auto-topic-0330-0 broker=1] Log loaded for partition baseline-auto-topic-0330-0 with initial high watermark 0 (kafka.cluster.Partition)
[2026-03-09 17:27:13,731] INFO Sent auto-creation request for Set(baseline-auto-topic-0331) to the active controller. (kafka.server.DefaultAutoTopicCreationManager)
[2026-03-09 17:27:13,762] INFO [ReplicaFetcherManager on broker 1] Removed fetcher for partitions Set(baseline-auto-topic-0331-0) (kafka.server.ReplicaFetcherManager)
[2026-03-09 17:27:13,768] INFO [LogLoader partition=baseline-auto-topic-0331-0, dir=/tmp/kraft-combined-logs] Loading producer state till offset 0 (org.apache.kafka.storage.internals.log.UnifiedLog)
[2026-03-09 17:27:13,768] INFO Created log for partition baseline-auto-topic-0331-0 in /tmp/kraft-combined-logs/baseline-auto-topic-0331-0 with properties {} (kafka.log.LogManager)
[2026-03-09 17:27:13,769] INFO [Partition baseline-auto-topic-0331-0 broker=1] No checkpointed highwatermark is found for partition baseline-auto-topic-0331-0 (kafka.cluster.Partition)
[2026-03-09 17:27:13,769] INFO [Partition baseline-auto-topic-0331-0 broker=1] Log loaded for partition baseline-auto-topic-0331-0 with initial high watermark 0 (kafka.cluster.Partition)
[2026-03-09 17:27:13,962] INFO Sent auto-creation request for Set(baseline-auto-topic-0332) to the active controller. (kafka.server.DefaultAutoTopicCreationManager)
[2026-03-09 17:27:13,994] INFO [ReplicaFetcherManager on broker 1] Removed fetcher for partitions Set(baseline-auto-topic-0332-0) (kafka.server.ReplicaFetcherManager)
[2026-03-09 17:27:13,999] INFO [LogLoader partition=baseline-auto-topic-0332-0, dir=/tmp/kraft-combined-logs] Loading producer state till offset 0 (org.apache.kafka.storage.internals.log.UnifiedLog)
[2026-03-09 17:27:13,999] INFO Created log for partition baseline-auto-topic-0332-0 in /tmp/kraft-combined-logs/baseline-auto-topic-0332-0 with properties {} (kafka.log.LogManager)
[2026-03-09 17:27:14,000] INFO [Partition baseline-auto-topic-0332-0 broker=1] No checkpointed highwatermark is found for partition baseline-auto-topic-0332-0 (kafka.cluster.Partition)
[2026-03-09 17:27:14,000] INFO [Partition baseline-auto-topic-0332-0 broker=1] Log loaded for partition baseline-auto-topic-0332-0 with initial high watermark 0 (kafka.cluster.Partition)
[2026-03-09 17:27:14,193] INFO Sent auto-creation request for Set(baseline-auto-topic-0333) to the active controller. (kafka.server.DefaultAutoTopicCreationManager)
[2026-03-09 17:27:14,225] INFO [ReplicaFetcherManager on broker 1] Removed fetcher for partitions Set(baseline-auto-topic-0333-0) (kafka.server.ReplicaFetcherManager)
[2026-03-09 17:27:14,232] INFO [LogLoader partition=baseline-auto-topic-0333-0, dir=/tmp/kraft-combined-logs] Loading producer state till offset 0 (org.apache.kafka.storage.internals.log.UnifiedLog)
[2026-03-09 17:27:14,232] INFO Created log for partition baseline-auto-topic-0333-0 in /tmp/kraft-combined-logs/baseline-auto-topic-0333-0 with properties {} (kafka.log.LogManager)
[2026-03-09 17:27:14,233] INFO [Partition baseline-auto-topic-0333-0 broker=1] No checkpointed highwatermark is found for partition baseline-auto-topic-0333-0 (kafka.cluster.Partition)
[2026-03-09 17:27:14,233] INFO [Partition baseline-auto-topic-0333-0 broker=1] Log loaded for partition baseline-auto-topic-0333-0 with initial high watermark 0 (kafka.cluster.Partition)
[2026-03-09 17:27:14,414] INFO Sent auto-creation request for Set(baseline-auto-topic-0334) to the active controller. (kafka.server.DefaultAutoTopicCreationManager)
[2026-03-09 17:27:14,445] INFO [ReplicaFetcherManager on broker 1] Removed fetcher for partitions Set(baseline-auto-topic-0334-0) (kafka.server.ReplicaFetcherManager)
[2026-03-09 17:27:14,450] INFO [LogLoader partition=baseline-auto-topic-0334-0, dir=/tmp/kraft-combined-logs] Loading producer state till offset 0 (org.apache.kafka.storage.internals.log.UnifiedLog)
[2026-03-09 17:27:14,450] INFO Created log for partition baseline-auto-topic-0334-0 in /tmp/kraft-combined-logs/baseline-auto-topic-0334-0 with properties {} (kafka.log.LogManager)
[2026-03-09 17:27:14,450] INFO [Partition baseline-auto-topic-0334-0 broker=1] No checkpointed highwatermark is found for partition baseline-auto-topic-0334-0 (kafka.cluster.Partition)
[2026-03-09 17:27:14,450] INFO [Partition baseline-auto-topic-0334-0 broker=1] Log loaded for partition baseline-auto-topic-0334-0 with initial high watermark 0 (kafka.cluster.Partition)
[2026-03-09 17:27:14,641] INFO Sent auto-creation request for Set(baseline-auto-topic-0335) to the active controller. (kafka.server.DefaultAutoTopicCreationManager)
[2026-03-09 17:27:14,670] INFO [ReplicaFetcherManager on broker 1] Removed fetcher for partitions Set(baseline-auto-topic-0335-0) (kafka.server.ReplicaFetcherManager)
[2026-03-09 17:27:14,676] INFO [LogLoader partition=baseline-auto-topic-0335-0, dir=/tmp/kraft-combined-logs] Loading producer state till offset 0 (org.apache.kafka.storage.internals.log.UnifiedLog)
[2026-03-09 17:27:14,676] INFO Created log for partition baseline-auto-topic-0335-0 in /tmp/kraft-combined-logs/baseline-auto-topic-0335-0 with properties {} (kafka.log.LogManager)
[2026-03-09 17:27:14,676] INFO [Partition baseline-auto-topic-0335-0 broker=1] No checkpointed highwatermark is found for partition baseline-auto-topic-0335-0 (kafka.cluster.Partition)
[2026-03-09 17:27:14,676] INFO [Partition baseline-auto-topic-0335-0 broker=1] Log loaded for partition baseline-auto-topic-0335-0 with initial high watermark 0 (kafka.cluster.Partition)
[2026-03-09 17:27:14,870] INFO Sent auto-creation request for Set(baseline-auto-topic-0336) to the active controller. (kafka.server.DefaultAutoTopicCreationManager)
[2026-03-09 17:27:14,901] INFO [ReplicaFetcherManager on broker 1] Removed fetcher for partitions Set(baseline-auto-topic-0336-0) (kafka.server.ReplicaFetcherManager)
[2026-03-09 17:27:14,906] INFO [LogLoader partition=baseline-auto-topic-0336-0, dir=/tmp/kraft-combined-logs] Loading producer state till offset 0 (org.apache.kafka.storage.internals.log.UnifiedLog)
[2026-03-09 17:27:14,906] INFO Created log for partition baseline-auto-topic-0336-0 in /tmp/kraft-combined-logs/baseline-auto-topic-0336-0 with properties {} (kafka.log.LogManager)
[2026-03-09 17:27:14,906] INFO [Partition baseline-auto-topic-0336-0 broker=1] No checkpointed highwatermark is found for partition baseline-auto-topic-0336-0 (kafka.cluster.Partition)
[2026-03-09 17:27:14,906] INFO [Partition baseline-auto-topic-0336-0 broker=1] Log loaded for partition baseline-auto-topic-0336-0 with initial high watermark 0 (kafka.cluster.Partition)
[2026-03-09 17:27:15,100] INFO Sent auto-creation request for Set(baseline-auto-topic-0337) to the active controller. (kafka.server.DefaultAutoTopicCreationManager)
[2026-03-09 17:27:15,132] INFO [ReplicaFetcherManager on broker 1] Removed fetcher for partitions Set(baseline-auto-topic-0337-0) (kafka.server.ReplicaFetcherManager)
[2026-03-09 17:27:15,137] INFO [LogLoader partition=baseline-auto-topic-0337-0, dir=/tmp/kraft-combined-logs] Loading producer state till offset 0 (org.apache.kafka.storage.internals.log.UnifiedLog)
[2026-03-09 17:27:15,137] INFO Created log for partition baseline-auto-topic-0337-0 in /tmp/kraft-combined-logs/baseline-auto-topic-0337-0 with properties {} (kafka.log.LogManager)
[2026-03-09 17:27:15,138] INFO [Partition baseline-auto-topic-0337-0 broker=1] No checkpointed highwatermark is found for partition baseline-auto-topic-0337-0 (kafka.cluster.Partition)
[2026-03-09 17:27:15,138] INFO [Partition baseline-auto-topic-0337-0 broker=1] Log loaded for partition baseline-auto-topic-0337-0 with initial high watermark 0 (kafka.cluster.Partition)
[2026-03-09 17:27:15,332] INFO Sent auto-creation request for Set(baseline-auto-topic-0338) to the active controller. (kafka.server.DefaultAutoTopicCreationManager)
[2026-03-09 17:27:15,364] INFO [ReplicaFetcherManager on broker 1] Removed fetcher for partitions Set(baseline-auto-topic-0338-0) (kafka.server.ReplicaFetcherManager)
[2026-03-09 17:27:15,369] INFO [LogLoader partition=baseline-auto-topic-0338-0, dir=/tmp/kraft-combined-logs] Loading producer state till offset 0 (org.apache.kafka.storage.internals.log.UnifiedLog)
[2026-03-09 17:27:15,369] INFO Created log for partition baseline-auto-topic-0338-0 in /tmp/kraft-combined-logs/baseline-auto-topic-0338-0 with properties {} (kafka.log.LogManager)
[2026-03-09 17:27:15,370] INFO [Partition baseline-auto-topic-0338-0 broker=1] No checkpointed highwatermark is found for partition baseline-auto-topic-0338-0 (kafka.cluster.Partition)
[2026-03-09 17:27:15,370] INFO [Partition baseline-auto-topic-0338-0 broker=1] Log loaded for partition baseline-auto-topic-0338-0 with initial high watermark 0 (kafka.cluster.Partition)
[2026-03-09 17:27:15,563] INFO Sent auto-creation request for Set(baseline-auto-topic-0339) to the active controller. (kafka.server.DefaultAutoTopicCreationManager)
[2026-03-09 17:27:15,595] INFO [ReplicaFetcherManager on broker 1] Removed fetcher for partitions Set(baseline-auto-topic-0339-0) (kafka.server.ReplicaFetcherManager)
[2026-03-09 17:27:15,600] INFO [LogLoader partition=baseline-auto-topic-0339-0, dir=/tmp/kraft-combined-logs] Loading producer state till offset 0 (org.apache.kafka.storage.internals.log.UnifiedLog)
[2026-03-09 17:27:15,600] INFO Created log for partition baseline-auto-topic-0339-0 in /tmp/kraft-combined-logs/baseline-auto-topic-0339-0 with properties {} (kafka.log.LogManager)
[2026-03-09 17:27:15,600] INFO [Partition baseline-auto-topic-0339-0 broker=1] No checkpointed highwatermark is found for partition baseline-auto-topic-0339-0 (kafka.cluster.Partition)
[2026-03-09 17:27:15,600] INFO [Partition baseline-auto-topic-0339-0 broker=1] Log loaded for partition baseline-auto-topic-0339-0 with initial high watermark 0 (kafka.cluster.Partition)
[2026-03-09 17:27:15,794] INFO Sent auto-creation request for Set(baseline-auto-topic-0340) to the active controller. (kafka.server.DefaultAutoTopicCreationManager)
[2026-03-09 17:27:15,824] INFO [ReplicaFetcherManager on broker 1] Removed fetcher for partitions Set(baseline-auto-topic-0340-0) (kafka.server.ReplicaFetcherManager)
[2026-03-09 17:27:15,830] INFO [LogLoader partition=baseline-auto-topic-0340-0, dir=/tmp/kraft-combined-logs] Loading producer state till offset 0 (org.apache.kafka.storage.internals.log.UnifiedLog)
[2026-03-09 17:27:15,830] INFO Created log for partition baseline-auto-topic-0340-0 in /tmp/kraft-combined-logs/baseline-auto-topic-0340-0 with properties {} (kafka.log.LogManager)
[2026-03-09 17:27:15,830] INFO [Partition baseline-auto-topic-0340-0 broker=1] No checkpointed highwatermark is found for partition baseline-auto-topic-0340-0 (kafka.cluster.Partition)
[2026-03-09 17:27:15,831] INFO [Partition baseline-auto-topic-0340-0 broker=1] Log loaded for partition baseline-auto-topic-0340-0 with initial high watermark 0 (kafka.cluster.Partition)
[2026-03-09 17:27:16,025] INFO Sent auto-creation request for Set(baseline-auto-topic-0341) to the active controller. (kafka.server.DefaultAutoTopicCreationManager)
[2026-03-09 17:27:16,056] INFO [ReplicaFetcherManager on broker 1] Removed fetcher for partitions Set(baseline-auto-topic-0341-0) (kafka.server.ReplicaFetcherManager)
[2026-03-09 17:27:16,061] INFO [LogLoader partition=baseline-auto-topic-0341-0, dir=/tmp/kraft-combined-logs] Loading producer state till offset 0 (org.apache.kafka.storage.internals.log.UnifiedLog)
[2026-03-09 17:27:16,061] INFO Created log for partition baseline-auto-topic-0341-0 in /tmp/kraft-combined-logs/baseline-auto-topic-0341-0 with properties {} (kafka.log.LogManager)
[2026-03-09 17:27:16,062] INFO [Partition baseline-auto-topic-0341-0 broker=1] No checkpointed highwatermark is found for partition baseline-auto-topic-0341-0 (kafka.cluster.Partition)
[2026-03-09 17:27:16,062] INFO [Partition baseline-auto-topic-0341-0 broker=1] Log loaded for partition baseline-auto-topic-0341-0 with initial high watermark 0 (kafka.cluster.Partition)
[2026-03-09 17:27:16,251] INFO Sent auto-creation request for Set(baseline-auto-topic-0342) to the active controller. (kafka.server.DefaultAutoTopicCreationManager)
[2026-03-09 17:27:16,283] INFO [ReplicaFetcherManager on broker 1] Removed fetcher for partitions Set(baseline-auto-topic-0342-0) (kafka.server.ReplicaFetcherManager)
[2026-03-09 17:27:16,287] INFO [LogLoader partition=baseline-auto-topic-0342-0, dir=/tmp/kraft-combined-logs] Loading producer state till offset 0 (org.apache.kafka.storage.internals.log.UnifiedLog)
[2026-03-09 17:27:16,287] INFO Created log for partition baseline-auto-topic-0342-0 in /tmp/kraft-combined-logs/baseline-auto-topic-0342-0 with properties {} (kafka.log.LogManager)
[2026-03-09 17:27:16,291] INFO [Partition baseline-auto-topic-0342-0 broker=1] No checkpointed highwatermark is found for partition baseline-auto-topic-0342-0 (kafka.cluster.Partition)
[2026-03-09 17:27:16,291] INFO [Partition baseline-auto-topic-0342-0 broker=1] Log loaded for partition baseline-auto-topic-0342-0 with initial high watermark 0 (kafka.cluster.Partition)
[2026-03-09 17:27:16,476] INFO Sent auto-creation request for Set(baseline-auto-topic-0343) to the active controller. (kafka.server.DefaultAutoTopicCreationManager)
[2026-03-09 17:27:16,506] INFO [ReplicaFetcherManager on broker 1] Removed fetcher for partitions Set(baseline-auto-topic-0343-0) (kafka.server.ReplicaFetcherManager)
[2026-03-09 17:27:16,513] INFO [LogLoader partition=baseline-auto-topic-0343-0, dir=/tmp/kraft-combined-logs] Loading producer state till offset 0 (org.apache.kafka.storage.internals.log.UnifiedLog)
[2026-03-09 17:27:16,513] INFO Created log for partition baseline-auto-topic-0343-0 in /tmp/kraft-combined-logs/baseline-auto-topic-0343-0 with properties {} (kafka.log.LogManager)
[2026-03-09 17:27:16,513] INFO [Partition baseline-auto-topic-0343-0 broker=1] No checkpointed highwatermark is found for partition baseline-auto-topic-0343-0 (kafka.cluster.Partition)
[2026-03-09 17:27:16,513] INFO [Partition baseline-auto-topic-0343-0 broker=1] Log loaded for partition baseline-auto-topic-0343-0 with initial high watermark 0 (kafka.cluster.Partition)
[2026-03-09 17:27:16,704] INFO Sent auto-creation request for Set(baseline-auto-topic-0344) to the active controller. (kafka.server.DefaultAutoTopicCreationManager)
[2026-03-09 17:27:16,732] INFO [ReplicaFetcherManager on broker 1] Removed fetcher for partitions Set(baseline-auto-topic-0344-0) (kafka.server.ReplicaFetcherManager)
[2026-03-09 17:27:16,737] INFO [LogLoader partition=baseline-auto-topic-0344-0, dir=/tmp/kraft-combined-logs] Loading producer state till offset 0 (org.apache.kafka.storage.internals.log.UnifiedLog)
[2026-03-09 17:27:16,738] INFO Created log for partition baseline-auto-topic-0344-0 in /tmp/kraft-combined-logs/baseline-auto-topic-0344-0 with properties {} (kafka.log.LogManager)
[2026-03-09 17:27:16,738] INFO [Partition baseline-auto-topic-0344-0 broker=1] No checkpointed highwatermark is found for partition baseline-auto-topic-0344-0 (kafka.cluster.Partition)
[2026-03-09 17:27:16,738] INFO [Partition baseline-auto-topic-0344-0 broker=1] Log loaded for partition baseline-auto-topic-0344-0 with initial high watermark 0 (kafka.cluster.Partition)
[2026-03-09 17:27:16,935] INFO Sent auto-creation request for Set(baseline-auto-topic-0345) to the active controller. (kafka.server.DefaultAutoTopicCreationManager)
[2026-03-09 17:27:16,967] INFO [ReplicaFetcherManager on broker 1] Removed fetcher for partitions Set(baseline-auto-topic-0345-0) (kafka.server.ReplicaFetcherManager)
[2026-03-09 17:27:16,972] INFO [LogLoader partition=baseline-auto-topic-0345-0, dir=/tmp/kraft-combined-logs] Loading producer state till offset 0 (org.apache.kafka.storage.internals.log.UnifiedLog)
[2026-03-09 17:27:16,973] INFO Created log for partition baseline-auto-topic-0345-0 in /tmp/kraft-combined-logs/baseline-auto-topic-0345-0 with properties {} (kafka.log.LogManager)
[2026-03-09 17:27:16,973] INFO [Partition baseline-auto-topic-0345-0 broker=1] No checkpointed highwatermark is found for partition baseline-auto-topic-0345-0 (kafka.cluster.Partition)
[2026-03-09 17:27:16,973] INFO [Partition baseline-auto-topic-0345-0 broker=1] Log loaded for partition baseline-auto-topic-0345-0 with initial high watermark 0 (kafka.cluster.Partition)
[2026-03-09 17:27:17,164] INFO Sent auto-creation request for Set(baseline-auto-topic-0346) to the active controller. (kafka.server.DefaultAutoTopicCreationManager)
[2026-03-09 17:27:17,194] INFO [ReplicaFetcherManager on broker 1] Removed fetcher for partitions Set(baseline-auto-topic-0346-0) (kafka.server.ReplicaFetcherManager)
[2026-03-09 17:27:17,199] INFO [LogLoader partition=baseline-auto-topic-0346-0, dir=/tmp/kraft-combined-logs] Loading producer state till offset 0 (org.apache.kafka.storage.internals.log.UnifiedLog)
[2026-03-09 17:27:17,200] INFO Created log for partition baseline-auto-topic-0346-0 in /tmp/kraft-combined-logs/baseline-auto-topic-0346-0 with properties {} (kafka.log.LogManager)
[2026-03-09 17:27:17,200] INFO [Partition baseline-auto-topic-0346-0 broker=1] No checkpointed highwatermark is found for partition baseline-auto-topic-0346-0 (kafka.cluster.Partition)
[2026-03-09 17:27:17,200] INFO [Partition baseline-auto-topic-0346-0 broker=1] Log loaded for partition baseline-auto-topic-0346-0 with initial high watermark 0 (kafka.cluster.Partition)
[2026-03-09 17:27:17,390] INFO Sent auto-creation request for Set(baseline-auto-topic-0347) to the active controller. (kafka.server.DefaultAutoTopicCreationManager)
[2026-03-09 17:27:17,416] INFO [ReplicaFetcherManager on broker 1] Removed fetcher for partitions Set(baseline-auto-topic-0347-0) (kafka.server.ReplicaFetcherManager)
[2026-03-09 17:27:17,421] INFO [LogLoader partition=baseline-auto-topic-0347-0, dir=/tmp/kraft-combined-logs] Loading producer state till offset 0 (org.apache.kafka.storage.internals.log.UnifiedLog)
[2026-03-09 17:27:17,421] INFO Created log for partition baseline-auto-topic-0347-0 in /tmp/kraft-combined-logs/baseline-auto-topic-0347-0 with properties {} (kafka.log.LogManager)
[2026-03-09 17:27:17,421] INFO [Partition baseline-auto-topic-0347-0 broker=1] No checkpointed highwatermark is found for partition baseline-auto-topic-0347-0 (kafka.cluster.Partition)
[2026-03-09 17:27:17,421] INFO [Partition baseline-auto-topic-0347-0 broker=1] Log loaded for partition baseline-auto-topic-0347-0 with initial high watermark 0 (kafka.cluster.Partition)
[2026-03-09 17:27:17,624] INFO Sent auto-creation request for Set(baseline-auto-topic-0348) to the active controller. (kafka.server.DefaultAutoTopicCreationManager)
[2026-03-09 17:27:17,656] INFO [ReplicaFetcherManager on broker 1] Removed fetcher for partitions Set(baseline-auto-topic-0348-0) (kafka.server.ReplicaFetcherManager)
[2026-03-09 17:27:17,660] INFO [LogLoader partition=baseline-auto-topic-0348-0, dir=/tmp/kraft-combined-logs] Loading producer state till offset 0 (org.apache.kafka.storage.internals.log.UnifiedLog)
[2026-03-09 17:27:17,660] INFO Created log for partition baseline-auto-topic-0348-0 in /tmp/kraft-combined-logs/baseline-auto-topic-0348-0 with properties {} (kafka.log.LogManager)
[2026-03-09 17:27:17,660] INFO [Partition baseline-auto-topic-0348-0 broker=1] No checkpointed highwatermark is found for partition baseline-auto-topic-0348-0 (kafka.cluster.Partition)
[2026-03-09 17:27:17,660] INFO [Partition baseline-auto-topic-0348-0 broker=1] Log loaded for partition baseline-auto-topic-0348-0 with initial high watermark 0 (kafka.cluster.Partition)
[2026-03-09 17:27:17,847] INFO Sent auto-creation request for Set(baseline-auto-topic-0349) to the active controller. (kafka.server.DefaultAutoTopicCreationManager)
[2026-03-09 17:27:17,879] INFO [ReplicaFetcherManager on broker 1] Removed fetcher for partitions Set(baseline-auto-topic-0349-0) (kafka.server.ReplicaFetcherManager)
[2026-03-09 17:27:17,883] INFO [LogLoader partition=baseline-auto-topic-0349-0, dir=/tmp/kraft-combined-logs] Loading producer state till offset 0 (org.apache.kafka.storage.internals.log.UnifiedLog)
[2026-03-09 17:27:17,883] INFO Created log for partition baseline-auto-topic-0349-0 in /tmp/kraft-combined-logs/baseline-auto-topic-0349-0 with properties {} (kafka.log.LogManager)
[2026-03-09 17:27:17,884] INFO [Partition baseline-auto-topic-0349-0 broker=1] No checkpointed highwatermark is found for partition baseline-auto-topic-0349-0 (kafka.cluster.Partition)
[2026-03-09 17:27:17,884] INFO [Partition baseline-auto-topic-0349-0 broker=1] Log loaded for partition baseline-auto-topic-0349-0 with initial high watermark 0 (kafka.cluster.Partition)
[2026-03-09 17:27:18,075] INFO Sent auto-creation request for Set(baseline-auto-topic-0350) to the active controller. (kafka.server.DefaultAutoTopicCreationManager)
[2026-03-09 17:27:18,107] INFO [ReplicaFetcherManager on broker 1] Removed fetcher for partitions Set(baseline-auto-topic-0350-0) (kafka.server.ReplicaFetcherManager)
[2026-03-09 17:27:18,111] INFO [LogLoader partition=baseline-auto-topic-0350-0, dir=/tmp/kraft-combined-logs] Loading producer state till offset 0 (org.apache.kafka.storage.internals.log.UnifiedLog)
[2026-03-09 17:27:18,111] INFO Created log for partition baseline-auto-topic-0350-0 in /tmp/kraft-combined-logs/baseline-auto-topic-0350-0 with properties {} (kafka.log.LogManager)
[2026-03-09 17:27:18,111] INFO [Partition baseline-auto-topic-0350-0 broker=1] No checkpointed highwatermark is found for partition baseline-auto-topic-0350-0 (kafka.cluster.Partition)
[2026-03-09 17:27:18,111] INFO [Partition baseline-auto-topic-0350-0 broker=1] Log loaded for partition baseline-auto-topic-0350-0 with initial high watermark 0 (kafka.cluster.Partition)
[2026-03-09 17:27:18,294] INFO Sent auto-creation request for Set(baseline-auto-topic-0351) to the active controller. (kafka.server.DefaultAutoTopicCreationManager)
[2026-03-09 17:27:18,325] INFO [ReplicaFetcherManager on broker 1] Removed fetcher for partitions Set(baseline-auto-topic-0351-0) (kafka.server.ReplicaFetcherManager)
[2026-03-09 17:27:18,330] INFO [LogLoader partition=baseline-auto-topic-0351-0, dir=/tmp/kraft-combined-logs] Loading producer state till offset 0 (org.apache.kafka.storage.internals.log.UnifiedLog)
[2026-03-09 17:27:18,330] INFO Created log for partition baseline-auto-topic-0351-0 in /tmp/kraft-combined-logs/baseline-auto-topic-0351-0 with properties {} (kafka.log.LogManager)
[2026-03-09 17:27:18,330] INFO [Partition baseline-auto-topic-0351-0 broker=1] No checkpointed highwatermark is found for partition baseline-auto-topic-0351-0 (kafka.cluster.Partition)
[2026-03-09 17:27:18,330] INFO [Partition baseline-auto-topic-0351-0 broker=1] Log loaded for partition baseline-auto-topic-0351-0 with initial high watermark 0 (kafka.cluster.Partition)
[2026-03-09 17:27:18,517] INFO Sent auto-creation request for Set(baseline-auto-topic-0352) to the active controller. (kafka.server.DefaultAutoTopicCreationManager)
[2026-03-09 17:27:18,542] INFO [ReplicaFetcherManager on broker 1] Removed fetcher for partitions Set(baseline-auto-topic-0352-0) (kafka.server.ReplicaFetcherManager)
[2026-03-09 17:27:18,547] INFO [LogLoader partition=baseline-auto-topic-0352-0, dir=/tmp/kraft-combined-logs] Loading producer state till offset 0 (org.apache.kafka.storage.internals.log.UnifiedLog)
[2026-03-09 17:27:18,547] INFO Created log for partition baseline-auto-topic-0352-0 in /tmp/kraft-combined-logs/baseline-auto-topic-0352-0 with properties {} (kafka.log.LogManager)
[2026-03-09 17:27:18,547] INFO [Partition baseline-auto-topic-0352-0 broker=1] No checkpointed highwatermark is found for partition baseline-auto-topic-0352-0 (kafka.cluster.Partition)
[2026-03-09 17:27:18,547] INFO [Partition baseline-auto-topic-0352-0 broker=1] Log loaded for partition baseline-auto-topic-0352-0 with initial high watermark 0 (kafka.cluster.Partition)
[2026-03-09 17:27:18,748] INFO Sent auto-creation request for Set(baseline-auto-topic-0353) to the active controller. (kafka.server.DefaultAutoTopicCreationManager)
[2026-03-09 17:27:18,780] INFO [ReplicaFetcherManager on broker 1] Removed fetcher for partitions Set(baseline-auto-topic-0353-0) (kafka.server.ReplicaFetcherManager)
[2026-03-09 17:27:18,785] INFO [LogLoader partition=baseline-auto-topic-0353-0, dir=/tmp/kraft-combined-logs] Loading producer state till offset 0 (org.apache.kafka.storage.internals.log.UnifiedLog)
[2026-03-09 17:27:18,785] INFO Created log for partition baseline-auto-topic-0353-0 in /tmp/kraft-combined-logs/baseline-auto-topic-0353-0 with properties {} (kafka.log.LogManager)
[2026-03-09 17:27:18,785] INFO [Partition baseline-auto-topic-0353-0 broker=1] No checkpointed highwatermark is found for partition baseline-auto-topic-0353-0 (kafka.cluster.Partition)
[2026-03-09 17:27:18,785] INFO [Partition baseline-auto-topic-0353-0 broker=1] Log loaded for partition baseline-auto-topic-0353-0 with initial high watermark 0 (kafka.cluster.Partition)
[2026-03-09 17:27:18,978] INFO Sent auto-creation request for Set(baseline-auto-topic-0354) to the active controller. (kafka.server.DefaultAutoTopicCreationManager)
[2026-03-09 17:27:19,010] INFO [ReplicaFetcherManager on broker 1] Removed fetcher for partitions Set(baseline-auto-topic-0354-0) (kafka.server.ReplicaFetcherManager)
[2026-03-09 17:27:19,015] INFO [LogLoader partition=baseline-auto-topic-0354-0, dir=/tmp/kraft-combined-logs] Loading producer state till offset 0 (org.apache.kafka.storage.internals.log.UnifiedLog)
[2026-03-09 17:27:19,016] INFO Created log for partition baseline-auto-topic-0354-0 in /tmp/kraft-combined-logs/baseline-auto-topic-0354-0 with properties {} (kafka.log.LogManager)
[2026-03-09 17:27:19,016] INFO [Partition baseline-auto-topic-0354-0 broker=1] No checkpointed highwatermark is found for partition baseline-auto-topic-0354-0 (kafka.cluster.Partition)
[2026-03-09 17:27:19,016] INFO [Partition baseline-auto-topic-0354-0 broker=1] Log loaded for partition baseline-auto-topic-0354-0 with initial high watermark 0 (kafka.cluster.Partition)
[2026-03-09 17:27:19,211] INFO Sent auto-creation request for Set(baseline-auto-topic-0355) to the active controller. (kafka.server.DefaultAutoTopicCreationManager)
[2026-03-09 17:27:19,242] INFO [ReplicaFetcherManager on broker 1] Removed fetcher for partitions Set(baseline-auto-topic-0355-0) (kafka.server.ReplicaFetcherManager)
[2026-03-09 17:27:19,249] INFO [LogLoader partition=baseline-auto-topic-0355-0, dir=/tmp/kraft-combined-logs] Loading producer state till offset 0 (org.apache.kafka.storage.internals.log.UnifiedLog)
[2026-03-09 17:27:19,249] INFO Created log for partition baseline-auto-topic-0355-0 in /tmp/kraft-combined-logs/baseline-auto-topic-0355-0 with properties {} (kafka.log.LogManager)
[2026-03-09 17:27:19,249] INFO [Partition baseline-auto-topic-0355-0 broker=1] No checkpointed highwatermark is found for partition baseline-auto-topic-0355-0 (kafka.cluster.Partition)
[2026-03-09 17:27:19,249] INFO [Partition baseline-auto-topic-0355-0 broker=1] Log loaded for partition baseline-auto-topic-0355-0 with initial high watermark 0 (kafka.cluster.Partition)
[2026-03-09 17:27:19,431] INFO Sent auto-creation request for Set(baseline-auto-topic-0356) to the active controller. (kafka.server.DefaultAutoTopicCreationManager)
[2026-03-09 17:27:19,461] INFO [ReplicaFetcherManager on broker 1] Removed fetcher for partitions Set(baseline-auto-topic-0356-0) (kafka.server.ReplicaFetcherManager)
[2026-03-09 17:27:19,465] INFO [LogLoader partition=baseline-auto-topic-0356-0, dir=/tmp/kraft-combined-logs] Loading producer state till offset 0 (org.apache.kafka.storage.internals.log.UnifiedLog)
[2026-03-09 17:27:19,466] INFO Created log for partition baseline-auto-topic-0356-0 in /tmp/kraft-combined-logs/baseline-auto-topic-0356-0 with properties {} (kafka.log.LogManager)
[2026-03-09 17:27:19,466] INFO [Partition baseline-auto-topic-0356-0 broker=1] No checkpointed highwatermark is found for partition baseline-auto-topic-0356-0 (kafka.cluster.Partition)
[2026-03-09 17:27:19,466] INFO [Partition baseline-auto-topic-0356-0 broker=1] Log loaded for partition baseline-auto-topic-0356-0 with initial high watermark 0 (kafka.cluster.Partition)
[2026-03-09 17:27:19,655] INFO Sent auto-creation request for Set(baseline-auto-topic-0357) to the active controller. (kafka.server.DefaultAutoTopicCreationManager)
[2026-03-09 17:27:19,685] INFO [ReplicaFetcherManager on broker 1] Removed fetcher for partitions Set(baseline-auto-topic-0357-0) (kafka.server.ReplicaFetcherManager)
[2026-03-09 17:27:19,689] INFO [LogLoader partition=baseline-auto-topic-0357-0, dir=/tmp/kraft-combined-logs] Loading producer state till offset 0 (org.apache.kafka.storage.internals.log.UnifiedLog)
[2026-03-09 17:27:19,690] INFO Created log for partition baseline-auto-topic-0357-0 in /tmp/kraft-combined-logs/baseline-auto-topic-0357-0 with properties {} (kafka.log.LogManager)
[2026-03-09 17:27:19,690] INFO [Partition baseline-auto-topic-0357-0 broker=1] No checkpointed highwatermark is found for partition baseline-auto-topic-0357-0 (kafka.cluster.Partition)
[2026-03-09 17:27:19,690] INFO [Partition baseline-auto-topic-0357-0 broker=1] Log loaded for partition baseline-auto-topic-0357-0 with initial high watermark 0 (kafka.cluster.Partition)
[2026-03-09 17:27:19,885] INFO Sent auto-creation request for Set(baseline-auto-topic-0358) to the active controller. (kafka.server.DefaultAutoTopicCreationManager)
[2026-03-09 17:27:19,912] INFO [ReplicaFetcherManager on broker 1] Removed fetcher for partitions Set(baseline-auto-topic-0358-0) (kafka.server.ReplicaFetcherManager)
[2026-03-09 17:27:19,917] INFO [LogLoader partition=baseline-auto-topic-0358-0, dir=/tmp/kraft-combined-logs] Loading producer state till offset 0 (org.apache.kafka.storage.internals.log.UnifiedLog)
[2026-03-09 17:27:19,917] INFO Created log for partition baseline-auto-topic-0358-0 in /tmp/kraft-combined-logs/baseline-auto-topic-0358-0 with properties {} (kafka.log.LogManager)
[2026-03-09 17:27:19,918] INFO [Partition baseline-auto-topic-0358-0 broker=1] No checkpointed highwatermark is found for partition baseline-auto-topic-0358-0 (kafka.cluster.Partition)
[2026-03-09 17:27:19,918] INFO [Partition baseline-auto-topic-0358-0 broker=1] Log loaded for partition baseline-auto-topic-0358-0 with initial high watermark 0 (kafka.cluster.Partition)
[2026-03-09 17:27:20,115] INFO Sent auto-creation request for Set(baseline-auto-topic-0359) to the active controller. (kafka.server.DefaultAutoTopicCreationManager)
[2026-03-09 17:27:20,145] INFO [ReplicaFetcherManager on broker 1] Removed fetcher for partitions Set(baseline-auto-topic-0359-0) (kafka.server.ReplicaFetcherManager)
[2026-03-09 17:27:20,149] INFO [LogLoader partition=baseline-auto-topic-0359-0, dir=/tmp/kraft-combined-logs] Loading producer state till offset 0 (org.apache.kafka.storage.internals.log.UnifiedLog)
[2026-03-09 17:27:20,150] INFO Created log for partition baseline-auto-topic-0359-0 in /tmp/kraft-combined-logs/baseline-auto-topic-0359-0 with properties {} (kafka.log.LogManager)
[2026-03-09 17:27:20,150] INFO [Partition baseline-auto-topic-0359-0 broker=1] No checkpointed highwatermark is found for partition baseline-auto-topic-0359-0 (kafka.cluster.Partition)
[2026-03-09 17:27:20,150] INFO [Partition baseline-auto-topic-0359-0 broker=1] Log loaded for partition baseline-auto-topic-0359-0 with initial high watermark 0 (kafka.cluster.Partition)
[2026-03-09 17:27:20,342] INFO Sent auto-creation request for Set(baseline-auto-topic-0360) to the active controller. (kafka.server.DefaultAutoTopicCreationManager)
[2026-03-09 17:27:20,370] INFO [ReplicaFetcherManager on broker 1] Removed fetcher for partitions Set(baseline-auto-topic-0360-0) (kafka.server.ReplicaFetcherManager)
[2026-03-09 17:27:20,374] INFO [LogLoader partition=baseline-auto-topic-0360-0, dir=/tmp/kraft-combined-logs] Loading producer state till offset 0 (org.apache.kafka.storage.internals.log.UnifiedLog)
[2026-03-09 17:27:20,374] INFO Created log for partition baseline-auto-topic-0360-0 in /tmp/kraft-combined-logs/baseline-auto-topic-0360-0 with properties {} (kafka.log.LogManager)
[2026-03-09 17:27:20,375] INFO [Partition baseline-auto-topic-0360-0 broker=1] No checkpointed highwatermark is found for partition baseline-auto-topic-0360-0 (kafka.cluster.Partition)
[2026-03-09 17:27:20,375] INFO [Partition baseline-auto-topic-0360-0 broker=1] Log loaded for partition baseline-auto-topic-0360-0 with initial high watermark 0 (kafka.cluster.Partition)
[2026-03-09 17:27:20,561] INFO Sent auto-creation request for Set(baseline-auto-topic-0361) to the active controller. (kafka.server.DefaultAutoTopicCreationManager)
[2026-03-09 17:27:20,588] INFO [ReplicaFetcherManager on broker 1] Removed fetcher for partitions Set(baseline-auto-topic-0361-0) (kafka.server.ReplicaFetcherManager)
[2026-03-09 17:27:20,592] INFO [LogLoader partition=baseline-auto-topic-0361-0, dir=/tmp/kraft-combined-logs] Loading producer state till offset 0 (org.apache.kafka.storage.internals.log.UnifiedLog)
[2026-03-09 17:27:20,592] INFO Created log for partition baseline-auto-topic-0361-0 in /tmp/kraft-combined-logs/baseline-auto-topic-0361-0 with properties {} (kafka.log.LogManager)
[2026-03-09 17:27:20,592] INFO [Partition baseline-auto-topic-0361-0 broker=1] No checkpointed highwatermark is found for partition baseline-auto-topic-0361-0 (kafka.cluster.Partition)
[2026-03-09 17:27:20,592] INFO [Partition baseline-auto-topic-0361-0 broker=1] Log loaded for partition baseline-auto-topic-0361-0 with initial high watermark 0 (kafka.cluster.Partition)
[2026-03-09 17:27:20,779] INFO Sent auto-creation request for Set(baseline-auto-topic-0362) to the active controller. (kafka.server.DefaultAutoTopicCreationManager)
[2026-03-09 17:27:20,809] INFO [ReplicaFetcherManager on broker 1] Removed fetcher for partitions Set(baseline-auto-topic-0362-0) (kafka.server.ReplicaFetcherManager)
[2026-03-09 17:27:20,814] INFO [LogLoader partition=baseline-auto-topic-0362-0, dir=/tmp/kraft-combined-logs] Loading producer state till offset 0 (org.apache.kafka.storage.internals.log.UnifiedLog)
[2026-03-09 17:27:20,814] INFO Created log for partition baseline-auto-topic-0362-0 in /tmp/kraft-combined-logs/baseline-auto-topic-0362-0 with properties {} (kafka.log.LogManager)
[2026-03-09 17:27:20,814] INFO [Partition baseline-auto-topic-0362-0 broker=1] No checkpointed highwatermark is found for partition baseline-auto-topic-0362-0 (kafka.cluster.Partition)
[2026-03-09 17:27:20,814] INFO [Partition baseline-auto-topic-0362-0 broker=1] Log loaded for partition baseline-auto-topic-0362-0 with initial high watermark 0 (kafka.cluster.Partition)
[2026-03-09 17:27:21,004] INFO Sent auto-creation request for Set(baseline-auto-topic-0363) to the active controller. (kafka.server.DefaultAutoTopicCreationManager)
[2026-03-09 17:27:21,036] INFO [ReplicaFetcherManager on broker 1] Removed fetcher for partitions Set(baseline-auto-topic-0363-0) (kafka.server.ReplicaFetcherManager)
[2026-03-09 17:27:21,041] INFO [LogLoader partition=baseline-auto-topic-0363-0, dir=/tmp/kraft-combined-logs] Loading producer state till offset 0 (org.apache.kafka.storage.internals.log.UnifiedLog)
[2026-03-09 17:27:21,041] INFO Created log for partition baseline-auto-topic-0363-0 in /tmp/kraft-combined-logs/baseline-auto-topic-0363-0 with properties {} (kafka.log.LogManager)
[2026-03-09 17:27:21,041] INFO [Partition baseline-auto-topic-0363-0 broker=1] No checkpointed highwatermark is found for partition baseline-auto-topic-0363-0 (kafka.cluster.Partition)
[2026-03-09 17:27:21,041] INFO [Partition baseline-auto-topic-0363-0 broker=1] Log loaded for partition baseline-auto-topic-0363-0 with initial high watermark 0 (kafka.cluster.Partition)
[2026-03-09 17:27:21,232] INFO Sent auto-creation request for Set(baseline-auto-topic-0364) to the active controller. (kafka.server.DefaultAutoTopicCreationManager)
[2026-03-09 17:27:21,264] INFO [ReplicaFetcherManager on broker 1] Removed fetcher for partitions Set(baseline-auto-topic-0364-0) (kafka.server.ReplicaFetcherManager)
[2026-03-09 17:27:21,269] INFO [LogLoader partition=baseline-auto-topic-0364-0, dir=/tmp/kraft-combined-logs] Loading producer state till offset 0 (org.apache.kafka.storage.internals.log.UnifiedLog)
[2026-03-09 17:27:21,269] INFO Created log for partition baseline-auto-topic-0364-0 in /tmp/kraft-combined-logs/baseline-auto-topic-0364-0 with properties {} (kafka.log.LogManager)
[2026-03-09 17:27:21,269] INFO [Partition baseline-auto-topic-0364-0 broker=1] No checkpointed highwatermark is found for partition baseline-auto-topic-0364-0 (kafka.cluster.Partition)
[2026-03-09 17:27:21,269] INFO [Partition baseline-auto-topic-0364-0 broker=1] Log loaded for partition baseline-auto-topic-0364-0 with initial high watermark 0 (kafka.cluster.Partition)
[2026-03-09 17:27:21,463] INFO Sent auto-creation request for Set(baseline-auto-topic-0365) to the active controller. (kafka.server.DefaultAutoTopicCreationManager)
[2026-03-09 17:27:21,490] INFO [ReplicaFetcherManager on broker 1] Removed fetcher for partitions Set(baseline-auto-topic-0365-0) (kafka.server.ReplicaFetcherManager)
[2026-03-09 17:27:21,494] INFO [LogLoader partition=baseline-auto-topic-0365-0, dir=/tmp/kraft-combined-logs] Loading producer state till offset 0 (org.apache.kafka.storage.internals.log.UnifiedLog)
[2026-03-09 17:27:21,494] INFO Created log for partition baseline-auto-topic-0365-0 in /tmp/kraft-combined-logs/baseline-auto-topic-0365-0 with properties {} (kafka.log.LogManager)
[2026-03-09 17:27:21,495] INFO [Partition baseline-auto-topic-0365-0 broker=1] No checkpointed highwatermark is found for partition baseline-auto-topic-0365-0 (kafka.cluster.Partition)
[2026-03-09 17:27:21,495] INFO [Partition baseline-auto-topic-0365-0 broker=1] Log loaded for partition baseline-auto-topic-0365-0 with initial high watermark 0 (kafka.cluster.Partition)
[2026-03-09 17:27:21,688] INFO Sent auto-creation request for Set(baseline-auto-topic-0366) to the active controller. (kafka.server.DefaultAutoTopicCreationManager)
[2026-03-09 17:27:21,715] INFO [ReplicaFetcherManager on broker 1] Removed fetcher for partitions Set(baseline-auto-topic-0366-0) (kafka.server.ReplicaFetcherManager)
[2026-03-09 17:27:21,719] INFO [LogLoader partition=baseline-auto-topic-0366-0, dir=/tmp/kraft-combined-logs] Loading producer state till offset 0 (org.apache.kafka.storage.internals.log.UnifiedLog)
[2026-03-09 17:27:21,719] INFO Created log for partition baseline-auto-topic-0366-0 in /tmp/kraft-combined-logs/baseline-auto-topic-0366-0 with properties {} (kafka.log.LogManager)
[2026-03-09 17:27:21,720] INFO [Partition baseline-auto-topic-0366-0 broker=1] No checkpointed highwatermark is found for partition baseline-auto-topic-0366-0 (kafka.cluster.Partition)
[2026-03-09 17:27:21,720] INFO [Partition baseline-auto-topic-0366-0 broker=1] Log loaded for partition baseline-auto-topic-0366-0 with initial high watermark 0 (kafka.cluster.Partition)
[2026-03-09 17:27:21,929] INFO Sent auto-creation request for Set(baseline-auto-topic-0367) to the active controller. (kafka.server.DefaultAutoTopicCreationManager)
[2026-03-09 17:27:21,959] INFO [ReplicaFetcherManager on broker 1] Removed fetcher for partitions Set(baseline-auto-topic-0367-0) (kafka.server.ReplicaFetcherManager)
[2026-03-09 17:27:21,962] INFO [LogLoader partition=baseline-auto-topic-0367-0, dir=/tmp/kraft-combined-logs] Loading producer state till offset 0 (org.apache.kafka.storage.internals.log.UnifiedLog)
[2026-03-09 17:27:21,963] INFO Created log for partition baseline-auto-topic-0367-0 in /tmp/kraft-combined-logs/baseline-auto-topic-0367-0 with properties {} (kafka.log.LogManager)
[2026-03-09 17:27:21,963] INFO [Partition baseline-auto-topic-0367-0 broker=1] No checkpointed highwatermark is found for partition baseline-auto-topic-0367-0 (kafka.cluster.Partition)
[2026-03-09 17:27:21,963] INFO [Partition baseline-auto-topic-0367-0 broker=1] Log loaded for partition baseline-auto-topic-0367-0 with initial high watermark 0 (kafka.cluster.Partition)
[2026-03-09 17:27:22,152] INFO Sent auto-creation request for Set(baseline-auto-topic-0368) to the active controller. (kafka.server.DefaultAutoTopicCreationManager)
[2026-03-09 17:27:22,181] INFO [ReplicaFetcherManager on broker 1] Removed fetcher for partitions Set(baseline-auto-topic-0368-0) (kafka.server.ReplicaFetcherManager)
[2026-03-09 17:27:22,185] INFO [LogLoader partition=baseline-auto-topic-0368-0, dir=/tmp/kraft-combined-logs] Loading producer state till offset 0 (org.apache.kafka.storage.internals.log.UnifiedLog)
[2026-03-09 17:27:22,185] INFO Created log for partition baseline-auto-topic-0368-0 in /tmp/kraft-combined-logs/baseline-auto-topic-0368-0 with properties {} (kafka.log.LogManager)
[2026-03-09 17:27:22,185] INFO [Partition baseline-auto-topic-0368-0 broker=1] No checkpointed highwatermark is found for partition baseline-auto-topic-0368-0 (kafka.cluster.Partition)
[2026-03-09 17:27:22,185] INFO [Partition baseline-auto-topic-0368-0 broker=1] Log loaded for partition baseline-auto-topic-0368-0 with initial high watermark 0 (kafka.cluster.Partition)
[2026-03-09 17:27:22,371] INFO Sent auto-creation request for Set(baseline-auto-topic-0369) to the active controller. (kafka.server.DefaultAutoTopicCreationManager)
[2026-03-09 17:27:22,398] INFO [ReplicaFetcherManager on broker 1] Removed fetcher for partitions Set(baseline-auto-topic-0369-0) (kafka.server.ReplicaFetcherManager)
[2026-03-09 17:27:22,404] INFO [LogLoader partition=baseline-auto-topic-0369-0, dir=/tmp/kraft-combined-logs] Loading producer state till offset 0 (org.apache.kafka.storage.internals.log.UnifiedLog)
[2026-03-09 17:27:22,404] INFO Created log for partition baseline-auto-topic-0369-0 in /tmp/kraft-combined-logs/baseline-auto-topic-0369-0 with properties {} (kafka.log.LogManager)
[2026-03-09 17:27:22,404] INFO [Partition baseline-auto-topic-0369-0 broker=1] No checkpointed highwatermark is found for partition baseline-auto-topic-0369-0 (kafka.cluster.Partition)
[2026-03-09 17:27:22,404] INFO [Partition baseline-auto-topic-0369-0 broker=1] Log loaded for partition baseline-auto-topic-0369-0 with initial high watermark 0 (kafka.cluster.Partition)
[2026-03-09 17:27:22,587] INFO Sent auto-creation request for Set(baseline-auto-topic-0370) to the active controller. (kafka.server.DefaultAutoTopicCreationManager)
[2026-03-09 17:27:22,619] INFO [ReplicaFetcherManager on broker 1] Removed fetcher for partitions Set(baseline-auto-topic-0370-0) (kafka.server.ReplicaFetcherManager)
[2026-03-09 17:27:22,622] INFO [LogLoader partition=baseline-auto-topic-0370-0, dir=/tmp/kraft-combined-logs] Loading producer state till offset 0 (org.apache.kafka.storage.internals.log.UnifiedLog)
[2026-03-09 17:27:22,623] INFO Created log for partition baseline-auto-topic-0370-0 in /tmp/kraft-combined-logs/baseline-auto-topic-0370-0 with properties {} (kafka.log.LogManager)
[2026-03-09 17:27:22,623] INFO [Partition baseline-auto-topic-0370-0 broker=1] No checkpointed highwatermark is found for partition baseline-auto-topic-0370-0 (kafka.cluster.Partition)
[2026-03-09 17:27:22,623] INFO [Partition baseline-auto-topic-0370-0 broker=1] Log loaded for partition baseline-auto-topic-0370-0 with initial high watermark 0 (kafka.cluster.Partition)
[2026-03-09 17:27:22,808] INFO Sent auto-creation request for Set(baseline-auto-topic-0371) to the active controller. (kafka.server.DefaultAutoTopicCreationManager)
[2026-03-09 17:27:22,838] INFO [ReplicaFetcherManager on broker 1] Removed fetcher for partitions Set(baseline-auto-topic-0371-0) (kafka.server.ReplicaFetcherManager)
[2026-03-09 17:27:22,843] INFO [LogLoader partition=baseline-auto-topic-0371-0, dir=/tmp/kraft-combined-logs] Loading producer state till offset 0 (org.apache.kafka.storage.internals.log.UnifiedLog)
[2026-03-09 17:27:22,843] INFO Created log for partition baseline-auto-topic-0371-0 in /tmp/kraft-combined-logs/baseline-auto-topic-0371-0 with properties {} (kafka.log.LogManager)
[2026-03-09 17:27:22,843] INFO [Partition baseline-auto-topic-0371-0 broker=1] No checkpointed highwatermark is found for partition baseline-auto-topic-0371-0 (kafka.cluster.Partition)
[2026-03-09 17:27:22,843] INFO [Partition baseline-auto-topic-0371-0 broker=1] Log loaded for partition baseline-auto-topic-0371-0 with initial high watermark 0 (kafka.cluster.Partition)
[2026-03-09 17:27:23,028] INFO Sent auto-creation request for Set(baseline-auto-topic-0372) to the active controller. (kafka.server.DefaultAutoTopicCreationManager)
[2026-03-09 17:27:23,058] INFO [ReplicaFetcherManager on broker 1] Removed fetcher for partitions Set(baseline-auto-topic-0372-0) (kafka.server.ReplicaFetcherManager)
[2026-03-09 17:27:23,063] INFO [LogLoader partition=baseline-auto-topic-0372-0, dir=/tmp/kraft-combined-logs] Loading producer state till offset 0 (org.apache.kafka.storage.internals.log.UnifiedLog)
[2026-03-09 17:27:23,063] INFO Created log for partition baseline-auto-topic-0372-0 in /tmp/kraft-combined-logs/baseline-auto-topic-0372-0 with properties {} (kafka.log.LogManager)
[2026-03-09 17:27:23,064] INFO [Partition baseline-auto-topic-0372-0 broker=1] No checkpointed highwatermark is found for partition baseline-auto-topic-0372-0 (kafka.cluster.Partition)
[2026-03-09 17:27:23,064] INFO [Partition baseline-auto-topic-0372-0 broker=1] Log loaded for partition baseline-auto-topic-0372-0 with initial high watermark 0 (kafka.cluster.Partition)
[2026-03-09 17:27:23,242] INFO Sent auto-creation request for Set(baseline-auto-topic-0373) to the active controller. (kafka.server.DefaultAutoTopicCreationManager)
[2026-03-09 17:27:23,273] INFO [ReplicaFetcherManager on broker 1] Removed fetcher for partitions Set(baseline-auto-topic-0373-0) (kafka.server.ReplicaFetcherManager)
[2026-03-09 17:27:23,278] INFO [LogLoader partition=baseline-auto-topic-0373-0, dir=/tmp/kraft-combined-logs] Loading producer state till offset 0 (org.apache.kafka.storage.internals.log.UnifiedLog)
[2026-03-09 17:27:23,278] INFO Created log for partition baseline-auto-topic-0373-0 in /tmp/kraft-combined-logs/baseline-auto-topic-0373-0 with properties {} (kafka.log.LogManager)
[2026-03-09 17:27:23,278] INFO [Partition baseline-auto-topic-0373-0 broker=1] No checkpointed highwatermark is found for partition baseline-auto-topic-0373-0 (kafka.cluster.Partition)
[2026-03-09 17:27:23,278] INFO [Partition baseline-auto-topic-0373-0 broker=1] Log loaded for partition baseline-auto-topic-0373-0 with initial high watermark 0 (kafka.cluster.Partition)
[2026-03-09 17:27:23,461] INFO Sent auto-creation request for Set(baseline-auto-topic-0374) to the active controller. (kafka.server.DefaultAutoTopicCreationManager)
[2026-03-09 17:27:23,492] INFO [ReplicaFetcherManager on broker 1] Removed fetcher for partitions Set(baseline-auto-topic-0374-0) (kafka.server.ReplicaFetcherManager)
[2026-03-09 17:27:23,497] INFO [LogLoader partition=baseline-auto-topic-0374-0, dir=/tmp/kraft-combined-logs] Loading producer state till offset 0 (org.apache.kafka.storage.internals.log.UnifiedLog)
[2026-03-09 17:27:23,497] INFO Created log for partition baseline-auto-topic-0374-0 in /tmp/kraft-combined-logs/baseline-auto-topic-0374-0 with properties {} (kafka.log.LogManager)
[2026-03-09 17:27:23,497] INFO [Partition baseline-auto-topic-0374-0 broker=1] No checkpointed highwatermark is found for partition baseline-auto-topic-0374-0 (kafka.cluster.Partition)
[2026-03-09 17:27:23,497] INFO [Partition baseline-auto-topic-0374-0 broker=1] Log loaded for partition baseline-auto-topic-0374-0 with initial high watermark 0 (kafka.cluster.Partition)
[2026-03-09 17:27:23,690] INFO Sent auto-creation request for Set(baseline-auto-topic-0375) to the active controller. (kafka.server.DefaultAutoTopicCreationManager)
[2026-03-09 17:27:23,719] INFO [ReplicaFetcherManager on broker 1] Removed fetcher for partitions Set(baseline-auto-topic-0375-0) (kafka.server.ReplicaFetcherManager)
[2026-03-09 17:27:23,724] INFO [LogLoader partition=baseline-auto-topic-0375-0, dir=/tmp/kraft-combined-logs] Loading producer state till offset 0 (org.apache.kafka.storage.internals.log.UnifiedLog)
[2026-03-09 17:27:23,725] INFO Created log for partition baseline-auto-topic-0375-0 in /tmp/kraft-combined-logs/baseline-auto-topic-0375-0 with properties {} (kafka.log.LogManager)
[2026-03-09 17:27:23,725] INFO [Partition baseline-auto-topic-0375-0 broker=1] No checkpointed highwatermark is found for partition baseline-auto-topic-0375-0 (kafka.cluster.Partition)
[2026-03-09 17:27:23,725] INFO [Partition baseline-auto-topic-0375-0 broker=1] Log loaded for partition baseline-auto-topic-0375-0 with initial high watermark 0 (kafka.cluster.Partition)
[2026-03-09 17:27:23,921] INFO Sent auto-creation request for Set(baseline-auto-topic-0376) to the active controller. (kafka.server.DefaultAutoTopicCreationManager)
[2026-03-09 17:27:23,953] INFO [ReplicaFetcherManager on broker 1] Removed fetcher for partitions Set(baseline-auto-topic-0376-0) (kafka.server.ReplicaFetcherManager)
[2026-03-09 17:27:23,957] INFO [LogLoader partition=baseline-auto-topic-0376-0, dir=/tmp/kraft-combined-logs] Loading producer state till offset 0 (org.apache.kafka.storage.internals.log.UnifiedLog)
[2026-03-09 17:27:23,957] INFO Created log for partition baseline-auto-topic-0376-0 in /tmp/kraft-combined-logs/baseline-auto-topic-0376-0 with properties {} (kafka.log.LogManager)
[2026-03-09 17:27:23,958] INFO [Partition baseline-auto-topic-0376-0 broker=1] No checkpointed highwatermark is found for partition baseline-auto-topic-0376-0 (kafka.cluster.Partition)
[2026-03-09 17:27:23,958] INFO [Partition baseline-auto-topic-0376-0 broker=1] Log loaded for partition baseline-auto-topic-0376-0 with initial high watermark 0 (kafka.cluster.Partition)
[2026-03-09 17:27:24,149] INFO Sent auto-creation request for Set(baseline-auto-topic-0377) to the active controller. (kafka.server.DefaultAutoTopicCreationManager)
[2026-03-09 17:27:24,181] INFO [ReplicaFetcherManager on broker 1] Removed fetcher for partitions Set(baseline-auto-topic-0377-0) (kafka.server.ReplicaFetcherManager)
[2026-03-09 17:27:24,186] INFO [LogLoader partition=baseline-auto-topic-0377-0, dir=/tmp/kraft-combined-logs] Loading producer state till offset 0 (org.apache.kafka.storage.internals.log.UnifiedLog)
[2026-03-09 17:27:24,186] INFO Created log for partition baseline-auto-topic-0377-0 in /tmp/kraft-combined-logs/baseline-auto-topic-0377-0 with properties {} (kafka.log.LogManager)
[2026-03-09 17:27:24,187] INFO [Partition baseline-auto-topic-0377-0 broker=1] No checkpointed highwatermark is found for partition baseline-auto-topic-0377-0 (kafka.cluster.Partition)
[2026-03-09 17:27:24,187] INFO [Partition baseline-auto-topic-0377-0 broker=1] Log loaded for partition baseline-auto-topic-0377-0 with initial high watermark 0 (kafka.cluster.Partition)
[2026-03-09 17:27:24,381] INFO Sent auto-creation request for Set(baseline-auto-topic-0378) to the active controller. (kafka.server.DefaultAutoTopicCreationManager)
[2026-03-09 17:27:24,413] INFO [ReplicaFetcherManager on broker 1] Removed fetcher for partitions Set(baseline-auto-topic-0378-0) (kafka.server.ReplicaFetcherManager)
[2026-03-09 17:27:24,418] INFO [LogLoader partition=baseline-auto-topic-0378-0, dir=/tmp/kraft-combined-logs] Loading producer state till offset 0 (org.apache.kafka.storage.internals.log.UnifiedLog)
[2026-03-09 17:27:24,418] INFO Created log for partition baseline-auto-topic-0378-0 in /tmp/kraft-combined-logs/baseline-auto-topic-0378-0 with properties {} (kafka.log.LogManager)
[2026-03-09 17:27:24,418] INFO [Partition baseline-auto-topic-0378-0 broker=1] No checkpointed highwatermark is found for partition baseline-auto-topic-0378-0 (kafka.cluster.Partition)
[2026-03-09 17:27:24,418] INFO [Partition baseline-auto-topic-0378-0 broker=1] Log loaded for partition baseline-auto-topic-0378-0 with initial high watermark 0 (kafka.cluster.Partition)
[2026-03-09 17:27:24,614] INFO Sent auto-creation request for Set(baseline-auto-topic-0379) to the active controller. (kafka.server.DefaultAutoTopicCreationManager)
[2026-03-09 17:27:24,646] INFO [ReplicaFetcherManager on broker 1] Removed fetcher for partitions Set(baseline-auto-topic-0379-0) (kafka.server.ReplicaFetcherManager)
[2026-03-09 17:27:24,651] INFO [LogLoader partition=baseline-auto-topic-0379-0, dir=/tmp/kraft-combined-logs] Loading producer state till offset 0 (org.apache.kafka.storage.internals.log.UnifiedLog)
[2026-03-09 17:27:24,651] INFO Created log for partition baseline-auto-topic-0379-0 in /tmp/kraft-combined-logs/baseline-auto-topic-0379-0 with properties {} (kafka.log.LogManager)
[2026-03-09 17:27:24,651] INFO [Partition baseline-auto-topic-0379-0 broker=1] No checkpointed highwatermark is found for partition baseline-auto-topic-0379-0 (kafka.cluster.Partition)
[2026-03-09 17:27:24,651] INFO [Partition baseline-auto-topic-0379-0 broker=1] Log loaded for partition baseline-auto-topic-0379-0 with initial high watermark 0 (kafka.cluster.Partition)
[2026-03-09 17:27:24,845] INFO Sent auto-creation request for Set(baseline-auto-topic-0380) to the active controller. (kafka.server.DefaultAutoTopicCreationManager)
[2026-03-09 17:27:24,876] INFO [ReplicaFetcherManager on broker 1] Removed fetcher for partitions Set(baseline-auto-topic-0380-0) (kafka.server.ReplicaFetcherManager)
[2026-03-09 17:27:24,881] INFO [LogLoader partition=baseline-auto-topic-0380-0, dir=/tmp/kraft-combined-logs] Loading producer state till offset 0 (org.apache.kafka.storage.internals.log.UnifiedLog)
[2026-03-09 17:27:24,881] INFO Created log for partition baseline-auto-topic-0380-0 in /tmp/kraft-combined-logs/baseline-auto-topic-0380-0 with properties {} (kafka.log.LogManager)
[2026-03-09 17:27:24,881] INFO [Partition baseline-auto-topic-0380-0 broker=1] No checkpointed highwatermark is found for partition baseline-auto-topic-0380-0 (kafka.cluster.Partition)
[2026-03-09 17:27:24,881] INFO [Partition baseline-auto-topic-0380-0 broker=1] Log loaded for partition baseline-auto-topic-0380-0 with initial high watermark 0 (kafka.cluster.Partition)
[2026-03-09 17:27:25,081] INFO Sent auto-creation request for Set(baseline-auto-topic-0381) to the active controller. (kafka.server.DefaultAutoTopicCreationManager)
[2026-03-09 17:27:25,112] INFO [ReplicaFetcherManager on broker 1] Removed fetcher for partitions Set(baseline-auto-topic-0381-0) (kafka.server.ReplicaFetcherManager)
[2026-03-09 17:27:25,118] INFO [LogLoader partition=baseline-auto-topic-0381-0, dir=/tmp/kraft-combined-logs] Loading producer state till offset 0 (org.apache.kafka.storage.internals.log.UnifiedLog)
[2026-03-09 17:27:25,118] INFO Created log for partition baseline-auto-topic-0381-0 in /tmp/kraft-combined-logs/baseline-auto-topic-0381-0 with properties {} (kafka.log.LogManager)
[2026-03-09 17:27:25,118] INFO [Partition baseline-auto-topic-0381-0 broker=1] No checkpointed highwatermark is found for partition baseline-auto-topic-0381-0 (kafka.cluster.Partition)
[2026-03-09 17:27:25,119] INFO [Partition baseline-auto-topic-0381-0 broker=1] Log loaded for partition baseline-auto-topic-0381-0 with initial high watermark 0 (kafka.cluster.Partition)
[2026-03-09 17:27:25,316] INFO Sent auto-creation request for Set(baseline-auto-topic-0382) to the active controller. (kafka.server.DefaultAutoTopicCreationManager)
[2026-03-09 17:27:25,348] INFO [ReplicaFetcherManager on broker 1] Removed fetcher for partitions Set(baseline-auto-topic-0382-0) (kafka.server.ReplicaFetcherManager)
[2026-03-09 17:27:25,355] INFO [LogLoader partition=baseline-auto-topic-0382-0, dir=/tmp/kraft-combined-logs] Loading producer state till offset 0 (org.apache.kafka.storage.internals.log.UnifiedLog)
[2026-03-09 17:27:25,355] INFO Created log for partition baseline-auto-topic-0382-0 in /tmp/kraft-combined-logs/baseline-auto-topic-0382-0 with properties {} (kafka.log.LogManager)
[2026-03-09 17:27:25,356] INFO [Partition baseline-auto-topic-0382-0 broker=1] No checkpointed highwatermark is found for partition baseline-auto-topic-0382-0 (kafka.cluster.Partition)
[2026-03-09 17:27:25,356] INFO [Partition baseline-auto-topic-0382-0 broker=1] Log loaded for partition baseline-auto-topic-0382-0 with initial high watermark 0 (kafka.cluster.Partition)
[2026-03-09 17:27:25,550] INFO Sent auto-creation request for Set(baseline-auto-topic-0383) to the active controller. (kafka.server.DefaultAutoTopicCreationManager)
[2026-03-09 17:27:25,580] INFO [ReplicaFetcherManager on broker 1] Removed fetcher for partitions Set(baseline-auto-topic-0383-0) (kafka.server.ReplicaFetcherManager)
[2026-03-09 17:27:25,584] INFO [LogLoader partition=baseline-auto-topic-0383-0, dir=/tmp/kraft-combined-logs] Loading producer state till offset 0 (org.apache.kafka.storage.internals.log.UnifiedLog)
[2026-03-09 17:27:25,584] INFO Created log for partition baseline-auto-topic-0383-0 in /tmp/kraft-combined-logs/baseline-auto-topic-0383-0 with properties {} (kafka.log.LogManager)
[2026-03-09 17:27:25,584] INFO [Partition baseline-auto-topic-0383-0 broker=1] No checkpointed highwatermark is found for partition baseline-auto-topic-0383-0 (kafka.cluster.Partition)
[2026-03-09 17:27:25,584] INFO [Partition baseline-auto-topic-0383-0 broker=1] Log loaded for partition baseline-auto-topic-0383-0 with initial high watermark 0 (kafka.cluster.Partition)
[2026-03-09 17:27:25,804] INFO Sent auto-creation request for Set(baseline-auto-topic-0384) to the active controller. (kafka.server.DefaultAutoTopicCreationManager)
[2026-03-09 17:27:25,835] INFO [ReplicaFetcherManager on broker 1] Removed fetcher for partitions Set(baseline-auto-topic-0384-0) (kafka.server.ReplicaFetcherManager)
[2026-03-09 17:27:25,841] INFO [LogLoader partition=baseline-auto-topic-0384-0, dir=/tmp/kraft-combined-logs] Loading producer state till offset 0 (org.apache.kafka.storage.internals.log.UnifiedLog)
[2026-03-09 17:27:25,841] INFO Created log for partition baseline-auto-topic-0384-0 in /tmp/kraft-combined-logs/baseline-auto-topic-0384-0 with properties {} (kafka.log.LogManager)
[2026-03-09 17:27:25,841] INFO [Partition baseline-auto-topic-0384-0 broker=1] No checkpointed highwatermark is found for partition baseline-auto-topic-0384-0 (kafka.cluster.Partition)
[2026-03-09 17:27:25,841] INFO [Partition baseline-auto-topic-0384-0 broker=1] Log loaded for partition baseline-auto-topic-0384-0 with initial high watermark 0 (kafka.cluster.Partition)
[2026-03-09 17:27:26,034] INFO Sent auto-creation request for Set(baseline-auto-topic-0385) to the active controller. (kafka.server.DefaultAutoTopicCreationManager)
[2026-03-09 17:27:26,067] INFO [ReplicaFetcherManager on broker 1] Removed fetcher for partitions Set(baseline-auto-topic-0385-0) (kafka.server.ReplicaFetcherManager)
[2026-03-09 17:27:26,073] INFO [LogLoader partition=baseline-auto-topic-0385-0, dir=/tmp/kraft-combined-logs] Loading producer state till offset 0 (org.apache.kafka.storage.internals.log.UnifiedLog)
[2026-03-09 17:27:26,073] INFO Created log for partition baseline-auto-topic-0385-0 in /tmp/kraft-combined-logs/baseline-auto-topic-0385-0 with properties {} (kafka.log.LogManager)
[2026-03-09 17:27:26,074] INFO [Partition baseline-auto-topic-0385-0 broker=1] No checkpointed highwatermark is found for partition baseline-auto-topic-0385-0 (kafka.cluster.Partition)
[2026-03-09 17:27:26,074] INFO [Partition baseline-auto-topic-0385-0 broker=1] Log loaded for partition baseline-auto-topic-0385-0 with initial high watermark 0 (kafka.cluster.Partition)
[2026-03-09 17:27:26,270] INFO Sent auto-creation request for Set(baseline-auto-topic-0386) to the active controller. (kafka.server.DefaultAutoTopicCreationManager)
[2026-03-09 17:27:26,302] INFO [ReplicaFetcherManager on broker 1] Removed fetcher for partitions Set(baseline-auto-topic-0386-0) (kafka.server.ReplicaFetcherManager)
[2026-03-09 17:27:26,308] INFO [LogLoader partition=baseline-auto-topic-0386-0, dir=/tmp/kraft-combined-logs] Loading producer state till offset 0 (org.apache.kafka.storage.internals.log.UnifiedLog)
[2026-03-09 17:27:26,309] INFO Created log for partition baseline-auto-topic-0386-0 in /tmp/kraft-combined-logs/baseline-auto-topic-0386-0 with properties {} (kafka.log.LogManager)
[2026-03-09 17:27:26,309] INFO [Partition baseline-auto-topic-0386-0 broker=1] No checkpointed highwatermark is found for partition baseline-auto-topic-0386-0 (kafka.cluster.Partition)
[2026-03-09 17:27:26,309] INFO [Partition baseline-auto-topic-0386-0 broker=1] Log loaded for partition baseline-auto-topic-0386-0 with initial high watermark 0 (kafka.cluster.Partition)
[2026-03-09 17:27:26,502] INFO Sent auto-creation request for Set(baseline-auto-topic-0387) to the active controller. (kafka.server.DefaultAutoTopicCreationManager)
[2026-03-09 17:27:26,534] INFO [ReplicaFetcherManager on broker 1] Removed fetcher for partitions Set(baseline-auto-topic-0387-0) (kafka.server.ReplicaFetcherManager)
[2026-03-09 17:27:26,540] INFO [LogLoader partition=baseline-auto-topic-0387-0, dir=/tmp/kraft-combined-logs] Loading producer state till offset 0 (org.apache.kafka.storage.internals.log.UnifiedLog)
[2026-03-09 17:27:26,540] INFO Created log for partition baseline-auto-topic-0387-0 in /tmp/kraft-combined-logs/baseline-auto-topic-0387-0 with properties {} (kafka.log.LogManager)
[2026-03-09 17:27:26,541] INFO [Partition baseline-auto-topic-0387-0 broker=1] No checkpointed highwatermark is found for partition baseline-auto-topic-0387-0 (kafka.cluster.Partition)
[2026-03-09 17:27:26,541] INFO [Partition baseline-auto-topic-0387-0 broker=1] Log loaded for partition baseline-auto-topic-0387-0 with initial high watermark 0 (kafka.cluster.Partition)
[2026-03-09 17:27:26,734] INFO Sent auto-creation request for Set(baseline-auto-topic-0388) to the active controller. (kafka.server.DefaultAutoTopicCreationManager)
[2026-03-09 17:27:26,766] INFO [ReplicaFetcherManager on broker 1] Removed fetcher for partitions Set(baseline-auto-topic-0388-0) (kafka.server.ReplicaFetcherManager)
[2026-03-09 17:27:26,771] INFO [LogLoader partition=baseline-auto-topic-0388-0, dir=/tmp/kraft-combined-logs] Loading producer state till offset 0 (org.apache.kafka.storage.internals.log.UnifiedLog)
[2026-03-09 17:27:26,771] INFO Created log for partition baseline-auto-topic-0388-0 in /tmp/kraft-combined-logs/baseline-auto-topic-0388-0 with properties {} (kafka.log.LogManager)
[2026-03-09 17:27:26,771] INFO [Partition baseline-auto-topic-0388-0 broker=1] No checkpointed highwatermark is found for partition baseline-auto-topic-0388-0 (kafka.cluster.Partition)
[2026-03-09 17:27:26,771] INFO [Partition baseline-auto-topic-0388-0 broker=1] Log loaded for partition baseline-auto-topic-0388-0 with initial high watermark 0 (kafka.cluster.Partition)
[2026-03-09 17:27:26,968] INFO Sent auto-creation request for Set(baseline-auto-topic-0389) to the active controller. (kafka.server.DefaultAutoTopicCreationManager)
[2026-03-09 17:27:27,000] INFO [ReplicaFetcherManager on broker 1] Removed fetcher for partitions Set(baseline-auto-topic-0389-0) (kafka.server.ReplicaFetcherManager)
[2026-03-09 17:27:27,005] INFO [LogLoader partition=baseline-auto-topic-0389-0, dir=/tmp/kraft-combined-logs] Loading producer state till offset 0 (org.apache.kafka.storage.internals.log.UnifiedLog)
[2026-03-09 17:27:27,005] INFO Created log for partition baseline-auto-topic-0389-0 in /tmp/kraft-combined-logs/baseline-auto-topic-0389-0 with properties {} (kafka.log.LogManager)
[2026-03-09 17:27:27,006] INFO [Partition baseline-auto-topic-0389-0 broker=1] No checkpointed highwatermark is found for partition baseline-auto-topic-0389-0 (kafka.cluster.Partition)
[2026-03-09 17:27:27,006] INFO [Partition baseline-auto-topic-0389-0 broker=1] Log loaded for partition baseline-auto-topic-0389-0 with initial high watermark 0 (kafka.cluster.Partition)
[2026-03-09 17:27:27,201] INFO Sent auto-creation request for Set(baseline-auto-topic-0390) to the active controller. (kafka.server.DefaultAutoTopicCreationManager)
[2026-03-09 17:27:27,234] INFO [ReplicaFetcherManager on broker 1] Removed fetcher for partitions Set(baseline-auto-topic-0390-0) (kafka.server.ReplicaFetcherManager)
[2026-03-09 17:27:27,239] INFO [LogLoader partition=baseline-auto-topic-0390-0, dir=/tmp/kraft-combined-logs] Loading producer state till offset 0 (org.apache.kafka.storage.internals.log.UnifiedLog)
[2026-03-09 17:27:27,239] INFO Created log for partition baseline-auto-topic-0390-0 in /tmp/kraft-combined-logs/baseline-auto-topic-0390-0 with properties {} (kafka.log.LogManager)
[2026-03-09 17:27:27,240] INFO [Partition baseline-auto-topic-0390-0 broker=1] No checkpointed highwatermark is found for partition baseline-auto-topic-0390-0 (kafka.cluster.Partition)
[2026-03-09 17:27:27,240] INFO [Partition baseline-auto-topic-0390-0 broker=1] Log loaded for partition baseline-auto-topic-0390-0 with initial high watermark 0 (kafka.cluster.Partition)
[2026-03-09 17:27:27,435] INFO Sent auto-creation request for Set(baseline-auto-topic-0391) to the active controller. (kafka.server.DefaultAutoTopicCreationManager)
[2026-03-09 17:27:27,464] INFO [ReplicaFetcherManager on broker 1] Removed fetcher for partitions Set(baseline-auto-topic-0391-0) (kafka.server.ReplicaFetcherManager)
[2026-03-09 17:27:27,469] INFO [LogLoader partition=baseline-auto-topic-0391-0, dir=/tmp/kraft-combined-logs] Loading producer state till offset 0 (org.apache.kafka.storage.internals.log.UnifiedLog)
[2026-03-09 17:27:27,470] INFO Created log for partition baseline-auto-topic-0391-0 in /tmp/kraft-combined-logs/baseline-auto-topic-0391-0 with properties {} (kafka.log.LogManager)
[2026-03-09 17:27:27,470] INFO [Partition baseline-auto-topic-0391-0 broker=1] No checkpointed highwatermark is found for partition baseline-auto-topic-0391-0 (kafka.cluster.Partition)
[2026-03-09 17:27:27,470] INFO [Partition baseline-auto-topic-0391-0 broker=1] Log loaded for partition baseline-auto-topic-0391-0 with initial high watermark 0 (kafka.cluster.Partition)
[2026-03-09 17:27:27,670] INFO Sent auto-creation request for Set(baseline-auto-topic-0392) to the active controller. (kafka.server.DefaultAutoTopicCreationManager)
[2026-03-09 17:27:27,702] INFO [ReplicaFetcherManager on broker 1] Removed fetcher for partitions Set(baseline-auto-topic-0392-0) (kafka.server.ReplicaFetcherManager)
[2026-03-09 17:27:27,707] INFO [LogLoader partition=baseline-auto-topic-0392-0, dir=/tmp/kraft-combined-logs] Loading producer state till offset 0 (org.apache.kafka.storage.internals.log.UnifiedLog)
[2026-03-09 17:27:27,707] INFO Created log for partition baseline-auto-topic-0392-0 in /tmp/kraft-combined-logs/baseline-auto-topic-0392-0 with properties {} (kafka.log.LogManager)
[2026-03-09 17:27:27,707] INFO [Partition baseline-auto-topic-0392-0 broker=1] No checkpointed highwatermark is found for partition baseline-auto-topic-0392-0 (kafka.cluster.Partition)
[2026-03-09 17:27:27,708] INFO [Partition baseline-auto-topic-0392-0 broker=1] Log loaded for partition baseline-auto-topic-0392-0 with initial high watermark 0 (kafka.cluster.Partition)
[2026-03-09 17:27:27,903] INFO Sent auto-creation request for Set(baseline-auto-topic-0393) to the active controller. (kafka.server.DefaultAutoTopicCreationManager)
[2026-03-09 17:27:27,929] INFO [ReplicaFetcherManager on broker 1] Removed fetcher for partitions Set(baseline-auto-topic-0393-0) (kafka.server.ReplicaFetcherManager)
[2026-03-09 17:27:27,934] INFO [LogLoader partition=baseline-auto-topic-0393-0, dir=/tmp/kraft-combined-logs] Loading producer state till offset 0 (org.apache.kafka.storage.internals.log.UnifiedLog)
[2026-03-09 17:27:27,934] INFO Created log for partition baseline-auto-topic-0393-0 in /tmp/kraft-combined-logs/baseline-auto-topic-0393-0 with properties {} (kafka.log.LogManager)
[2026-03-09 17:27:27,934] INFO [Partition baseline-auto-topic-0393-0 broker=1] No checkpointed highwatermark is found for partition baseline-auto-topic-0393-0 (kafka.cluster.Partition)
[2026-03-09 17:27:27,934] INFO [Partition baseline-auto-topic-0393-0 broker=1] Log loaded for partition baseline-auto-topic-0393-0 with initial high watermark 0 (kafka.cluster.Partition)
[2026-03-09 17:27:28,126] INFO Sent auto-creation request for Set(baseline-auto-topic-0394) to the active controller. (kafka.server.DefaultAutoTopicCreationManager)
[2026-03-09 17:27:28,153] INFO [ReplicaFetcherManager on broker 1] Removed fetcher for partitions Set(baseline-auto-topic-0394-0) (kafka.server.ReplicaFetcherManager)
[2026-03-09 17:27:28,156] INFO [LogLoader partition=baseline-auto-topic-0394-0, dir=/tmp/kraft-combined-logs] Loading producer state till offset 0 (org.apache.kafka.storage.internals.log.UnifiedLog)
[2026-03-09 17:27:28,156] INFO Created log for partition baseline-auto-topic-0394-0 in /tmp/kraft-combined-logs/baseline-auto-topic-0394-0 with properties {} (kafka.log.LogManager)
[2026-03-09 17:27:28,156] INFO [Partition baseline-auto-topic-0394-0 broker=1] No checkpointed highwatermark is found for partition baseline-auto-topic-0394-0 (kafka.cluster.Partition)
[2026-03-09 17:27:28,156] INFO [Partition baseline-auto-topic-0394-0 broker=1] Log loaded for partition baseline-auto-topic-0394-0 with initial high watermark 0 (kafka.cluster.Partition)
[2026-03-09 17:27:28,345] INFO Sent auto-creation request for Set(baseline-auto-topic-0395) to the active controller. (kafka.server.DefaultAutoTopicCreationManager)
[2026-03-09 17:27:28,377] INFO [ReplicaFetcherManager on broker 1] Removed fetcher for partitions Set(baseline-auto-topic-0395-0) (kafka.server.ReplicaFetcherManager)
[2026-03-09 17:27:28,381] INFO [LogLoader partition=baseline-auto-topic-0395-0, dir=/tmp/kraft-combined-logs] Loading producer state till offset 0 (org.apache.kafka.storage.internals.log.UnifiedLog)
[2026-03-09 17:27:28,382] INFO Created log for partition baseline-auto-topic-0395-0 in /tmp/kraft-combined-logs/baseline-auto-topic-0395-0 with properties {} (kafka.log.LogManager)
[2026-03-09 17:27:28,382] INFO [Partition baseline-auto-topic-0395-0 broker=1] No checkpointed highwatermark is found for partition baseline-auto-topic-0395-0 (kafka.cluster.Partition)
[2026-03-09 17:27:28,382] INFO [Partition baseline-auto-topic-0395-0 broker=1] Log loaded for partition baseline-auto-topic-0395-0 with initial high watermark 0 (kafka.cluster.Partition)
[2026-03-09 17:27:28,579] INFO Sent auto-creation request for Set(baseline-auto-topic-0396) to the active controller. (kafka.server.DefaultAutoTopicCreationManager)
[2026-03-09 17:27:28,607] INFO [ReplicaFetcherManager on broker 1] Removed fetcher for partitions Set(baseline-auto-topic-0396-0) (kafka.server.ReplicaFetcherManager)
[2026-03-09 17:27:28,612] INFO [LogLoader partition=baseline-auto-topic-0396-0, dir=/tmp/kraft-combined-logs] Loading producer state till offset 0 (org.apache.kafka.storage.internals.log.UnifiedLog)
[2026-03-09 17:27:28,612] INFO Created log for partition baseline-auto-topic-0396-0 in /tmp/kraft-combined-logs/baseline-auto-topic-0396-0 with properties {} (kafka.log.LogManager)
[2026-03-09 17:27:28,612] INFO [Partition baseline-auto-topic-0396-0 broker=1] No checkpointed highwatermark is found for partition baseline-auto-topic-0396-0 (kafka.cluster.Partition)
[2026-03-09 17:27:28,612] INFO [Partition baseline-auto-topic-0396-0 broker=1] Log loaded for partition baseline-auto-topic-0396-0 with initial high watermark 0 (kafka.cluster.Partition)
[2026-03-09 17:27:28,813] INFO Sent auto-creation request for Set(baseline-auto-topic-0397) to the active controller. (kafka.server.DefaultAutoTopicCreationManager)
[2026-03-09 17:27:28,846] INFO [ReplicaFetcherManager on broker 1] Removed fetcher for partitions Set(baseline-auto-topic-0397-0) (kafka.server.ReplicaFetcherManager)
[2026-03-09 17:27:28,850] INFO [LogLoader partition=baseline-auto-topic-0397-0, dir=/tmp/kraft-combined-logs] Loading producer state till offset 0 (org.apache.kafka.storage.internals.log.UnifiedLog)
[2026-03-09 17:27:28,851] INFO Created log for partition baseline-auto-topic-0397-0 in /tmp/kraft-combined-logs/baseline-auto-topic-0397-0 with properties {} (kafka.log.LogManager)
[2026-03-09 17:27:28,851] INFO [Partition baseline-auto-topic-0397-0 broker=1] No checkpointed highwatermark is found for partition baseline-auto-topic-0397-0 (kafka.cluster.Partition)
[2026-03-09 17:27:28,851] INFO [Partition baseline-auto-topic-0397-0 broker=1] Log loaded for partition baseline-auto-topic-0397-0 with initial high watermark 0 (kafka.cluster.Partition)
[2026-03-09 17:27:29,047] INFO Sent auto-creation request for Set(baseline-auto-topic-0398) to the active controller. (kafka.server.DefaultAutoTopicCreationManager)
[2026-03-09 17:27:29,079] INFO [ReplicaFetcherManager on broker 1] Removed fetcher for partitions Set(baseline-auto-topic-0398-0) (kafka.server.ReplicaFetcherManager)
[2026-03-09 17:27:29,085] INFO [LogLoader partition=baseline-auto-topic-0398-0, dir=/tmp/kraft-combined-logs] Loading producer state till offset 0 (org.apache.kafka.storage.internals.log.UnifiedLog)
[2026-03-09 17:27:29,085] INFO Created log for partition baseline-auto-topic-0398-0 in /tmp/kraft-combined-logs/baseline-auto-topic-0398-0 with properties {} (kafka.log.LogManager)
[2026-03-09 17:27:29,085] INFO [Partition baseline-auto-topic-0398-0 broker=1] No checkpointed highwatermark is found for partition baseline-auto-topic-0398-0 (kafka.cluster.Partition)
[2026-03-09 17:27:29,085] INFO [Partition baseline-auto-topic-0398-0 broker=1] Log loaded for partition baseline-auto-topic-0398-0 with initial high watermark 0 (kafka.cluster.Partition)
[2026-03-09 17:27:29,284] INFO Sent auto-creation request for Set(baseline-auto-topic-0399) to the active controller. (kafka.server.DefaultAutoTopicCreationManager)
[2026-03-09 17:27:29,316] INFO [ReplicaFetcherManager on broker 1] Removed fetcher for partitions Set(baseline-auto-topic-0399-0) (kafka.server.ReplicaFetcherManager)
[2026-03-09 17:27:29,321] INFO [LogLoader partition=baseline-auto-topic-0399-0, dir=/tmp/kraft-combined-logs] Loading producer state till offset 0 (org.apache.kafka.storage.internals.log.UnifiedLog)
[2026-03-09 17:27:29,322] INFO Created log for partition baseline-auto-topic-0399-0 in /tmp/kraft-combined-logs/baseline-auto-topic-0399-0 with properties {} (kafka.log.LogManager)
[2026-03-09 17:27:29,322] INFO [Partition baseline-auto-topic-0399-0 broker=1] No checkpointed highwatermark is found for partition baseline-auto-topic-0399-0 (kafka.cluster.Partition)
[2026-03-09 17:27:29,322] INFO [Partition baseline-auto-topic-0399-0 broker=1] Log loaded for partition baseline-auto-topic-0399-0 with initial high watermark 0 (kafka.cluster.Partition)
[2026-03-09 17:27:29,520] INFO Sent auto-creation request for Set(baseline-auto-topic-0400) to the active controller. (kafka.server.DefaultAutoTopicCreationManager)
[2026-03-09 17:27:29,552] INFO [ReplicaFetcherManager on broker 1] Removed fetcher for partitions Set(baseline-auto-topic-0400-0) (kafka.server.ReplicaFetcherManager)
[2026-03-09 17:27:29,556] INFO [LogLoader partition=baseline-auto-topic-0400-0, dir=/tmp/kraft-combined-logs] Loading producer state till offset 0 (org.apache.kafka.storage.internals.log.UnifiedLog)
[2026-03-09 17:27:29,556] INFO Created log for partition baseline-auto-topic-0400-0 in /tmp/kraft-combined-logs/baseline-auto-topic-0400-0 with properties {} (kafka.log.LogManager)
[2026-03-09 17:27:29,557] INFO [Partition baseline-auto-topic-0400-0 broker=1] No checkpointed highwatermark is found for partition baseline-auto-topic-0400-0 (kafka.cluster.Partition)
[2026-03-09 17:27:29,557] INFO [Partition baseline-auto-topic-0400-0 broker=1] Log loaded for partition baseline-auto-topic-0400-0 with initial high watermark 0 (kafka.cluster.Partition)
[2026-03-09 17:27:29,771] INFO Sent auto-creation request for Set(baseline-auto-topic-0401) to the active controller. (kafka.server.DefaultAutoTopicCreationManager)
[2026-03-09 17:27:29,800] INFO [ReplicaFetcherManager on broker 1] Removed fetcher for partitions Set(baseline-auto-topic-0401-0) (kafka.server.ReplicaFetcherManager)
[2026-03-09 17:27:29,804] INFO [LogLoader partition=baseline-auto-topic-0401-0, dir=/tmp/kraft-combined-logs] Loading producer state till offset 0 (org.apache.kafka.storage.internals.log.UnifiedLog)
[2026-03-09 17:27:29,804] INFO Created log for partition baseline-auto-topic-0401-0 in /tmp/kraft-combined-logs/baseline-auto-topic-0401-0 with properties {} (kafka.log.LogManager)
[2026-03-09 17:27:29,805] INFO [Partition baseline-auto-topic-0401-0 broker=1] No checkpointed highwatermark is found for partition baseline-auto-topic-0401-0 (kafka.cluster.Partition)
[2026-03-09 17:27:29,805] INFO [Partition baseline-auto-topic-0401-0 broker=1] Log loaded for partition baseline-auto-topic-0401-0 with initial high watermark 0 (kafka.cluster.Partition)
[2026-03-09 17:27:30,006] INFO Sent auto-creation request for Set(baseline-auto-topic-0402) to the active controller. (kafka.server.DefaultAutoTopicCreationManager)
[2026-03-09 17:27:30,036] INFO [ReplicaFetcherManager on broker 1] Removed fetcher for partitions Set(baseline-auto-topic-0402-0) (kafka.server.ReplicaFetcherManager)
[2026-03-09 17:27:30,042] INFO [LogLoader partition=baseline-auto-topic-0402-0, dir=/tmp/kraft-combined-logs] Loading producer state till offset 0 (org.apache.kafka.storage.internals.log.UnifiedLog)
[2026-03-09 17:27:30,043] INFO Created log for partition baseline-auto-topic-0402-0 in /tmp/kraft-combined-logs/baseline-auto-topic-0402-0 with properties {} (kafka.log.LogManager)
[2026-03-09 17:27:30,048] INFO [Partition baseline-auto-topic-0402-0 broker=1] No checkpointed highwatermark is found for partition baseline-auto-topic-0402-0 (kafka.cluster.Partition)
[2026-03-09 17:27:30,048] INFO [Partition baseline-auto-topic-0402-0 broker=1] Log loaded for partition baseline-auto-topic-0402-0 with initial high watermark 0 (kafka.cluster.Partition)
[2026-03-09 17:27:30,241] INFO Sent auto-creation request for Set(baseline-auto-topic-0403) to the active controller. (kafka.server.DefaultAutoTopicCreationManager)
[2026-03-09 17:27:30,274] INFO [ReplicaFetcherManager on broker 1] Removed fetcher for partitions Set(baseline-auto-topic-0403-0) (kafka.server.ReplicaFetcherManager)
[2026-03-09 17:27:30,278] INFO [LogLoader partition=baseline-auto-topic-0403-0, dir=/tmp/kraft-combined-logs] Loading producer state till offset 0 (org.apache.kafka.storage.internals.log.UnifiedLog)
[2026-03-09 17:27:30,279] INFO Created log for partition baseline-auto-topic-0403-0 in /tmp/kraft-combined-logs/baseline-auto-topic-0403-0 with properties {} (kafka.log.LogManager)
[2026-03-09 17:27:30,279] INFO [Partition baseline-auto-topic-0403-0 broker=1] No checkpointed highwatermark is found for partition baseline-auto-topic-0403-0 (kafka.cluster.Partition)
[2026-03-09 17:27:30,279] INFO [Partition baseline-auto-topic-0403-0 broker=1] Log loaded for partition baseline-auto-topic-0403-0 with initial high watermark 0 (kafka.cluster.Partition)
[2026-03-09 17:27:30,479] INFO Sent auto-creation request for Set(baseline-auto-topic-0404) to the active controller. (kafka.server.DefaultAutoTopicCreationManager)
[2026-03-09 17:27:30,509] INFO [ReplicaFetcherManager on broker 1] Removed fetcher for partitions Set(baseline-auto-topic-0404-0) (kafka.server.ReplicaFetcherManager)
[2026-03-09 17:27:30,514] INFO [LogLoader partition=baseline-auto-topic-0404-0, dir=/tmp/kraft-combined-logs] Loading producer state till offset 0 (org.apache.kafka.storage.internals.log.UnifiedLog)
[2026-03-09 17:27:30,514] INFO Created log for partition baseline-auto-topic-0404-0 in /tmp/kraft-combined-logs/baseline-auto-topic-0404-0 with properties {} (kafka.log.LogManager)
[2026-03-09 17:27:30,514] INFO [Partition baseline-auto-topic-0404-0 broker=1] No checkpointed highwatermark is found for partition baseline-auto-topic-0404-0 (kafka.cluster.Partition)
[2026-03-09 17:27:30,514] INFO [Partition baseline-auto-topic-0404-0 broker=1] Log loaded for partition baseline-auto-topic-0404-0 with initial high watermark 0 (kafka.cluster.Partition)
[2026-03-09 17:27:30,889] INFO Sent auto-creation request for Set(baseline-auto-topic-0405) to the active controller. (kafka.server.DefaultAutoTopicCreationManager)
[2026-03-09 17:27:30,919] INFO [ReplicaFetcherManager on broker 1] Removed fetcher for partitions Set(baseline-auto-topic-0405-0) (kafka.server.ReplicaFetcherManager)
[2026-03-09 17:27:30,924] INFO [LogLoader partition=baseline-auto-topic-0405-0, dir=/tmp/kraft-combined-logs] Loading producer state till offset 0 (org.apache.kafka.storage.internals.log.UnifiedLog)
[2026-03-09 17:27:30,925] INFO Created log for partition baseline-auto-topic-0405-0 in /tmp/kraft-combined-logs/baseline-auto-topic-0405-0 with properties {} (kafka.log.LogManager)
[2026-03-09 17:27:30,925] INFO [Partition baseline-auto-topic-0405-0 broker=1] No checkpointed highwatermark is found for partition baseline-auto-topic-0405-0 (kafka.cluster.Partition)
[2026-03-09 17:27:30,925] INFO [Partition baseline-auto-topic-0405-0 broker=1] Log loaded for partition baseline-auto-topic-0405-0 with initial high watermark 0 (kafka.cluster.Partition)
[2026-03-09 17:27:31,125] INFO Sent auto-creation request for Set(baseline-auto-topic-0406) to the active controller. (kafka.server.DefaultAutoTopicCreationManager)
[2026-03-09 17:27:31,156] INFO [ReplicaFetcherManager on broker 1] Removed fetcher for partitions Set(baseline-auto-topic-0406-0) (kafka.server.ReplicaFetcherManager)
[2026-03-09 17:27:31,161] INFO [LogLoader partition=baseline-auto-topic-0406-0, dir=/tmp/kraft-combined-logs] Loading producer state till offset 0 (org.apache.kafka.storage.internals.log.UnifiedLog)
[2026-03-09 17:27:31,161] INFO Created log for partition baseline-auto-topic-0406-0 in /tmp/kraft-combined-logs/baseline-auto-topic-0406-0 with properties {} (kafka.log.LogManager)
[2026-03-09 17:27:31,162] INFO [Partition baseline-auto-topic-0406-0 broker=1] No checkpointed highwatermark is found for partition baseline-auto-topic-0406-0 (kafka.cluster.Partition)
[2026-03-09 17:27:31,162] INFO [Partition baseline-auto-topic-0406-0 broker=1] Log loaded for partition baseline-auto-topic-0406-0 with initial high watermark 0 (kafka.cluster.Partition)
[2026-03-09 17:27:31,359] INFO Sent auto-creation request for Set(baseline-auto-topic-0407) to the active controller. (kafka.server.DefaultAutoTopicCreationManager)
[2026-03-09 17:27:31,391] INFO [ReplicaFetcherManager on broker 1] Removed fetcher for partitions Set(baseline-auto-topic-0407-0) (kafka.server.ReplicaFetcherManager)
[2026-03-09 17:27:31,397] INFO [LogLoader partition=baseline-auto-topic-0407-0, dir=/tmp/kraft-combined-logs] Loading producer state till offset 0 (org.apache.kafka.storage.internals.log.UnifiedLog)
[2026-03-09 17:27:31,397] INFO Created log for partition baseline-auto-topic-0407-0 in /tmp/kraft-combined-logs/baseline-auto-topic-0407-0 with properties {} (kafka.log.LogManager)
[2026-03-09 17:27:31,397] INFO [Partition baseline-auto-topic-0407-0 broker=1] No checkpointed highwatermark is found for partition baseline-auto-topic-0407-0 (kafka.cluster.Partition)
[2026-03-09 17:27:31,397] INFO [Partition baseline-auto-topic-0407-0 broker=1] Log loaded for partition baseline-auto-topic-0407-0 with initial high watermark 0 (kafka.cluster.Partition)
[2026-03-09 17:27:31,592] INFO Sent auto-creation request for Set(baseline-auto-topic-0408) to the active controller. (kafka.server.DefaultAutoTopicCreationManager)
[2026-03-09 17:27:31,620] INFO [ReplicaFetcherManager on broker 1] Removed fetcher for partitions Set(baseline-auto-topic-0408-0) (kafka.server.ReplicaFetcherManager)
[2026-03-09 17:27:31,626] INFO [LogLoader partition=baseline-auto-topic-0408-0, dir=/tmp/kraft-combined-logs] Loading producer state till offset 0 (org.apache.kafka.storage.internals.log.UnifiedLog)
[2026-03-09 17:27:31,626] INFO Created log for partition baseline-auto-topic-0408-0 in /tmp/kraft-combined-logs/baseline-auto-topic-0408-0 with properties {} (kafka.log.LogManager)
[2026-03-09 17:27:31,627] INFO [Partition baseline-auto-topic-0408-0 broker=1] No checkpointed highwatermark is found for partition baseline-auto-topic-0408-0 (kafka.cluster.Partition)
[2026-03-09 17:27:31,627] INFO [Partition baseline-auto-topic-0408-0 broker=1] Log loaded for partition baseline-auto-topic-0408-0 with initial high watermark 0 (kafka.cluster.Partition)
[2026-03-09 17:27:31,826] INFO Sent auto-creation request for Set(baseline-auto-topic-0409) to the active controller. (kafka.server.DefaultAutoTopicCreationManager)
[2026-03-09 17:27:31,856] INFO [ReplicaFetcherManager on broker 1] Removed fetcher for partitions Set(baseline-auto-topic-0409-0) (kafka.server.ReplicaFetcherManager)
[2026-03-09 17:27:31,860] INFO [LogLoader partition=baseline-auto-topic-0409-0, dir=/tmp/kraft-combined-logs] Loading producer state till offset 0 (org.apache.kafka.storage.internals.log.UnifiedLog)
[2026-03-09 17:27:31,860] INFO Created log for partition baseline-auto-topic-0409-0 in /tmp/kraft-combined-logs/baseline-auto-topic-0409-0 with properties {} (kafka.log.LogManager)
[2026-03-09 17:27:31,860] INFO [Partition baseline-auto-topic-0409-0 broker=1] No checkpointed highwatermark is found for partition baseline-auto-topic-0409-0 (kafka.cluster.Partition)
[2026-03-09 17:27:31,861] INFO [Partition baseline-auto-topic-0409-0 broker=1] Log loaded for partition baseline-auto-topic-0409-0 with initial high watermark 0 (kafka.cluster.Partition)
[2026-03-09 17:27:32,043] INFO Sent auto-creation request for Set(baseline-auto-topic-0410) to the active controller. (kafka.server.DefaultAutoTopicCreationManager)
[2026-03-09 17:27:32,070] INFO [ReplicaFetcherManager on broker 1] Removed fetcher for partitions Set(baseline-auto-topic-0410-0) (kafka.server.ReplicaFetcherManager)
[2026-03-09 17:27:32,074] INFO [LogLoader partition=baseline-auto-topic-0410-0, dir=/tmp/kraft-combined-logs] Loading producer state till offset 0 (org.apache.kafka.storage.internals.log.UnifiedLog)
[2026-03-09 17:27:32,075] INFO Created log for partition baseline-auto-topic-0410-0 in /tmp/kraft-combined-logs/baseline-auto-topic-0410-0 with properties {} (kafka.log.LogManager)
[2026-03-09 17:27:32,075] INFO [Partition baseline-auto-topic-0410-0 broker=1] No checkpointed highwatermark is found for partition baseline-auto-topic-0410-0 (kafka.cluster.Partition)
[2026-03-09 17:27:32,075] INFO [Partition baseline-auto-topic-0410-0 broker=1] Log loaded for partition baseline-auto-topic-0410-0 with initial high watermark 0 (kafka.cluster.Partition)
[2026-03-09 17:27:32,271] INFO Sent auto-creation request for Set(baseline-auto-topic-0411) to the active controller. (kafka.server.DefaultAutoTopicCreationManager)
[2026-03-09 17:27:32,299] INFO [ReplicaFetcherManager on broker 1] Removed fetcher for partitions Set(baseline-auto-topic-0411-0) (kafka.server.ReplicaFetcherManager)
[2026-03-09 17:27:32,305] INFO [LogLoader partition=baseline-auto-topic-0411-0, dir=/tmp/kraft-combined-logs] Loading producer state till offset 0 (org.apache.kafka.storage.internals.log.UnifiedLog)
[2026-03-09 17:27:32,305] INFO Created log for partition baseline-auto-topic-0411-0 in /tmp/kraft-combined-logs/baseline-auto-topic-0411-0 with properties {} (kafka.log.LogManager)
[2026-03-09 17:27:32,306] INFO [Partition baseline-auto-topic-0411-0 broker=1] No checkpointed highwatermark is found for partition baseline-auto-topic-0411-0 (kafka.cluster.Partition)
[2026-03-09 17:27:32,306] INFO [Partition baseline-auto-topic-0411-0 broker=1] Log loaded for partition baseline-auto-topic-0411-0 with initial high watermark 0 (kafka.cluster.Partition)
[2026-03-09 17:27:32,507] INFO Sent auto-creation request for Set(baseline-auto-topic-0412) to the active controller. (kafka.server.DefaultAutoTopicCreationManager)
[2026-03-09 17:27:32,539] INFO [ReplicaFetcherManager on broker 1] Removed fetcher for partitions Set(baseline-auto-topic-0412-0) (kafka.server.ReplicaFetcherManager)
[2026-03-09 17:27:32,544] INFO [LogLoader partition=baseline-auto-topic-0412-0, dir=/tmp/kraft-combined-logs] Loading producer state till offset 0 (org.apache.kafka.storage.internals.log.UnifiedLog)
[2026-03-09 17:27:32,544] INFO Created log for partition baseline-auto-topic-0412-0 in /tmp/kraft-combined-logs/baseline-auto-topic-0412-0 with properties {} (kafka.log.LogManager)
[2026-03-09 17:27:32,545] INFO [Partition baseline-auto-topic-0412-0 broker=1] No checkpointed highwatermark is found for partition baseline-auto-topic-0412-0 (kafka.cluster.Partition)
[2026-03-09 17:27:32,545] INFO [Partition baseline-auto-topic-0412-0 broker=1] Log loaded for partition baseline-auto-topic-0412-0 with initial high watermark 0 (kafka.cluster.Partition)
[2026-03-09 17:27:32,744] INFO Sent auto-creation request for Set(baseline-auto-topic-0413) to the active controller. (kafka.server.DefaultAutoTopicCreationManager)
[2026-03-09 17:27:32,771] INFO [ReplicaFetcherManager on broker 1] Removed fetcher for partitions Set(baseline-auto-topic-0413-0) (kafka.server.ReplicaFetcherManager)
[2026-03-09 17:27:32,776] INFO [LogLoader partition=baseline-auto-topic-0413-0, dir=/tmp/kraft-combined-logs] Loading producer state till offset 0 (org.apache.kafka.storage.internals.log.UnifiedLog)
[2026-03-09 17:27:32,776] INFO Created log for partition baseline-auto-topic-0413-0 in /tmp/kraft-combined-logs/baseline-auto-topic-0413-0 with properties {} (kafka.log.LogManager)
[2026-03-09 17:27:32,776] INFO [Partition baseline-auto-topic-0413-0 broker=1] No checkpointed highwatermark is found for partition baseline-auto-topic-0413-0 (kafka.cluster.Partition)
[2026-03-09 17:27:32,776] INFO [Partition baseline-auto-topic-0413-0 broker=1] Log loaded for partition baseline-auto-topic-0413-0 with initial high watermark 0 (kafka.cluster.Partition)
[2026-03-09 17:27:32,981] INFO Sent auto-creation request for Set(baseline-auto-topic-0414) to the active controller. (kafka.server.DefaultAutoTopicCreationManager)
[2026-03-09 17:27:33,013] INFO [ReplicaFetcherManager on broker 1] Removed fetcher for partitions Set(baseline-auto-topic-0414-0) (kafka.server.ReplicaFetcherManager)
[2026-03-09 17:27:33,018] INFO [LogLoader partition=baseline-auto-topic-0414-0, dir=/tmp/kraft-combined-logs] Loading producer state till offset 0 (org.apache.kafka.storage.internals.log.UnifiedLog)
[2026-03-09 17:27:33,018] INFO Created log for partition baseline-auto-topic-0414-0 in /tmp/kraft-combined-logs/baseline-auto-topic-0414-0 with properties {} (kafka.log.LogManager)
[2026-03-09 17:27:33,019] INFO [Partition baseline-auto-topic-0414-0 broker=1] No checkpointed highwatermark is found for partition baseline-auto-topic-0414-0 (kafka.cluster.Partition)
[2026-03-09 17:27:33,019] INFO [Partition baseline-auto-topic-0414-0 broker=1] Log loaded for partition baseline-auto-topic-0414-0 with initial high watermark 0 (kafka.cluster.Partition)
[2026-03-09 17:27:33,219] INFO Sent auto-creation request for Set(baseline-auto-topic-0415) to the active controller. (kafka.server.DefaultAutoTopicCreationManager)
[2026-03-09 17:27:33,251] INFO [ReplicaFetcherManager on broker 1] Removed fetcher for partitions Set(baseline-auto-topic-0415-0) (kafka.server.ReplicaFetcherManager)
[2026-03-09 17:27:33,256] INFO [LogLoader partition=baseline-auto-topic-0415-0, dir=/tmp/kraft-combined-logs] Loading producer state till offset 0 (org.apache.kafka.storage.internals.log.UnifiedLog)
[2026-03-09 17:27:33,257] INFO Created log for partition baseline-auto-topic-0415-0 in /tmp/kraft-combined-logs/baseline-auto-topic-0415-0 with properties {} (kafka.log.LogManager)
[2026-03-09 17:27:33,257] INFO [Partition baseline-auto-topic-0415-0 broker=1] No checkpointed highwatermark is found for partition baseline-auto-topic-0415-0 (kafka.cluster.Partition)
[2026-03-09 17:27:33,257] INFO [Partition baseline-auto-topic-0415-0 broker=1] Log loaded for partition baseline-auto-topic-0415-0 with initial high watermark 0 (kafka.cluster.Partition)
[2026-03-09 17:27:33,441] INFO Sent auto-creation request for Set(baseline-auto-topic-0416) to the active controller. (kafka.server.DefaultAutoTopicCreationManager)
[2026-03-09 17:27:33,472] INFO [ReplicaFetcherManager on broker 1] Removed fetcher for partitions Set(baseline-auto-topic-0416-0) (kafka.server.ReplicaFetcherManager)
[2026-03-09 17:27:33,477] INFO [LogLoader partition=baseline-auto-topic-0416-0, dir=/tmp/kraft-combined-logs] Loading producer state till offset 0 (org.apache.kafka.storage.internals.log.UnifiedLog)
[2026-03-09 17:27:33,477] INFO Created log for partition baseline-auto-topic-0416-0 in /tmp/kraft-combined-logs/baseline-auto-topic-0416-0 with properties {} (kafka.log.LogManager)
[2026-03-09 17:27:33,477] INFO [Partition baseline-auto-topic-0416-0 broker=1] No checkpointed highwatermark is found for partition baseline-auto-topic-0416-0 (kafka.cluster.Partition)
[2026-03-09 17:27:33,477] INFO [Partition baseline-auto-topic-0416-0 broker=1] Log loaded for partition baseline-auto-topic-0416-0 with initial high watermark 0 (kafka.cluster.Partition)
[2026-03-09 17:27:33,680] INFO Sent auto-creation request for Set(baseline-auto-topic-0417) to the active controller. (kafka.server.DefaultAutoTopicCreationManager)
[2026-03-09 17:27:33,711] INFO [ReplicaFetcherManager on broker 1] Removed fetcher for partitions Set(baseline-auto-topic-0417-0) (kafka.server.ReplicaFetcherManager)
[2026-03-09 17:27:33,716] INFO [LogLoader partition=baseline-auto-topic-0417-0, dir=/tmp/kraft-combined-logs] Loading producer state till offset 0 (org.apache.kafka.storage.internals.log.UnifiedLog)
[2026-03-09 17:27:33,716] INFO Created log for partition baseline-auto-topic-0417-0 in /tmp/kraft-combined-logs/baseline-auto-topic-0417-0 with properties {} (kafka.log.LogManager)
[2026-03-09 17:27:33,716] INFO [Partition baseline-auto-topic-0417-0 broker=1] No checkpointed highwatermark is found for partition baseline-auto-topic-0417-0 (kafka.cluster.Partition)
[2026-03-09 17:27:33,716] INFO [Partition baseline-auto-topic-0417-0 broker=1] Log loaded for partition baseline-auto-topic-0417-0 with initial high watermark 0 (kafka.cluster.Partition)
[2026-03-09 17:27:33,912] INFO Sent auto-creation request for Set(baseline-auto-topic-0418) to the active controller. (kafka.server.DefaultAutoTopicCreationManager)
[2026-03-09 17:27:33,944] INFO [ReplicaFetcherManager on broker 1] Removed fetcher for partitions Set(baseline-auto-topic-0418-0) (kafka.server.ReplicaFetcherManager)
[2026-03-09 17:27:33,949] INFO [LogLoader partition=baseline-auto-topic-0418-0, dir=/tmp/kraft-combined-logs] Loading producer state till offset 0 (org.apache.kafka.storage.internals.log.UnifiedLog)
[2026-03-09 17:27:33,949] INFO Created log for partition baseline-auto-topic-0418-0 in /tmp/kraft-combined-logs/baseline-auto-topic-0418-0 with properties {} (kafka.log.LogManager)
[2026-03-09 17:27:33,950] INFO [Partition baseline-auto-topic-0418-0 broker=1] No checkpointed highwatermark is found for partition baseline-auto-topic-0418-0 (kafka.cluster.Partition)
[2026-03-09 17:27:33,950] INFO [Partition baseline-auto-topic-0418-0 broker=1] Log loaded for partition baseline-auto-topic-0418-0 with initial high watermark 0 (kafka.cluster.Partition)
[2026-03-09 17:27:34,149] INFO Sent auto-creation request for Set(baseline-auto-topic-0419) to the active controller. (kafka.server.DefaultAutoTopicCreationManager)
[2026-03-09 17:27:34,179] INFO [ReplicaFetcherManager on broker 1] Removed fetcher for partitions Set(baseline-auto-topic-0419-0) (kafka.server.ReplicaFetcherManager)
[2026-03-09 17:27:34,184] INFO [LogLoader partition=baseline-auto-topic-0419-0, dir=/tmp/kraft-combined-logs] Loading producer state till offset 0 (org.apache.kafka.storage.internals.log.UnifiedLog)
[2026-03-09 17:27:34,184] INFO Created log for partition baseline-auto-topic-0419-0 in /tmp/kraft-combined-logs/baseline-auto-topic-0419-0 with properties {} (kafka.log.LogManager)
[2026-03-09 17:27:34,185] INFO [Partition baseline-auto-topic-0419-0 broker=1] No checkpointed highwatermark is found for partition baseline-auto-topic-0419-0 (kafka.cluster.Partition)
[2026-03-09 17:27:34,185] INFO [Partition baseline-auto-topic-0419-0 broker=1] Log loaded for partition baseline-auto-topic-0419-0 with initial high watermark 0 (kafka.cluster.Partition)
[2026-03-09 17:27:34,386] INFO Sent auto-creation request for Set(baseline-auto-topic-0420) to the active controller. (kafka.server.DefaultAutoTopicCreationManager)
[2026-03-09 17:27:34,415] INFO [ReplicaFetcherManager on broker 1] Removed fetcher for partitions Set(baseline-auto-topic-0420-0) (kafka.server.ReplicaFetcherManager)
[2026-03-09 17:27:34,421] INFO [LogLoader partition=baseline-auto-topic-0420-0, dir=/tmp/kraft-combined-logs] Loading producer state till offset 0 (org.apache.kafka.storage.internals.log.UnifiedLog)
[2026-03-09 17:27:34,421] INFO Created log for partition baseline-auto-topic-0420-0 in /tmp/kraft-combined-logs/baseline-auto-topic-0420-0 with properties {} (kafka.log.LogManager)
[2026-03-09 17:27:34,421] INFO [Partition baseline-auto-topic-0420-0 broker=1] No checkpointed highwatermark is found for partition baseline-auto-topic-0420-0 (kafka.cluster.Partition)
[2026-03-09 17:27:34,421] INFO [Partition baseline-auto-topic-0420-0 broker=1] Log loaded for partition baseline-auto-topic-0420-0 with initial high watermark 0 (kafka.cluster.Partition)
[2026-03-09 17:27:34,621] INFO Sent auto-creation request for Set(baseline-auto-topic-0421) to the active controller. (kafka.server.DefaultAutoTopicCreationManager)
[2026-03-09 17:27:34,650] INFO [ReplicaFetcherManager on broker 1] Removed fetcher for partitions Set(baseline-auto-topic-0421-0) (kafka.server.ReplicaFetcherManager)
[2026-03-09 17:27:34,655] INFO [LogLoader partition=baseline-auto-topic-0421-0, dir=/tmp/kraft-combined-logs] Loading producer state till offset 0 (org.apache.kafka.storage.internals.log.UnifiedLog)
[2026-03-09 17:27:34,656] INFO Created log for partition baseline-auto-topic-0421-0 in /tmp/kraft-combined-logs/baseline-auto-topic-0421-0 with properties {} (kafka.log.LogManager)
[2026-03-09 17:27:34,656] INFO [Partition baseline-auto-topic-0421-0 broker=1] No checkpointed highwatermark is found for partition baseline-auto-topic-0421-0 (kafka.cluster.Partition)
[2026-03-09 17:27:34,656] INFO [Partition baseline-auto-topic-0421-0 broker=1] Log loaded for partition baseline-auto-topic-0421-0 with initial high watermark 0 (kafka.cluster.Partition)
[2026-03-09 17:27:34,858] INFO Sent auto-creation request for Set(baseline-auto-topic-0422) to the active controller. (kafka.server.DefaultAutoTopicCreationManager)
[2026-03-09 17:27:34,889] INFO [ReplicaFetcherManager on broker 1] Removed fetcher for partitions Set(baseline-auto-topic-0422-0) (kafka.server.ReplicaFetcherManager)
[2026-03-09 17:27:34,895] INFO [LogLoader partition=baseline-auto-topic-0422-0, dir=/tmp/kraft-combined-logs] Loading producer state till offset 0 (org.apache.kafka.storage.internals.log.UnifiedLog)
[2026-03-09 17:27:34,895] INFO Created log for partition baseline-auto-topic-0422-0 in /tmp/kraft-combined-logs/baseline-auto-topic-0422-0 with properties {} (kafka.log.LogManager)
[2026-03-09 17:27:34,895] INFO [Partition baseline-auto-topic-0422-0 broker=1] No checkpointed highwatermark is found for partition baseline-auto-topic-0422-0 (kafka.cluster.Partition)
[2026-03-09 17:27:34,895] INFO [Partition baseline-auto-topic-0422-0 broker=1] Log loaded for partition baseline-auto-topic-0422-0 with initial high watermark 0 (kafka.cluster.Partition)
[2026-03-09 17:27:35,091] INFO Sent auto-creation request for Set(baseline-auto-topic-0423) to the active controller. (kafka.server.DefaultAutoTopicCreationManager)
[2026-03-09 17:27:35,123] INFO [ReplicaFetcherManager on broker 1] Removed fetcher for partitions Set(baseline-auto-topic-0423-0) (kafka.server.ReplicaFetcherManager)
[2026-03-09 17:27:35,128] INFO [LogLoader partition=baseline-auto-topic-0423-0, dir=/tmp/kraft-combined-logs] Loading producer state till offset 0 (org.apache.kafka.storage.internals.log.UnifiedLog)
[2026-03-09 17:27:35,128] INFO Created log for partition baseline-auto-topic-0423-0 in /tmp/kraft-combined-logs/baseline-auto-topic-0423-0 with properties {} (kafka.log.LogManager)
[2026-03-09 17:27:35,129] INFO [Partition baseline-auto-topic-0423-0 broker=1] No checkpointed highwatermark is found for partition baseline-auto-topic-0423-0 (kafka.cluster.Partition)
[2026-03-09 17:27:35,129] INFO [Partition baseline-auto-topic-0423-0 broker=1] Log loaded for partition baseline-auto-topic-0423-0 with initial high watermark 0 (kafka.cluster.Partition)
[2026-03-09 17:27:35,329] INFO Sent auto-creation request for Set(baseline-auto-topic-0424) to the active controller. (kafka.server.DefaultAutoTopicCreationManager)
[2026-03-09 17:27:35,361] INFO [ReplicaFetcherManager on broker 1] Removed fetcher for partitions Set(baseline-auto-topic-0424-0) (kafka.server.ReplicaFetcherManager)
[2026-03-09 17:27:35,366] INFO [LogLoader partition=baseline-auto-topic-0424-0, dir=/tmp/kraft-combined-logs] Loading producer state till offset 0 (org.apache.kafka.storage.internals.log.UnifiedLog)
[2026-03-09 17:27:35,366] INFO Created log for partition baseline-auto-topic-0424-0 in /tmp/kraft-combined-logs/baseline-auto-topic-0424-0 with properties {} (kafka.log.LogManager)
[2026-03-09 17:27:35,367] INFO [Partition baseline-auto-topic-0424-0 broker=1] No checkpointed highwatermark is found for partition baseline-auto-topic-0424-0 (kafka.cluster.Partition)
[2026-03-09 17:27:35,367] INFO [Partition baseline-auto-topic-0424-0 broker=1] Log loaded for partition baseline-auto-topic-0424-0 with initial high watermark 0 (kafka.cluster.Partition)
[2026-03-09 17:27:35,566] INFO Sent auto-creation request for Set(baseline-auto-topic-0425) to the active controller. (kafka.server.DefaultAutoTopicCreationManager)
[2026-03-09 17:27:35,596] INFO [ReplicaFetcherManager on broker 1] Removed fetcher for partitions Set(baseline-auto-topic-0425-0) (kafka.server.ReplicaFetcherManager)
[2026-03-09 17:27:35,601] INFO [LogLoader partition=baseline-auto-topic-0425-0, dir=/tmp/kraft-combined-logs] Loading producer state till offset 0 (org.apache.kafka.storage.internals.log.UnifiedLog)
[2026-03-09 17:27:35,601] INFO Created log for partition baseline-auto-topic-0425-0 in /tmp/kraft-combined-logs/baseline-auto-topic-0425-0 with properties {} (kafka.log.LogManager)
[2026-03-09 17:27:35,601] INFO [Partition baseline-auto-topic-0425-0 broker=1] No checkpointed highwatermark is found for partition baseline-auto-topic-0425-0 (kafka.cluster.Partition)
[2026-03-09 17:27:35,602] INFO [Partition baseline-auto-topic-0425-0 broker=1] Log loaded for partition baseline-auto-topic-0425-0 with initial high watermark 0 (kafka.cluster.Partition)
[2026-03-09 17:27:35,801] INFO Sent auto-creation request for Set(baseline-auto-topic-0426) to the active controller. (kafka.server.DefaultAutoTopicCreationManager)
[2026-03-09 17:27:35,830] INFO [ReplicaFetcherManager on broker 1] Removed fetcher for partitions Set(baseline-auto-topic-0426-0) (kafka.server.ReplicaFetcherManager)
[2026-03-09 17:27:35,836] INFO [LogLoader partition=baseline-auto-topic-0426-0, dir=/tmp/kraft-combined-logs] Loading producer state till offset 0 (org.apache.kafka.storage.internals.log.UnifiedLog)
[2026-03-09 17:27:35,836] INFO Created log for partition baseline-auto-topic-0426-0 in /tmp/kraft-combined-logs/baseline-auto-topic-0426-0 with properties {} (kafka.log.LogManager)
[2026-03-09 17:27:35,836] INFO [Partition baseline-auto-topic-0426-0 broker=1] No checkpointed highwatermark is found for partition baseline-auto-topic-0426-0 (kafka.cluster.Partition)
[2026-03-09 17:27:35,836] INFO [Partition baseline-auto-topic-0426-0 broker=1] Log loaded for partition baseline-auto-topic-0426-0 with initial high watermark 0 (kafka.cluster.Partition)
[2026-03-09 17:27:36,034] INFO Sent auto-creation request for Set(baseline-auto-topic-0427) to the active controller. (kafka.server.DefaultAutoTopicCreationManager)
[2026-03-09 17:27:36,065] INFO [ReplicaFetcherManager on broker 1] Removed fetcher for partitions Set(baseline-auto-topic-0427-0) (kafka.server.ReplicaFetcherManager)
[2026-03-09 17:27:36,071] INFO [LogLoader partition=baseline-auto-topic-0427-0, dir=/tmp/kraft-combined-logs] Loading producer state till offset 0 (org.apache.kafka.storage.internals.log.UnifiedLog)
[2026-03-09 17:27:36,071] INFO Created log for partition baseline-auto-topic-0427-0 in /tmp/kraft-combined-logs/baseline-auto-topic-0427-0 with properties {} (kafka.log.LogManager)
[2026-03-09 17:27:36,071] INFO [Partition baseline-auto-topic-0427-0 broker=1] No checkpointed highwatermark is found for partition baseline-auto-topic-0427-0 (kafka.cluster.Partition)
[2026-03-09 17:27:36,072] INFO [Partition baseline-auto-topic-0427-0 broker=1] Log loaded for partition baseline-auto-topic-0427-0 with initial high watermark 0 (kafka.cluster.Partition)
[2026-03-09 17:27:36,271] INFO Sent auto-creation request for Set(baseline-auto-topic-0428) to the active controller. (kafka.server.DefaultAutoTopicCreationManager)
[2026-03-09 17:27:36,302] INFO [ReplicaFetcherManager on broker 1] Removed fetcher for partitions Set(baseline-auto-topic-0428-0) (kafka.server.ReplicaFetcherManager)
[2026-03-09 17:27:36,308] INFO [LogLoader partition=baseline-auto-topic-0428-0, dir=/tmp/kraft-combined-logs] Loading producer state till offset 0 (org.apache.kafka.storage.internals.log.UnifiedLog)
[2026-03-09 17:27:36,308] INFO Created log for partition baseline-auto-topic-0428-0 in /tmp/kraft-combined-logs/baseline-auto-topic-0428-0 with properties {} (kafka.log.LogManager)
[2026-03-09 17:27:36,308] INFO [Partition baseline-auto-topic-0428-0 broker=1] No checkpointed highwatermark is found for partition baseline-auto-topic-0428-0 (kafka.cluster.Partition)
[2026-03-09 17:27:36,308] INFO [Partition baseline-auto-topic-0428-0 broker=1] Log loaded for partition baseline-auto-topic-0428-0 with initial high watermark 0 (kafka.cluster.Partition)
[2026-03-09 17:27:36,507] INFO Sent auto-creation request for Set(baseline-auto-topic-0429) to the active controller. (kafka.server.DefaultAutoTopicCreationManager)
[2026-03-09 17:27:36,537] INFO [ReplicaFetcherManager on broker 1] Removed fetcher for partitions Set(baseline-auto-topic-0429-0) (kafka.server.ReplicaFetcherManager)
[2026-03-09 17:27:36,542] INFO [LogLoader partition=baseline-auto-topic-0429-0, dir=/tmp/kraft-combined-logs] Loading producer state till offset 0 (org.apache.kafka.storage.internals.log.UnifiedLog)
[2026-03-09 17:27:36,543] INFO Created log for partition baseline-auto-topic-0429-0 in /tmp/kraft-combined-logs/baseline-auto-topic-0429-0 with properties {} (kafka.log.LogManager)
[2026-03-09 17:27:36,543] INFO [Partition baseline-auto-topic-0429-0 broker=1] No checkpointed highwatermark is found for partition baseline-auto-topic-0429-0 (kafka.cluster.Partition)
[2026-03-09 17:27:36,543] INFO [Partition baseline-auto-topic-0429-0 broker=1] Log loaded for partition baseline-auto-topic-0429-0 with initial high watermark 0 (kafka.cluster.Partition)
[2026-03-09 17:27:36,743] INFO Sent auto-creation request for Set(baseline-auto-topic-0430) to the active controller. (kafka.server.DefaultAutoTopicCreationManager)
[2026-03-09 17:27:36,775] INFO [ReplicaFetcherManager on broker 1] Removed fetcher for partitions Set(baseline-auto-topic-0430-0) (kafka.server.ReplicaFetcherManager)
[2026-03-09 17:27:36,779] INFO [LogLoader partition=baseline-auto-topic-0430-0, dir=/tmp/kraft-combined-logs] Loading producer state till offset 0 (org.apache.kafka.storage.internals.log.UnifiedLog)
[2026-03-09 17:27:36,780] INFO Created log for partition baseline-auto-topic-0430-0 in /tmp/kraft-combined-logs/baseline-auto-topic-0430-0 with properties {} (kafka.log.LogManager)
[2026-03-09 17:27:36,780] INFO [Partition baseline-auto-topic-0430-0 broker=1] No checkpointed highwatermark is found for partition baseline-auto-topic-0430-0 (kafka.cluster.Partition)
[2026-03-09 17:27:36,780] INFO [Partition baseline-auto-topic-0430-0 broker=1] Log loaded for partition baseline-auto-topic-0430-0 with initial high watermark 0 (kafka.cluster.Partition)
[2026-03-09 17:27:36,981] INFO Sent auto-creation request for Set(baseline-auto-topic-0431) to the active controller. (kafka.server.DefaultAutoTopicCreationManager)
[2026-03-09 17:27:37,013] INFO [ReplicaFetcherManager on broker 1] Removed fetcher for partitions Set(baseline-auto-topic-0431-0) (kafka.server.ReplicaFetcherManager)
[2026-03-09 17:27:37,018] INFO [LogLoader partition=baseline-auto-topic-0431-0, dir=/tmp/kraft-combined-logs] Loading producer state till offset 0 (org.apache.kafka.storage.internals.log.UnifiedLog)
[2026-03-09 17:27:37,019] INFO Created log for partition baseline-auto-topic-0431-0 in /tmp/kraft-combined-logs/baseline-auto-topic-0431-0 with properties {} (kafka.log.LogManager)
[2026-03-09 17:27:37,019] INFO [Partition baseline-auto-topic-0431-0 broker=1] No checkpointed highwatermark is found for partition baseline-auto-topic-0431-0 (kafka.cluster.Partition)
[2026-03-09 17:27:37,019] INFO [Partition baseline-auto-topic-0431-0 broker=1] Log loaded for partition baseline-auto-topic-0431-0 with initial high watermark 0 (kafka.cluster.Partition)
[2026-03-09 17:27:37,219] INFO Sent auto-creation request for Set(baseline-auto-topic-0432) to the active controller. (kafka.server.DefaultAutoTopicCreationManager)
[2026-03-09 17:27:37,249] INFO [ReplicaFetcherManager on broker 1] Removed fetcher for partitions Set(baseline-auto-topic-0432-0) (kafka.server.ReplicaFetcherManager)
[2026-03-09 17:27:37,254] INFO [LogLoader partition=baseline-auto-topic-0432-0, dir=/tmp/kraft-combined-logs] Loading producer state till offset 0 (org.apache.kafka.storage.internals.log.UnifiedLog)
[2026-03-09 17:27:37,255] INFO Created log for partition baseline-auto-topic-0432-0 in /tmp/kraft-combined-logs/baseline-auto-topic-0432-0 with properties {} (kafka.log.LogManager)
[2026-03-09 17:27:37,255] INFO [Partition baseline-auto-topic-0432-0 broker=1] No checkpointed highwatermark is found for partition baseline-auto-topic-0432-0 (kafka.cluster.Partition)
[2026-03-09 17:27:37,255] INFO [Partition baseline-auto-topic-0432-0 broker=1] Log loaded for partition baseline-auto-topic-0432-0 with initial high watermark 0 (kafka.cluster.Partition)
[2026-03-09 17:27:37,452] INFO Sent auto-creation request for Set(baseline-auto-topic-0433) to the active controller. (kafka.server.DefaultAutoTopicCreationManager)
[2026-03-09 17:27:37,484] INFO [ReplicaFetcherManager on broker 1] Removed fetcher for partitions Set(baseline-auto-topic-0433-0) (kafka.server.ReplicaFetcherManager)
[2026-03-09 17:27:37,488] INFO [LogLoader partition=baseline-auto-topic-0433-0, dir=/tmp/kraft-combined-logs] Loading producer state till offset 0 (org.apache.kafka.storage.internals.log.UnifiedLog)
[2026-03-09 17:27:37,488] INFO Created log for partition baseline-auto-topic-0433-0 in /tmp/kraft-combined-logs/baseline-auto-topic-0433-0 with properties {} (kafka.log.LogManager)
[2026-03-09 17:27:37,488] INFO [Partition baseline-auto-topic-0433-0 broker=1] No checkpointed highwatermark is found for partition baseline-auto-topic-0433-0 (kafka.cluster.Partition)
[2026-03-09 17:27:37,488] INFO [Partition baseline-auto-topic-0433-0 broker=1] Log loaded for partition baseline-auto-topic-0433-0 with initial high watermark 0 (kafka.cluster.Partition)
[2026-03-09 17:27:37,701] INFO Sent auto-creation request for Set(baseline-auto-topic-0434) to the active controller. (kafka.server.DefaultAutoTopicCreationManager)
[2026-03-09 17:27:37,730] INFO [ReplicaFetcherManager on broker 1] Removed fetcher for partitions Set(baseline-auto-topic-0434-0) (kafka.server.ReplicaFetcherManager)
[2026-03-09 17:27:37,736] INFO [LogLoader partition=baseline-auto-topic-0434-0, dir=/tmp/kraft-combined-logs] Loading producer state till offset 0 (org.apache.kafka.storage.internals.log.UnifiedLog)
[2026-03-09 17:27:37,736] INFO Created log for partition baseline-auto-topic-0434-0 in /tmp/kraft-combined-logs/baseline-auto-topic-0434-0 with properties {} (kafka.log.LogManager)
[2026-03-09 17:27:37,736] INFO [Partition baseline-auto-topic-0434-0 broker=1] No checkpointed highwatermark is found for partition baseline-auto-topic-0434-0 (kafka.cluster.Partition)
[2026-03-09 17:27:37,736] INFO [Partition baseline-auto-topic-0434-0 broker=1] Log loaded for partition baseline-auto-topic-0434-0 with initial high watermark 0 (kafka.cluster.Partition)
[2026-03-09 17:27:37,926] INFO Sent auto-creation request for Set(baseline-auto-topic-0435) to the active controller. (kafka.server.DefaultAutoTopicCreationManager)
[2026-03-09 17:27:37,957] INFO [ReplicaFetcherManager on broker 1] Removed fetcher for partitions Set(baseline-auto-topic-0435-0) (kafka.server.ReplicaFetcherManager)
[2026-03-09 17:27:37,962] INFO [LogLoader partition=baseline-auto-topic-0435-0, dir=/tmp/kraft-combined-logs] Loading producer state till offset 0 (org.apache.kafka.storage.internals.log.UnifiedLog)
[2026-03-09 17:27:37,962] INFO Created log for partition baseline-auto-topic-0435-0 in /tmp/kraft-combined-logs/baseline-auto-topic-0435-0 with properties {} (kafka.log.LogManager)
[2026-03-09 17:27:37,962] INFO [Partition baseline-auto-topic-0435-0 broker=1] No checkpointed highwatermark is found for partition baseline-auto-topic-0435-0 (kafka.cluster.Partition)
[2026-03-09 17:27:37,962] INFO [Partition baseline-auto-topic-0435-0 broker=1] Log loaded for partition baseline-auto-topic-0435-0 with initial high watermark 0 (kafka.cluster.Partition)
[2026-03-09 17:27:38,156] INFO Sent auto-creation request for Set(baseline-auto-topic-0436) to the active controller. (kafka.server.DefaultAutoTopicCreationManager)
[2026-03-09 17:27:38,188] INFO [ReplicaFetcherManager on broker 1] Removed fetcher for partitions Set(baseline-auto-topic-0436-0) (kafka.server.ReplicaFetcherManager)
[2026-03-09 17:27:38,193] INFO [LogLoader partition=baseline-auto-topic-0436-0, dir=/tmp/kraft-combined-logs] Loading producer state till offset 0 (org.apache.kafka.storage.internals.log.UnifiedLog)
[2026-03-09 17:27:38,193] INFO Created log for partition baseline-auto-topic-0436-0 in /tmp/kraft-combined-logs/baseline-auto-topic-0436-0 with properties {} (kafka.log.LogManager)
[2026-03-09 17:27:38,194] INFO [Partition baseline-auto-topic-0436-0 broker=1] No checkpointed highwatermark is found for partition baseline-auto-topic-0436-0 (kafka.cluster.Partition)
[2026-03-09 17:27:38,194] INFO [Partition baseline-auto-topic-0436-0 broker=1] Log loaded for partition baseline-auto-topic-0436-0 with initial high watermark 0 (kafka.cluster.Partition)
[2026-03-09 17:27:38,384] INFO Sent auto-creation request for Set(baseline-auto-topic-0437) to the active controller. (kafka.server.DefaultAutoTopicCreationManager)
[2026-03-09 17:27:38,411] INFO [ReplicaFetcherManager on broker 1] Removed fetcher for partitions Set(baseline-auto-topic-0437-0) (kafka.server.ReplicaFetcherManager)
[2026-03-09 17:27:38,414] INFO [LogLoader partition=baseline-auto-topic-0437-0, dir=/tmp/kraft-combined-logs] Loading producer state till offset 0 (org.apache.kafka.storage.internals.log.UnifiedLog)
[2026-03-09 17:27:38,415] INFO Created log for partition baseline-auto-topic-0437-0 in /tmp/kraft-combined-logs/baseline-auto-topic-0437-0 with properties {} (kafka.log.LogManager)
[2026-03-09 17:27:38,415] INFO [Partition baseline-auto-topic-0437-0 broker=1] No checkpointed highwatermark is found for partition baseline-auto-topic-0437-0 (kafka.cluster.Partition)
[2026-03-09 17:27:38,415] INFO [Partition baseline-auto-topic-0437-0 broker=1] Log loaded for partition baseline-auto-topic-0437-0 with initial high watermark 0 (kafka.cluster.Partition)
[2026-03-09 17:27:38,611] INFO Sent auto-creation request for Set(baseline-auto-topic-0438) to the active controller. (kafka.server.DefaultAutoTopicCreationManager)
[2026-03-09 17:27:38,643] INFO [ReplicaFetcherManager on broker 1] Removed fetcher for partitions Set(baseline-auto-topic-0438-0) (kafka.server.ReplicaFetcherManager)
[2026-03-09 17:27:38,647] INFO [LogLoader partition=baseline-auto-topic-0438-0, dir=/tmp/kraft-combined-logs] Loading producer state till offset 0 (org.apache.kafka.storage.internals.log.UnifiedLog)
[2026-03-09 17:27:38,647] INFO Created log for partition baseline-auto-topic-0438-0 in /tmp/kraft-combined-logs/baseline-auto-topic-0438-0 with properties {} (kafka.log.LogManager)
[2026-03-09 17:27:38,647] INFO [Partition baseline-auto-topic-0438-0 broker=1] No checkpointed highwatermark is found for partition baseline-auto-topic-0438-0 (kafka.cluster.Partition)
[2026-03-09 17:27:38,647] INFO [Partition baseline-auto-topic-0438-0 broker=1] Log loaded for partition baseline-auto-topic-0438-0 with initial high watermark 0 (kafka.cluster.Partition)
[2026-03-09 17:27:38,854] INFO Sent auto-creation request for Set(baseline-auto-topic-0439) to the active controller. (kafka.server.DefaultAutoTopicCreationManager)
[2026-03-09 17:27:38,889] INFO [ReplicaFetcherManager on broker 1] Removed fetcher for partitions Set(baseline-auto-topic-0439-0) (kafka.server.ReplicaFetcherManager)
[2026-03-09 17:27:38,894] INFO [LogLoader partition=baseline-auto-topic-0439-0, dir=/tmp/kraft-combined-logs] Loading producer state till offset 0 (org.apache.kafka.storage.internals.log.UnifiedLog)
[2026-03-09 17:27:38,894] INFO Created log for partition baseline-auto-topic-0439-0 in /tmp/kraft-combined-logs/baseline-auto-topic-0439-0 with properties {} (kafka.log.LogManager)
[2026-03-09 17:27:38,894] INFO [Partition baseline-auto-topic-0439-0 broker=1] No checkpointed highwatermark is found for partition baseline-auto-topic-0439-0 (kafka.cluster.Partition)
[2026-03-09 17:27:38,894] INFO [Partition baseline-auto-topic-0439-0 broker=1] Log loaded for partition baseline-auto-topic-0439-0 with initial high watermark 0 (kafka.cluster.Partition)
[2026-03-09 17:27:39,085] INFO Sent auto-creation request for Set(baseline-auto-topic-0440) to the active controller. (kafka.server.DefaultAutoTopicCreationManager)
[2026-03-09 17:27:39,116] INFO [ReplicaFetcherManager on broker 1] Removed fetcher for partitions Set(baseline-auto-topic-0440-0) (kafka.server.ReplicaFetcherManager)
[2026-03-09 17:27:39,123] INFO [LogLoader partition=baseline-auto-topic-0440-0, dir=/tmp/kraft-combined-logs] Loading producer state till offset 0 (org.apache.kafka.storage.internals.log.UnifiedLog)
[2026-03-09 17:27:39,123] INFO Created log for partition baseline-auto-topic-0440-0 in /tmp/kraft-combined-logs/baseline-auto-topic-0440-0 with properties {} (kafka.log.LogManager)
[2026-03-09 17:27:39,123] INFO [Partition baseline-auto-topic-0440-0 broker=1] No checkpointed highwatermark is found for partition baseline-auto-topic-0440-0 (kafka.cluster.Partition)
[2026-03-09 17:27:39,123] INFO [Partition baseline-auto-topic-0440-0 broker=1] Log loaded for partition baseline-auto-topic-0440-0 with initial high watermark 0 (kafka.cluster.Partition)
[2026-03-09 17:27:39,319] INFO Sent auto-creation request for Set(baseline-auto-topic-0441) to the active controller. (kafka.server.DefaultAutoTopicCreationManager)
[2026-03-09 17:27:39,348] INFO [ReplicaFetcherManager on broker 1] Removed fetcher for partitions Set(baseline-auto-topic-0441-0) (kafka.server.ReplicaFetcherManager)
[2026-03-09 17:27:39,353] INFO [LogLoader partition=baseline-auto-topic-0441-0, dir=/tmp/kraft-combined-logs] Loading producer state till offset 0 (org.apache.kafka.storage.internals.log.UnifiedLog)
[2026-03-09 17:27:39,353] INFO Created log for partition baseline-auto-topic-0441-0 in /tmp/kraft-combined-logs/baseline-auto-topic-0441-0 with properties {} (kafka.log.LogManager)
[2026-03-09 17:27:39,353] INFO [Partition baseline-auto-topic-0441-0 broker=1] No checkpointed highwatermark is found for partition baseline-auto-topic-0441-0 (kafka.cluster.Partition)
[2026-03-09 17:27:39,354] INFO [Partition baseline-auto-topic-0441-0 broker=1] Log loaded for partition baseline-auto-topic-0441-0 with initial high watermark 0 (kafka.cluster.Partition)
[2026-03-09 17:27:39,558] INFO Sent auto-creation request for Set(baseline-auto-topic-0442) to the active controller. (kafka.server.DefaultAutoTopicCreationManager)
[2026-03-09 17:27:39,590] INFO [ReplicaFetcherManager on broker 1] Removed fetcher for partitions Set(baseline-auto-topic-0442-0) (kafka.server.ReplicaFetcherManager)
[2026-03-09 17:27:39,593] INFO [LogLoader partition=baseline-auto-topic-0442-0, dir=/tmp/kraft-combined-logs] Loading producer state till offset 0 (org.apache.kafka.storage.internals.log.UnifiedLog)
[2026-03-09 17:27:39,593] INFO Created log for partition baseline-auto-topic-0442-0 in /tmp/kraft-combined-logs/baseline-auto-topic-0442-0 with properties {} (kafka.log.LogManager)
[2026-03-09 17:27:39,594] INFO [Partition baseline-auto-topic-0442-0 broker=1] No checkpointed highwatermark is found for partition baseline-auto-topic-0442-0 (kafka.cluster.Partition)
[2026-03-09 17:27:39,594] INFO [Partition baseline-auto-topic-0442-0 broker=1] Log loaded for partition baseline-auto-topic-0442-0 with initial high watermark 0 (kafka.cluster.Partition)
[2026-03-09 17:27:39,796] INFO Sent auto-creation request for Set(baseline-auto-topic-0443) to the active controller. (kafka.server.DefaultAutoTopicCreationManager)
[2026-03-09 17:27:39,826] INFO [ReplicaFetcherManager on broker 1] Removed fetcher for partitions Set(baseline-auto-topic-0443-0) (kafka.server.ReplicaFetcherManager)
[2026-03-09 17:27:39,831] INFO [LogLoader partition=baseline-auto-topic-0443-0, dir=/tmp/kraft-combined-logs] Loading producer state till offset 0 (org.apache.kafka.storage.internals.log.UnifiedLog)
[2026-03-09 17:27:39,831] INFO Created log for partition baseline-auto-topic-0443-0 in /tmp/kraft-combined-logs/baseline-auto-topic-0443-0 with properties {} (kafka.log.LogManager)
[2026-03-09 17:27:39,832] INFO [Partition baseline-auto-topic-0443-0 broker=1] No checkpointed highwatermark is found for partition baseline-auto-topic-0443-0 (kafka.cluster.Partition)
[2026-03-09 17:27:39,832] INFO [Partition baseline-auto-topic-0443-0 broker=1] Log loaded for partition baseline-auto-topic-0443-0 with initial high watermark 0 (kafka.cluster.Partition)
[2026-03-09 17:27:40,030] INFO Sent auto-creation request for Set(baseline-auto-topic-0444) to the active controller. (kafka.server.DefaultAutoTopicCreationManager)
[2026-03-09 17:27:40,062] INFO [ReplicaFetcherManager on broker 1] Removed fetcher for partitions Set(baseline-auto-topic-0444-0) (kafka.server.ReplicaFetcherManager)
[2026-03-09 17:27:40,067] INFO [LogLoader partition=baseline-auto-topic-0444-0, dir=/tmp/kraft-combined-logs] Loading producer state till offset 0 (org.apache.kafka.storage.internals.log.UnifiedLog)
[2026-03-09 17:27:40,068] INFO Created log for partition baseline-auto-topic-0444-0 in /tmp/kraft-combined-logs/baseline-auto-topic-0444-0 with properties {} (kafka.log.LogManager)
[2026-03-09 17:27:40,068] INFO [Partition baseline-auto-topic-0444-0 broker=1] No checkpointed highwatermark is found for partition baseline-auto-topic-0444-0 (kafka.cluster.Partition)
[2026-03-09 17:27:40,068] INFO [Partition baseline-auto-topic-0444-0 broker=1] Log loaded for partition baseline-auto-topic-0444-0 with initial high watermark 0 (kafka.cluster.Partition)
[2026-03-09 17:27:40,268] INFO Sent auto-creation request for Set(baseline-auto-topic-0445) to the active controller. (kafka.server.DefaultAutoTopicCreationManager)
[2026-03-09 17:27:40,300] INFO [ReplicaFetcherManager on broker 1] Removed fetcher for partitions Set(baseline-auto-topic-0445-0) (kafka.server.ReplicaFetcherManager)
[2026-03-09 17:27:40,306] INFO [LogLoader partition=baseline-auto-topic-0445-0, dir=/tmp/kraft-combined-logs] Loading producer state till offset 0 (org.apache.kafka.storage.internals.log.UnifiedLog)
[2026-03-09 17:27:40,306] INFO Created log for partition baseline-auto-topic-0445-0 in /tmp/kraft-combined-logs/baseline-auto-topic-0445-0 with properties {} (kafka.log.LogManager)
[2026-03-09 17:27:40,306] INFO [Partition baseline-auto-topic-0445-0 broker=1] No checkpointed highwatermark is found for partition baseline-auto-topic-0445-0 (kafka.cluster.Partition)
[2026-03-09 17:27:40,306] INFO [Partition baseline-auto-topic-0445-0 broker=1] Log loaded for partition baseline-auto-topic-0445-0 with initial high watermark 0 (kafka.cluster.Partition)
[2026-03-09 17:27:40,503] INFO Sent auto-creation request for Set(baseline-auto-topic-0446) to the active controller. (kafka.server.DefaultAutoTopicCreationManager)
[2026-03-09 17:27:40,532] INFO [ReplicaFetcherManager on broker 1] Removed fetcher for partitions Set(baseline-auto-topic-0446-0) (kafka.server.ReplicaFetcherManager)
[2026-03-09 17:27:40,537] INFO [LogLoader partition=baseline-auto-topic-0446-0, dir=/tmp/kraft-combined-logs] Loading producer state till offset 0 (org.apache.kafka.storage.internals.log.UnifiedLog)
[2026-03-09 17:27:40,537] INFO Created log for partition baseline-auto-topic-0446-0 in /tmp/kraft-combined-logs/baseline-auto-topic-0446-0 with properties {} (kafka.log.LogManager)
[2026-03-09 17:27:40,538] INFO [Partition baseline-auto-topic-0446-0 broker=1] No checkpointed highwatermark is found for partition baseline-auto-topic-0446-0 (kafka.cluster.Partition)
[2026-03-09 17:27:40,538] INFO [Partition baseline-auto-topic-0446-0 broker=1] Log loaded for partition baseline-auto-topic-0446-0 with initial high watermark 0 (kafka.cluster.Partition)
[2026-03-09 17:27:40,724] INFO Sent auto-creation request for Set(baseline-auto-topic-0447) to the active controller. (kafka.server.DefaultAutoTopicCreationManager)
[2026-03-09 17:27:40,753] INFO [ReplicaFetcherManager on broker 1] Removed fetcher for partitions Set(baseline-auto-topic-0447-0) (kafka.server.ReplicaFetcherManager)
[2026-03-09 17:27:40,757] INFO [LogLoader partition=baseline-auto-topic-0447-0, dir=/tmp/kraft-combined-logs] Loading producer state till offset 0 (org.apache.kafka.storage.internals.log.UnifiedLog)
[2026-03-09 17:27:40,757] INFO Created log for partition baseline-auto-topic-0447-0 in /tmp/kraft-combined-logs/baseline-auto-topic-0447-0 with properties {} (kafka.log.LogManager)
[2026-03-09 17:27:40,757] INFO [Partition baseline-auto-topic-0447-0 broker=1] No checkpointed highwatermark is found for partition baseline-auto-topic-0447-0 (kafka.cluster.Partition)
[2026-03-09 17:27:40,757] INFO [Partition baseline-auto-topic-0447-0 broker=1] Log loaded for partition baseline-auto-topic-0447-0 with initial high watermark 0 (kafka.cluster.Partition)
[2026-03-09 17:27:40,949] INFO Sent auto-creation request for Set(baseline-auto-topic-0448) to the active controller. (kafka.server.DefaultAutoTopicCreationManager)
[2026-03-09 17:27:40,980] INFO [ReplicaFetcherManager on broker 1] Removed fetcher for partitions Set(baseline-auto-topic-0448-0) (kafka.server.ReplicaFetcherManager)
[2026-03-09 17:27:40,985] INFO [LogLoader partition=baseline-auto-topic-0448-0, dir=/tmp/kraft-combined-logs] Loading producer state till offset 0 (org.apache.kafka.storage.internals.log.UnifiedLog)
[2026-03-09 17:27:40,985] INFO Created log for partition baseline-auto-topic-0448-0 in /tmp/kraft-combined-logs/baseline-auto-topic-0448-0 with properties {} (kafka.log.LogManager)
[2026-03-09 17:27:40,985] INFO [Partition baseline-auto-topic-0448-0 broker=1] No checkpointed highwatermark is found for partition baseline-auto-topic-0448-0 (kafka.cluster.Partition)
[2026-03-09 17:27:40,985] INFO [Partition baseline-auto-topic-0448-0 broker=1] Log loaded for partition baseline-auto-topic-0448-0 with initial high watermark 0 (kafka.cluster.Partition)
[2026-03-09 17:27:41,199] INFO Sent auto-creation request for Set(baseline-auto-topic-0449) to the active controller. (kafka.server.DefaultAutoTopicCreationManager)
[2026-03-09 17:27:41,227] INFO [ReplicaFetcherManager on broker 1] Removed fetcher for partitions Set(baseline-auto-topic-0449-0) (kafka.server.ReplicaFetcherManager)
[2026-03-09 17:27:41,231] INFO [LogLoader partition=baseline-auto-topic-0449-0, dir=/tmp/kraft-combined-logs] Loading producer state till offset 0 (org.apache.kafka.storage.internals.log.UnifiedLog)
[2026-03-09 17:27:41,231] INFO Created log for partition baseline-auto-topic-0449-0 in /tmp/kraft-combined-logs/baseline-auto-topic-0449-0 with properties {} (kafka.log.LogManager)
[2026-03-09 17:27:41,232] INFO [Partition baseline-auto-topic-0449-0 broker=1] No checkpointed highwatermark is found for partition baseline-auto-topic-0449-0 (kafka.cluster.Partition)
[2026-03-09 17:27:41,232] INFO [Partition baseline-auto-topic-0449-0 broker=1] Log loaded for partition baseline-auto-topic-0449-0 with initial high watermark 0 (kafka.cluster.Partition)
[2026-03-09 17:27:41,437] INFO Sent auto-creation request for Set(baseline-auto-topic-0450) to the active controller. (kafka.server.DefaultAutoTopicCreationManager)
[2026-03-09 17:27:41,469] INFO [ReplicaFetcherManager on broker 1] Removed fetcher for partitions Set(baseline-auto-topic-0450-0) (kafka.server.ReplicaFetcherManager)
[2026-03-09 17:27:41,475] INFO [LogLoader partition=baseline-auto-topic-0450-0, dir=/tmp/kraft-combined-logs] Loading producer state till offset 0 (org.apache.kafka.storage.internals.log.UnifiedLog)
[2026-03-09 17:27:41,475] INFO Created log for partition baseline-auto-topic-0450-0 in /tmp/kraft-combined-logs/baseline-auto-topic-0450-0 with properties {} (kafka.log.LogManager)
[2026-03-09 17:27:41,475] INFO [Partition baseline-auto-topic-0450-0 broker=1] No checkpointed highwatermark is found for partition baseline-auto-topic-0450-0 (kafka.cluster.Partition)
[2026-03-09 17:27:41,475] INFO [Partition baseline-auto-topic-0450-0 broker=1] Log loaded for partition baseline-auto-topic-0450-0 with initial high watermark 0 (kafka.cluster.Partition)
[2026-03-09 17:27:41,674] INFO Sent auto-creation request for Set(baseline-auto-topic-0451) to the active controller. (kafka.server.DefaultAutoTopicCreationManager)
[2026-03-09 17:27:41,706] INFO [ReplicaFetcherManager on broker 1] Removed fetcher for partitions Set(baseline-auto-topic-0451-0) (kafka.server.ReplicaFetcherManager)
[2026-03-09 17:27:41,711] INFO [LogLoader partition=baseline-auto-topic-0451-0, dir=/tmp/kraft-combined-logs] Loading producer state till offset 0 (org.apache.kafka.storage.internals.log.UnifiedLog)
[2026-03-09 17:27:41,711] INFO Created log for partition baseline-auto-topic-0451-0 in /tmp/kraft-combined-logs/baseline-auto-topic-0451-0 with properties {} (kafka.log.LogManager)
[2026-03-09 17:27:41,712] INFO [Partition baseline-auto-topic-0451-0 broker=1] No checkpointed highwatermark is found for partition baseline-auto-topic-0451-0 (kafka.cluster.Partition)
[2026-03-09 17:27:41,712] INFO [Partition baseline-auto-topic-0451-0 broker=1] Log loaded for partition baseline-auto-topic-0451-0 with initial high watermark 0 (kafka.cluster.Partition)
[2026-03-09 17:27:41,902] INFO Sent auto-creation request for Set(baseline-auto-topic-0452) to the active controller. (kafka.server.DefaultAutoTopicCreationManager)
[2026-03-09 17:27:41,934] INFO [ReplicaFetcherManager on broker 1] Removed fetcher for partitions Set(baseline-auto-topic-0452-0) (kafka.server.ReplicaFetcherManager)
[2026-03-09 17:27:41,937] INFO [LogLoader partition=baseline-auto-topic-0452-0, dir=/tmp/kraft-combined-logs] Loading producer state till offset 0 (org.apache.kafka.storage.internals.log.UnifiedLog)
[2026-03-09 17:27:41,938] INFO Created log for partition baseline-auto-topic-0452-0 in /tmp/kraft-combined-logs/baseline-auto-topic-0452-0 with properties {} (kafka.log.LogManager)
[2026-03-09 17:27:41,938] INFO [Partition baseline-auto-topic-0452-0 broker=1] No checkpointed highwatermark is found for partition baseline-auto-topic-0452-0 (kafka.cluster.Partition)
[2026-03-09 17:27:41,938] INFO [Partition baseline-auto-topic-0452-0 broker=1] Log loaded for partition baseline-auto-topic-0452-0 with initial high watermark 0 (kafka.cluster.Partition)
[2026-03-09 17:27:42,137] INFO Sent auto-creation request for Set(baseline-auto-topic-0453) to the active controller. (kafka.server.DefaultAutoTopicCreationManager)
[2026-03-09 17:27:42,165] INFO [ReplicaFetcherManager on broker 1] Removed fetcher for partitions Set(baseline-auto-topic-0453-0) (kafka.server.ReplicaFetcherManager)
[2026-03-09 17:27:42,169] INFO [LogLoader partition=baseline-auto-topic-0453-0, dir=/tmp/kraft-combined-logs] Loading producer state till offset 0 (org.apache.kafka.storage.internals.log.UnifiedLog)
[2026-03-09 17:27:42,170] INFO Created log for partition baseline-auto-topic-0453-0 in /tmp/kraft-combined-logs/baseline-auto-topic-0453-0 with properties {} (kafka.log.LogManager)
[2026-03-09 17:27:42,170] INFO [Partition baseline-auto-topic-0453-0 broker=1] No checkpointed highwatermark is found for partition baseline-auto-topic-0453-0 (kafka.cluster.Partition)
[2026-03-09 17:27:42,170] INFO [Partition baseline-auto-topic-0453-0 broker=1] Log loaded for partition baseline-auto-topic-0453-0 with initial high watermark 0 (kafka.cluster.Partition)
[2026-03-09 17:27:42,367] INFO Sent auto-creation request for Set(baseline-auto-topic-0454) to the active controller. (kafka.server.DefaultAutoTopicCreationManager)
[2026-03-09 17:27:42,398] INFO [ReplicaFetcherManager on broker 1] Removed fetcher for partitions Set(baseline-auto-topic-0454-0) (kafka.server.ReplicaFetcherManager)
[2026-03-09 17:27:42,401] INFO [LogLoader partition=baseline-auto-topic-0454-0, dir=/tmp/kraft-combined-logs] Loading producer state till offset 0 (org.apache.kafka.storage.internals.log.UnifiedLog)
[2026-03-09 17:27:42,402] INFO Created log for partition baseline-auto-topic-0454-0 in /tmp/kraft-combined-logs/baseline-auto-topic-0454-0 with properties {} (kafka.log.LogManager)
[2026-03-09 17:27:42,402] INFO [Partition baseline-auto-topic-0454-0 broker=1] No checkpointed highwatermark is found for partition baseline-auto-topic-0454-0 (kafka.cluster.Partition)
[2026-03-09 17:27:42,402] INFO [Partition baseline-auto-topic-0454-0 broker=1] Log loaded for partition baseline-auto-topic-0454-0 with initial high watermark 0 (kafka.cluster.Partition)
[2026-03-09 17:27:42,584] INFO Sent auto-creation request for Set(baseline-auto-topic-0455) to the active controller. (kafka.server.DefaultAutoTopicCreationManager)
[2026-03-09 17:27:42,615] INFO [ReplicaFetcherManager on broker 1] Removed fetcher for partitions Set(baseline-auto-topic-0455-0) (kafka.server.ReplicaFetcherManager)
[2026-03-09 17:27:42,619] INFO [LogLoader partition=baseline-auto-topic-0455-0, dir=/tmp/kraft-combined-logs] Loading producer state till offset 0 (org.apache.kafka.storage.internals.log.UnifiedLog)
[2026-03-09 17:27:42,619] INFO Created log for partition baseline-auto-topic-0455-0 in /tmp/kraft-combined-logs/baseline-auto-topic-0455-0 with properties {} (kafka.log.LogManager)
[2026-03-09 17:27:42,619] INFO [Partition baseline-auto-topic-0455-0 broker=1] No checkpointed highwatermark is found for partition baseline-auto-topic-0455-0 (kafka.cluster.Partition)
[2026-03-09 17:27:42,619] INFO [Partition baseline-auto-topic-0455-0 broker=1] Log loaded for partition baseline-auto-topic-0455-0 with initial high watermark 0 (kafka.cluster.Partition)
[2026-03-09 17:27:42,802] INFO Sent auto-creation request for Set(baseline-auto-topic-0456) to the active controller. (kafka.server.DefaultAutoTopicCreationManager)
[2026-03-09 17:27:42,829] INFO [ReplicaFetcherManager on broker 1] Removed fetcher for partitions Set(baseline-auto-topic-0456-0) (kafka.server.ReplicaFetcherManager)
[2026-03-09 17:27:42,834] INFO [LogLoader partition=baseline-auto-topic-0456-0, dir=/tmp/kraft-combined-logs] Loading producer state till offset 0 (org.apache.kafka.storage.internals.log.UnifiedLog)
[2026-03-09 17:27:42,834] INFO Created log for partition baseline-auto-topic-0456-0 in /tmp/kraft-combined-logs/baseline-auto-topic-0456-0 with properties {} (kafka.log.LogManager)
[2026-03-09 17:27:42,834] INFO [Partition baseline-auto-topic-0456-0 broker=1] No checkpointed highwatermark is found for partition baseline-auto-topic-0456-0 (kafka.cluster.Partition)
[2026-03-09 17:27:42,834] INFO [Partition baseline-auto-topic-0456-0 broker=1] Log loaded for partition baseline-auto-topic-0456-0 with initial high watermark 0 (kafka.cluster.Partition)
[2026-03-09 17:27:43,031] INFO Sent auto-creation request for Set(baseline-auto-topic-0457) to the active controller. (kafka.server.DefaultAutoTopicCreationManager)
[2026-03-09 17:27:43,058] INFO [ReplicaFetcherManager on broker 1] Removed fetcher for partitions Set(baseline-auto-topic-0457-0) (kafka.server.ReplicaFetcherManager)
[2026-03-09 17:27:43,064] INFO [LogLoader partition=baseline-auto-topic-0457-0, dir=/tmp/kraft-combined-logs] Loading producer state till offset 0 (org.apache.kafka.storage.internals.log.UnifiedLog)
[2026-03-09 17:27:43,064] INFO Created log for partition baseline-auto-topic-0457-0 in /tmp/kraft-combined-logs/baseline-auto-topic-0457-0 with properties {} (kafka.log.LogManager)
[2026-03-09 17:27:43,064] INFO [Partition baseline-auto-topic-0457-0 broker=1] No checkpointed highwatermark is found for partition baseline-auto-topic-0457-0 (kafka.cluster.Partition)
[2026-03-09 17:27:43,065] INFO [Partition baseline-auto-topic-0457-0 broker=1] Log loaded for partition baseline-auto-topic-0457-0 with initial high watermark 0 (kafka.cluster.Partition)
[2026-03-09 17:27:43,253] INFO Sent auto-creation request for Set(baseline-auto-topic-0458) to the active controller. (kafka.server.DefaultAutoTopicCreationManager)
[2026-03-09 17:27:43,280] INFO [ReplicaFetcherManager on broker 1] Removed fetcher for partitions Set(baseline-auto-topic-0458-0) (kafka.server.ReplicaFetcherManager)
[2026-03-09 17:27:43,283] INFO [LogLoader partition=baseline-auto-topic-0458-0, dir=/tmp/kraft-combined-logs] Loading producer state till offset 0 (org.apache.kafka.storage.internals.log.UnifiedLog)
[2026-03-09 17:27:43,283] INFO Created log for partition baseline-auto-topic-0458-0 in /tmp/kraft-combined-logs/baseline-auto-topic-0458-0 with properties {} (kafka.log.LogManager)
[2026-03-09 17:27:43,283] INFO [Partition baseline-auto-topic-0458-0 broker=1] No checkpointed highwatermark is found for partition baseline-auto-topic-0458-0 (kafka.cluster.Partition)
[2026-03-09 17:27:43,283] INFO [Partition baseline-auto-topic-0458-0 broker=1] Log loaded for partition baseline-auto-topic-0458-0 with initial high watermark 0 (kafka.cluster.Partition)
[2026-03-09 17:27:43,469] INFO Sent auto-creation request for Set(baseline-auto-topic-0459) to the active controller. (kafka.server.DefaultAutoTopicCreationManager)
[2026-03-09 17:27:43,500] INFO [ReplicaFetcherManager on broker 1] Removed fetcher for partitions Set(baseline-auto-topic-0459-0) (kafka.server.ReplicaFetcherManager)
[2026-03-09 17:27:43,505] INFO [LogLoader partition=baseline-auto-topic-0459-0, dir=/tmp/kraft-combined-logs] Loading producer state till offset 0 (org.apache.kafka.storage.internals.log.UnifiedLog)
[2026-03-09 17:27:43,505] INFO Created log for partition baseline-auto-topic-0459-0 in /tmp/kraft-combined-logs/baseline-auto-topic-0459-0 with properties {} (kafka.log.LogManager)
[2026-03-09 17:27:43,506] INFO [Partition baseline-auto-topic-0459-0 broker=1] No checkpointed highwatermark is found for partition baseline-auto-topic-0459-0 (kafka.cluster.Partition)
[2026-03-09 17:27:43,506] INFO [Partition baseline-auto-topic-0459-0 broker=1] Log loaded for partition baseline-auto-topic-0459-0 with initial high watermark 0 (kafka.cluster.Partition)
[2026-03-09 17:27:43,696] INFO Sent auto-creation request for Set(baseline-auto-topic-0460) to the active controller. (kafka.server.DefaultAutoTopicCreationManager)
[2026-03-09 17:27:43,724] INFO [ReplicaFetcherManager on broker 1] Removed fetcher for partitions Set(baseline-auto-topic-0460-0) (kafka.server.ReplicaFetcherManager)
[2026-03-09 17:27:43,730] INFO [LogLoader partition=baseline-auto-topic-0460-0, dir=/tmp/kraft-combined-logs] Loading producer state till offset 0 (org.apache.kafka.storage.internals.log.UnifiedLog)
[2026-03-09 17:27:43,730] INFO Created log for partition baseline-auto-topic-0460-0 in /tmp/kraft-combined-logs/baseline-auto-topic-0460-0 with properties {} (kafka.log.LogManager)
[2026-03-09 17:27:43,730] INFO [Partition baseline-auto-topic-0460-0 broker=1] No checkpointed highwatermark is found for partition baseline-auto-topic-0460-0 (kafka.cluster.Partition)
[2026-03-09 17:27:43,730] INFO [Partition baseline-auto-topic-0460-0 broker=1] Log loaded for partition baseline-auto-topic-0460-0 with initial high watermark 0 (kafka.cluster.Partition)
[2026-03-09 17:27:43,935] INFO Sent auto-creation request for Set(baseline-auto-topic-0461) to the active controller. (kafka.server.DefaultAutoTopicCreationManager)
[2026-03-09 17:27:43,967] INFO [ReplicaFetcherManager on broker 1] Removed fetcher for partitions Set(baseline-auto-topic-0461-0) (kafka.server.ReplicaFetcherManager)
[2026-03-09 17:27:43,971] INFO [LogLoader partition=baseline-auto-topic-0461-0, dir=/tmp/kraft-combined-logs] Loading producer state till offset 0 (org.apache.kafka.storage.internals.log.UnifiedLog)
[2026-03-09 17:27:43,972] INFO Created log for partition baseline-auto-topic-0461-0 in /tmp/kraft-combined-logs/baseline-auto-topic-0461-0 with properties {} (kafka.log.LogManager)
[2026-03-09 17:27:43,972] INFO [Partition baseline-auto-topic-0461-0 broker=1] No checkpointed highwatermark is found for partition baseline-auto-topic-0461-0 (kafka.cluster.Partition)
[2026-03-09 17:27:43,972] INFO [Partition baseline-auto-topic-0461-0 broker=1] Log loaded for partition baseline-auto-topic-0461-0 with initial high watermark 0 (kafka.cluster.Partition)
[2026-03-09 17:27:44,192] INFO Sent auto-creation request for Set(baseline-auto-topic-0462) to the active controller. (kafka.server.DefaultAutoTopicCreationManager)
[2026-03-09 17:27:44,223] INFO [ReplicaFetcherManager on broker 1] Removed fetcher for partitions Set(baseline-auto-topic-0462-0) (kafka.server.ReplicaFetcherManager)
[2026-03-09 17:27:44,228] INFO [LogLoader partition=baseline-auto-topic-0462-0, dir=/tmp/kraft-combined-logs] Loading producer state till offset 0 (org.apache.kafka.storage.internals.log.UnifiedLog)
[2026-03-09 17:27:44,228] INFO Created log for partition baseline-auto-topic-0462-0 in /tmp/kraft-combined-logs/baseline-auto-topic-0462-0 with properties {} (kafka.log.LogManager)
[2026-03-09 17:27:44,228] INFO [Partition baseline-auto-topic-0462-0 broker=1] No checkpointed highwatermark is found for partition baseline-auto-topic-0462-0 (kafka.cluster.Partition)
[2026-03-09 17:27:44,228] INFO [Partition baseline-auto-topic-0462-0 broker=1] Log loaded for partition baseline-auto-topic-0462-0 with initial high watermark 0 (kafka.cluster.Partition)
[2026-03-09 17:27:44,427] INFO Sent auto-creation request for Set(baseline-auto-topic-0463) to the active controller. (kafka.server.DefaultAutoTopicCreationManager)
[2026-03-09 17:27:44,459] INFO [ReplicaFetcherManager on broker 1] Removed fetcher for partitions Set(baseline-auto-topic-0463-0) (kafka.server.ReplicaFetcherManager)
[2026-03-09 17:27:44,463] INFO [LogLoader partition=baseline-auto-topic-0463-0, dir=/tmp/kraft-combined-logs] Loading producer state till offset 0 (org.apache.kafka.storage.internals.log.UnifiedLog)
[2026-03-09 17:27:44,463] INFO Created log for partition baseline-auto-topic-0463-0 in /tmp/kraft-combined-logs/baseline-auto-topic-0463-0 with properties {} (kafka.log.LogManager)
[2026-03-09 17:27:44,464] INFO [Partition baseline-auto-topic-0463-0 broker=1] No checkpointed highwatermark is found for partition baseline-auto-topic-0463-0 (kafka.cluster.Partition)
[2026-03-09 17:27:44,464] INFO [Partition baseline-auto-topic-0463-0 broker=1] Log loaded for partition baseline-auto-topic-0463-0 with initial high watermark 0 (kafka.cluster.Partition)
[2026-03-09 17:27:44,660] INFO Sent auto-creation request for Set(baseline-auto-topic-0464) to the active controller. (kafka.server.DefaultAutoTopicCreationManager)
[2026-03-09 17:27:44,690] INFO [ReplicaFetcherManager on broker 1] Removed fetcher for partitions Set(baseline-auto-topic-0464-0) (kafka.server.ReplicaFetcherManager)
[2026-03-09 17:27:44,695] INFO [LogLoader partition=baseline-auto-topic-0464-0, dir=/tmp/kraft-combined-logs] Loading producer state till offset 0 (org.apache.kafka.storage.internals.log.UnifiedLog)
[2026-03-09 17:27:44,695] INFO Created log for partition baseline-auto-topic-0464-0 in /tmp/kraft-combined-logs/baseline-auto-topic-0464-0 with properties {} (kafka.log.LogManager)
[2026-03-09 17:27:44,696] INFO [Partition baseline-auto-topic-0464-0 broker=1] No checkpointed highwatermark is found for partition baseline-auto-topic-0464-0 (kafka.cluster.Partition)
[2026-03-09 17:27:44,696] INFO [Partition baseline-auto-topic-0464-0 broker=1] Log loaded for partition baseline-auto-topic-0464-0 with initial high watermark 0 (kafka.cluster.Partition)
[2026-03-09 17:27:44,898] INFO Sent auto-creation request for Set(baseline-auto-topic-0465) to the active controller. (kafka.server.DefaultAutoTopicCreationManager)
[2026-03-09 17:27:44,928] INFO [ReplicaFetcherManager on broker 1] Removed fetcher for partitions Set(baseline-auto-topic-0465-0) (kafka.server.ReplicaFetcherManager)
[2026-03-09 17:27:44,932] INFO [LogLoader partition=baseline-auto-topic-0465-0, dir=/tmp/kraft-combined-logs] Loading producer state till offset 0 (org.apache.kafka.storage.internals.log.UnifiedLog)
[2026-03-09 17:27:44,932] INFO Created log for partition baseline-auto-topic-0465-0 in /tmp/kraft-combined-logs/baseline-auto-topic-0465-0 with properties {} (kafka.log.LogManager)
[2026-03-09 17:27:44,933] INFO [Partition baseline-auto-topic-0465-0 broker=1] No checkpointed highwatermark is found for partition baseline-auto-topic-0465-0 (kafka.cluster.Partition)
[2026-03-09 17:27:44,933] INFO [Partition baseline-auto-topic-0465-0 broker=1] Log loaded for partition baseline-auto-topic-0465-0 with initial high watermark 0 (kafka.cluster.Partition)
[2026-03-09 17:27:45,133] INFO Sent auto-creation request for Set(baseline-auto-topic-0466) to the active controller. (kafka.server.DefaultAutoTopicCreationManager)
[2026-03-09 17:27:45,163] INFO [ReplicaFetcherManager on broker 1] Removed fetcher for partitions Set(baseline-auto-topic-0466-0) (kafka.server.ReplicaFetcherManager)
[2026-03-09 17:27:45,168] INFO [LogLoader partition=baseline-auto-topic-0466-0, dir=/tmp/kraft-combined-logs] Loading producer state till offset 0 (org.apache.kafka.storage.internals.log.UnifiedLog)
[2026-03-09 17:27:45,168] INFO Created log for partition baseline-auto-topic-0466-0 in /tmp/kraft-combined-logs/baseline-auto-topic-0466-0 with properties {} (kafka.log.LogManager)
[2026-03-09 17:27:45,168] INFO [Partition baseline-auto-topic-0466-0 broker=1] No checkpointed highwatermark is found for partition baseline-auto-topic-0466-0 (kafka.cluster.Partition)
[2026-03-09 17:27:45,168] INFO [Partition baseline-auto-topic-0466-0 broker=1] Log loaded for partition baseline-auto-topic-0466-0 with initial high watermark 0 (kafka.cluster.Partition)
[2026-03-09 17:27:45,370] INFO Sent auto-creation request for Set(baseline-auto-topic-0467) to the active controller. (kafka.server.DefaultAutoTopicCreationManager)
[2026-03-09 17:27:45,381] INFO [ReplicaFetcherManager on broker 1] Removed fetcher for partitions Set(baseline-auto-topic-0467-0) (kafka.server.ReplicaFetcherManager)
[2026-03-09 17:27:45,386] INFO [LogLoader partition=baseline-auto-topic-0467-0, dir=/tmp/kraft-combined-logs] Loading producer state till offset 0 (org.apache.kafka.storage.internals.log.UnifiedLog)
[2026-03-09 17:27:45,386] INFO Created log for partition baseline-auto-topic-0467-0 in /tmp/kraft-combined-logs/baseline-auto-topic-0467-0 with properties {} (kafka.log.LogManager)
[2026-03-09 17:27:45,386] INFO [Partition baseline-auto-topic-0467-0 broker=1] No checkpointed highwatermark is found for partition baseline-auto-topic-0467-0 (kafka.cluster.Partition)
[2026-03-09 17:27:45,387] INFO [Partition baseline-auto-topic-0467-0 broker=1] Log loaded for partition baseline-auto-topic-0467-0 with initial high watermark 0 (kafka.cluster.Partition)
[2026-03-09 17:27:45,607] INFO Sent auto-creation request for Set(baseline-auto-topic-0468) to the active controller. (kafka.server.DefaultAutoTopicCreationManager)
[2026-03-09 17:27:45,638] INFO [ReplicaFetcherManager on broker 1] Removed fetcher for partitions Set(baseline-auto-topic-0468-0) (kafka.server.ReplicaFetcherManager)
[2026-03-09 17:27:45,643] INFO [LogLoader partition=baseline-auto-topic-0468-0, dir=/tmp/kraft-combined-logs] Loading producer state till offset 0 (org.apache.kafka.storage.internals.log.UnifiedLog)
[2026-03-09 17:27:45,643] INFO Created log for partition baseline-auto-topic-0468-0 in /tmp/kraft-combined-logs/baseline-auto-topic-0468-0 with properties {} (kafka.log.LogManager)
[2026-03-09 17:27:45,643] INFO [Partition baseline-auto-topic-0468-0 broker=1] No checkpointed highwatermark is found for partition baseline-auto-topic-0468-0 (kafka.cluster.Partition)
[2026-03-09 17:27:45,643] INFO [Partition baseline-auto-topic-0468-0 broker=1] Log loaded for partition baseline-auto-topic-0468-0 with initial high watermark 0 (kafka.cluster.Partition)
[2026-03-09 17:27:45,845] INFO Sent auto-creation request for Set(baseline-auto-topic-0469) to the active controller. (kafka.server.DefaultAutoTopicCreationManager)
[2026-03-09 17:27:45,877] INFO [ReplicaFetcherManager on broker 1] Removed fetcher for partitions Set(baseline-auto-topic-0469-0) (kafka.server.ReplicaFetcherManager)
[2026-03-09 17:27:45,882] INFO [LogLoader partition=baseline-auto-topic-0469-0, dir=/tmp/kraft-combined-logs] Loading producer state till offset 0 (org.apache.kafka.storage.internals.log.UnifiedLog)
[2026-03-09 17:27:45,882] INFO Created log for partition baseline-auto-topic-0469-0 in /tmp/kraft-combined-logs/baseline-auto-topic-0469-0 with properties {} (kafka.log.LogManager)
[2026-03-09 17:27:45,882] INFO [Partition baseline-auto-topic-0469-0 broker=1] No checkpointed highwatermark is found for partition baseline-auto-topic-0469-0 (kafka.cluster.Partition)
[2026-03-09 17:27:45,882] INFO [Partition baseline-auto-topic-0469-0 broker=1] Log loaded for partition baseline-auto-topic-0469-0 with initial high watermark 0 (kafka.cluster.Partition)
[2026-03-09 17:27:46,079] INFO Sent auto-creation request for Set(baseline-auto-topic-0470) to the active controller. (kafka.server.DefaultAutoTopicCreationManager)
[2026-03-09 17:27:46,110] INFO [ReplicaFetcherManager on broker 1] Removed fetcher for partitions Set(baseline-auto-topic-0470-0) (kafka.server.ReplicaFetcherManager)
[2026-03-09 17:27:46,115] INFO [LogLoader partition=baseline-auto-topic-0470-0, dir=/tmp/kraft-combined-logs] Loading producer state till offset 0 (org.apache.kafka.storage.internals.log.UnifiedLog)
[2026-03-09 17:27:46,115] INFO Created log for partition baseline-auto-topic-0470-0 in /tmp/kraft-combined-logs/baseline-auto-topic-0470-0 with properties {} (kafka.log.LogManager)
[2026-03-09 17:27:46,115] INFO [Partition baseline-auto-topic-0470-0 broker=1] No checkpointed highwatermark is found for partition baseline-auto-topic-0470-0 (kafka.cluster.Partition)
[2026-03-09 17:27:46,115] INFO [Partition baseline-auto-topic-0470-0 broker=1] Log loaded for partition baseline-auto-topic-0470-0 with initial high watermark 0 (kafka.cluster.Partition)
[2026-03-09 17:27:46,314] INFO Sent auto-creation request for Set(baseline-auto-topic-0471) to the active controller. (kafka.server.DefaultAutoTopicCreationManager)
[2026-03-09 17:27:46,346] INFO [ReplicaFetcherManager on broker 1] Removed fetcher for partitions Set(baseline-auto-topic-0471-0) (kafka.server.ReplicaFetcherManager)
[2026-03-09 17:27:46,350] INFO [LogLoader partition=baseline-auto-topic-0471-0, dir=/tmp/kraft-combined-logs] Loading producer state till offset 0 (org.apache.kafka.storage.internals.log.UnifiedLog)
[2026-03-09 17:27:46,350] INFO Created log for partition baseline-auto-topic-0471-0 in /tmp/kraft-combined-logs/baseline-auto-topic-0471-0 with properties {} (kafka.log.LogManager)
[2026-03-09 17:27:46,351] INFO [Partition baseline-auto-topic-0471-0 broker=1] No checkpointed highwatermark is found for partition baseline-auto-topic-0471-0 (kafka.cluster.Partition)
[2026-03-09 17:27:46,351] INFO [Partition baseline-auto-topic-0471-0 broker=1] Log loaded for partition baseline-auto-topic-0471-0 with initial high watermark 0 (kafka.cluster.Partition)
[2026-03-09 17:27:46,538] INFO Sent auto-creation request for Set(baseline-auto-topic-0472) to the active controller. (kafka.server.DefaultAutoTopicCreationManager)
[2026-03-09 17:27:46,569] INFO [ReplicaFetcherManager on broker 1] Removed fetcher for partitions Set(baseline-auto-topic-0472-0) (kafka.server.ReplicaFetcherManager)
[2026-03-09 17:27:46,573] INFO [LogLoader partition=baseline-auto-topic-0472-0, dir=/tmp/kraft-combined-logs] Loading producer state till offset 0 (org.apache.kafka.storage.internals.log.UnifiedLog)
[2026-03-09 17:27:46,573] INFO Created log for partition baseline-auto-topic-0472-0 in /tmp/kraft-combined-logs/baseline-auto-topic-0472-0 with properties {} (kafka.log.LogManager)
[2026-03-09 17:27:46,573] INFO [Partition baseline-auto-topic-0472-0 broker=1] No checkpointed highwatermark is found for partition baseline-auto-topic-0472-0 (kafka.cluster.Partition)
[2026-03-09 17:27:46,573] INFO [Partition baseline-auto-topic-0472-0 broker=1] Log loaded for partition baseline-auto-topic-0472-0 with initial high watermark 0 (kafka.cluster.Partition)
[2026-03-09 17:27:46,757] INFO Sent auto-creation request for Set(baseline-auto-topic-0473) to the active controller. (kafka.server.DefaultAutoTopicCreationManager)
[2026-03-09 17:27:46,786] INFO [ReplicaFetcherManager on broker 1] Removed fetcher for partitions Set(baseline-auto-topic-0473-0) (kafka.server.ReplicaFetcherManager)
[2026-03-09 17:27:46,790] INFO [LogLoader partition=baseline-auto-topic-0473-0, dir=/tmp/kraft-combined-logs] Loading producer state till offset 0 (org.apache.kafka.storage.internals.log.UnifiedLog)
[2026-03-09 17:27:46,790] INFO Created log for partition baseline-auto-topic-0473-0 in /tmp/kraft-combined-logs/baseline-auto-topic-0473-0 with properties {} (kafka.log.LogManager)
[2026-03-09 17:27:46,790] INFO [Partition baseline-auto-topic-0473-0 broker=1] No checkpointed highwatermark is found for partition baseline-auto-topic-0473-0 (kafka.cluster.Partition)
[2026-03-09 17:27:46,790] INFO [Partition baseline-auto-topic-0473-0 broker=1] Log loaded for partition baseline-auto-topic-0473-0 with initial high watermark 0 (kafka.cluster.Partition)
[2026-03-09 17:27:46,974] INFO Sent auto-creation request for Set(baseline-auto-topic-0474) to the active controller. (kafka.server.DefaultAutoTopicCreationManager)
[2026-03-09 17:27:47,005] INFO [ReplicaFetcherManager on broker 1] Removed fetcher for partitions Set(baseline-auto-topic-0474-0) (kafka.server.ReplicaFetcherManager)
[2026-03-09 17:27:47,009] INFO [LogLoader partition=baseline-auto-topic-0474-0, dir=/tmp/kraft-combined-logs] Loading producer state till offset 0 (org.apache.kafka.storage.internals.log.UnifiedLog)
[2026-03-09 17:27:47,009] INFO Created log for partition baseline-auto-topic-0474-0 in /tmp/kraft-combined-logs/baseline-auto-topic-0474-0 with properties {} (kafka.log.LogManager)
[2026-03-09 17:27:47,010] INFO [Partition baseline-auto-topic-0474-0 broker=1] No checkpointed highwatermark is found for partition baseline-auto-topic-0474-0 (kafka.cluster.Partition)
[2026-03-09 17:27:47,010] INFO [Partition baseline-auto-topic-0474-0 broker=1] Log loaded for partition baseline-auto-topic-0474-0 with initial high watermark 0 (kafka.cluster.Partition)
[2026-03-09 17:27:47,190] INFO Sent auto-creation request for Set(baseline-auto-topic-0475) to the active controller. (kafka.server.DefaultAutoTopicCreationManager)
[2026-03-09 17:27:47,219] INFO [ReplicaFetcherManager on broker 1] Removed fetcher for partitions Set(baseline-auto-topic-0475-0) (kafka.server.ReplicaFetcherManager)
[2026-03-09 17:27:47,224] INFO [LogLoader partition=baseline-auto-topic-0475-0, dir=/tmp/kraft-combined-logs] Loading producer state till offset 0 (org.apache.kafka.storage.internals.log.UnifiedLog)
[2026-03-09 17:27:47,224] INFO Created log for partition baseline-auto-topic-0475-0 in /tmp/kraft-combined-logs/baseline-auto-topic-0475-0 with properties {} (kafka.log.LogManager)
[2026-03-09 17:27:47,224] INFO [Partition baseline-auto-topic-0475-0 broker=1] No checkpointed highwatermark is found for partition baseline-auto-topic-0475-0 (kafka.cluster.Partition)
[2026-03-09 17:27:47,224] INFO [Partition baseline-auto-topic-0475-0 broker=1] Log loaded for partition baseline-auto-topic-0475-0 with initial high watermark 0 (kafka.cluster.Partition)
[2026-03-09 17:27:47,414] INFO Sent auto-creation request for Set(baseline-auto-topic-0476) to the active controller. (kafka.server.DefaultAutoTopicCreationManager)
[2026-03-09 17:27:47,445] INFO [ReplicaFetcherManager on broker 1] Removed fetcher for partitions Set(baseline-auto-topic-0476-0) (kafka.server.ReplicaFetcherManager)
[2026-03-09 17:27:47,448] INFO [LogLoader partition=baseline-auto-topic-0476-0, dir=/tmp/kraft-combined-logs] Loading producer state till offset 0 (org.apache.kafka.storage.internals.log.UnifiedLog)
[2026-03-09 17:27:47,448] INFO Created log for partition baseline-auto-topic-0476-0 in /tmp/kraft-combined-logs/baseline-auto-topic-0476-0 with properties {} (kafka.log.LogManager)
[2026-03-09 17:27:47,448] INFO [Partition baseline-auto-topic-0476-0 broker=1] No checkpointed highwatermark is found for partition baseline-auto-topic-0476-0 (kafka.cluster.Partition)
[2026-03-09 17:27:47,448] INFO [Partition baseline-auto-topic-0476-0 broker=1] Log loaded for partition baseline-auto-topic-0476-0 with initial high watermark 0 (kafka.cluster.Partition)
[2026-03-09 17:27:47,629] INFO Sent auto-creation request for Set(baseline-auto-topic-0477) to the active controller. (kafka.server.DefaultAutoTopicCreationManager)
[2026-03-09 17:27:47,661] INFO [ReplicaFetcherManager on broker 1] Removed fetcher for partitions Set(baseline-auto-topic-0477-0) (kafka.server.ReplicaFetcherManager)
[2026-03-09 17:27:47,665] INFO [LogLoader partition=baseline-auto-topic-0477-0, dir=/tmp/kraft-combined-logs] Loading producer state till offset 0 (org.apache.kafka.storage.internals.log.UnifiedLog)
[2026-03-09 17:27:47,665] INFO Created log for partition baseline-auto-topic-0477-0 in /tmp/kraft-combined-logs/baseline-auto-topic-0477-0 with properties {} (kafka.log.LogManager)
[2026-03-09 17:27:47,665] INFO [Partition baseline-auto-topic-0477-0 broker=1] No checkpointed highwatermark is found for partition baseline-auto-topic-0477-0 (kafka.cluster.Partition)
[2026-03-09 17:27:47,665] INFO [Partition baseline-auto-topic-0477-0 broker=1] Log loaded for partition baseline-auto-topic-0477-0 with initial high watermark 0 (kafka.cluster.Partition)
[2026-03-09 17:27:47,844] INFO Sent auto-creation request for Set(baseline-auto-topic-0478) to the active controller. (kafka.server.DefaultAutoTopicCreationManager)
[2026-03-09 17:27:47,871] INFO [ReplicaFetcherManager on broker 1] Removed fetcher for partitions Set(baseline-auto-topic-0478-0) (kafka.server.ReplicaFetcherManager)
[2026-03-09 17:27:47,875] INFO [LogLoader partition=baseline-auto-topic-0478-0, dir=/tmp/kraft-combined-logs] Loading producer state till offset 0 (org.apache.kafka.storage.internals.log.UnifiedLog)
[2026-03-09 17:27:47,875] INFO Created log for partition baseline-auto-topic-0478-0 in /tmp/kraft-combined-logs/baseline-auto-topic-0478-0 with properties {} (kafka.log.LogManager)
[2026-03-09 17:27:47,875] INFO [Partition baseline-auto-topic-0478-0 broker=1] No checkpointed highwatermark is found for partition baseline-auto-topic-0478-0 (kafka.cluster.Partition)
[2026-03-09 17:27:47,875] INFO [Partition baseline-auto-topic-0478-0 broker=1] Log loaded for partition baseline-auto-topic-0478-0 with initial high watermark 0 (kafka.cluster.Partition)
[2026-03-09 17:27:48,059] INFO Sent auto-creation request for Set(baseline-auto-topic-0479) to the active controller. (kafka.server.DefaultAutoTopicCreationManager)
[2026-03-09 17:27:48,087] INFO [ReplicaFetcherManager on broker 1] Removed fetcher for partitions Set(baseline-auto-topic-0479-0) (kafka.server.ReplicaFetcherManager)
[2026-03-09 17:27:48,090] INFO [LogLoader partition=baseline-auto-topic-0479-0, dir=/tmp/kraft-combined-logs] Loading producer state till offset 0 (org.apache.kafka.storage.internals.log.UnifiedLog)
[2026-03-09 17:27:48,090] INFO Created log for partition baseline-auto-topic-0479-0 in /tmp/kraft-combined-logs/baseline-auto-topic-0479-0 with properties {} (kafka.log.LogManager)
[2026-03-09 17:27:48,090] INFO [Partition baseline-auto-topic-0479-0 broker=1] No checkpointed highwatermark is found for partition baseline-auto-topic-0479-0 (kafka.cluster.Partition)
[2026-03-09 17:27:48,090] INFO [Partition baseline-auto-topic-0479-0 broker=1] Log loaded for partition baseline-auto-topic-0479-0 with initial high watermark 0 (kafka.cluster.Partition)
[2026-03-09 17:27:48,274] INFO Sent auto-creation request for Set(baseline-auto-topic-0480) to the active controller. (kafka.server.DefaultAutoTopicCreationManager)
[2026-03-09 17:27:48,305] INFO [ReplicaFetcherManager on broker 1] Removed fetcher for partitions Set(baseline-auto-topic-0480-0) (kafka.server.ReplicaFetcherManager)
[2026-03-09 17:27:48,311] INFO [LogLoader partition=baseline-auto-topic-0480-0, dir=/tmp/kraft-combined-logs] Loading producer state till offset 0 (org.apache.kafka.storage.internals.log.UnifiedLog)
[2026-03-09 17:27:48,311] INFO Created log for partition baseline-auto-topic-0480-0 in /tmp/kraft-combined-logs/baseline-auto-topic-0480-0 with properties {} (kafka.log.LogManager)
[2026-03-09 17:27:48,311] INFO [Partition baseline-auto-topic-0480-0 broker=1] No checkpointed highwatermark is found for partition baseline-auto-topic-0480-0 (kafka.cluster.Partition)
[2026-03-09 17:27:48,311] INFO [Partition baseline-auto-topic-0480-0 broker=1] Log loaded for partition baseline-auto-topic-0480-0 with initial high watermark 0 (kafka.cluster.Partition)
[2026-03-09 17:27:48,491] INFO Sent auto-creation request for Set(baseline-auto-topic-0481) to the active controller. (kafka.server.DefaultAutoTopicCreationManager)
[2026-03-09 17:27:48,522] INFO [ReplicaFetcherManager on broker 1] Removed fetcher for partitions Set(baseline-auto-topic-0481-0) (kafka.server.ReplicaFetcherManager)
[2026-03-09 17:27:48,526] INFO [LogLoader partition=baseline-auto-topic-0481-0, dir=/tmp/kraft-combined-logs] Loading producer state till offset 0 (org.apache.kafka.storage.internals.log.UnifiedLog)
[2026-03-09 17:27:48,526] INFO Created log for partition baseline-auto-topic-0481-0 in /tmp/kraft-combined-logs/baseline-auto-topic-0481-0 with properties {} (kafka.log.LogManager)
[2026-03-09 17:27:48,526] INFO [Partition baseline-auto-topic-0481-0 broker=1] No checkpointed highwatermark is found for partition baseline-auto-topic-0481-0 (kafka.cluster.Partition)
[2026-03-09 17:27:48,526] INFO [Partition baseline-auto-topic-0481-0 broker=1] Log loaded for partition baseline-auto-topic-0481-0 with initial high watermark 0 (kafka.cluster.Partition)
[2026-03-09 17:27:48,708] INFO Sent auto-creation request for Set(baseline-auto-topic-0482) to the active controller. (kafka.server.DefaultAutoTopicCreationManager)
[2026-03-09 17:27:48,738] INFO [ReplicaFetcherManager on broker 1] Removed fetcher for partitions Set(baseline-auto-topic-0482-0) (kafka.server.ReplicaFetcherManager)
[2026-03-09 17:27:48,743] INFO [LogLoader partition=baseline-auto-topic-0482-0, dir=/tmp/kraft-combined-logs] Loading producer state till offset 0 (org.apache.kafka.storage.internals.log.UnifiedLog)
[2026-03-09 17:27:48,743] INFO Created log for partition baseline-auto-topic-0482-0 in /tmp/kraft-combined-logs/baseline-auto-topic-0482-0 with properties {} (kafka.log.LogManager)
[2026-03-09 17:27:48,743] INFO [Partition baseline-auto-topic-0482-0 broker=1] No checkpointed highwatermark is found for partition baseline-auto-topic-0482-0 (kafka.cluster.Partition)
[2026-03-09 17:27:48,743] INFO [Partition baseline-auto-topic-0482-0 broker=1] Log loaded for partition baseline-auto-topic-0482-0 with initial high watermark 0 (kafka.cluster.Partition)
[2026-03-09 17:27:48,929] INFO Sent auto-creation request for Set(baseline-auto-topic-0483) to the active controller. (kafka.server.DefaultAutoTopicCreationManager)
[2026-03-09 17:27:48,959] INFO [ReplicaFetcherManager on broker 1] Removed fetcher for partitions Set(baseline-auto-topic-0483-0) (kafka.server.ReplicaFetcherManager)
[2026-03-09 17:27:48,962] INFO [LogLoader partition=baseline-auto-topic-0483-0, dir=/tmp/kraft-combined-logs] Loading producer state till offset 0 (org.apache.kafka.storage.internals.log.UnifiedLog)
[2026-03-09 17:27:48,962] INFO Created log for partition baseline-auto-topic-0483-0 in /tmp/kraft-combined-logs/baseline-auto-topic-0483-0 with properties {} (kafka.log.LogManager)
[2026-03-09 17:27:48,962] INFO [Partition baseline-auto-topic-0483-0 broker=1] No checkpointed highwatermark is found for partition baseline-auto-topic-0483-0 (kafka.cluster.Partition)
[2026-03-09 17:27:48,962] INFO [Partition baseline-auto-topic-0483-0 broker=1] Log loaded for partition baseline-auto-topic-0483-0 with initial high watermark 0 (kafka.cluster.Partition)
[2026-03-09 17:27:49,149] INFO Sent auto-creation request for Set(baseline-auto-topic-0484) to the active controller. (kafka.server.DefaultAutoTopicCreationManager)
[2026-03-09 17:27:49,180] INFO [ReplicaFetcherManager on broker 1] Removed fetcher for partitions Set(baseline-auto-topic-0484-0) (kafka.server.ReplicaFetcherManager)
[2026-03-09 17:27:49,185] INFO [LogLoader partition=baseline-auto-topic-0484-0, dir=/tmp/kraft-combined-logs] Loading producer state till offset 0 (org.apache.kafka.storage.internals.log.UnifiedLog)
[2026-03-09 17:27:49,185] INFO Created log for partition baseline-auto-topic-0484-0 in /tmp/kraft-combined-logs/baseline-auto-topic-0484-0 with properties {} (kafka.log.LogManager)
[2026-03-09 17:27:49,185] INFO [Partition baseline-auto-topic-0484-0 broker=1] No checkpointed highwatermark is found for partition baseline-auto-topic-0484-0 (kafka.cluster.Partition)
[2026-03-09 17:27:49,185] INFO [Partition baseline-auto-topic-0484-0 broker=1] Log loaded for partition baseline-auto-topic-0484-0 with initial high watermark 0 (kafka.cluster.Partition)
[2026-03-09 17:27:49,368] INFO Sent auto-creation request for Set(baseline-auto-topic-0485) to the active controller. (kafka.server.DefaultAutoTopicCreationManager)
[2026-03-09 17:27:49,399] INFO [ReplicaFetcherManager on broker 1] Removed fetcher for partitions Set(baseline-auto-topic-0485-0) (kafka.server.ReplicaFetcherManager)
[2026-03-09 17:27:49,404] INFO [LogLoader partition=baseline-auto-topic-0485-0, dir=/tmp/kraft-combined-logs] Loading producer state till offset 0 (org.apache.kafka.storage.internals.log.UnifiedLog)
[2026-03-09 17:27:49,404] INFO Created log for partition baseline-auto-topic-0485-0 in /tmp/kraft-combined-logs/baseline-auto-topic-0485-0 with properties {} (kafka.log.LogManager)
[2026-03-09 17:27:49,405] INFO [Partition baseline-auto-topic-0485-0 broker=1] No checkpointed highwatermark is found for partition baseline-auto-topic-0485-0 (kafka.cluster.Partition)
[2026-03-09 17:27:49,405] INFO [Partition baseline-auto-topic-0485-0 broker=1] Log loaded for partition baseline-auto-topic-0485-0 with initial high watermark 0 (kafka.cluster.Partition)
[2026-03-09 17:27:49,604] INFO Sent auto-creation request for Set(baseline-auto-topic-0486) to the active controller. (kafka.server.DefaultAutoTopicCreationManager)
[2026-03-09 17:27:49,636] INFO [ReplicaFetcherManager on broker 1] Removed fetcher for partitions Set(baseline-auto-topic-0486-0) (kafka.server.ReplicaFetcherManager)
[2026-03-09 17:27:49,640] INFO [LogLoader partition=baseline-auto-topic-0486-0, dir=/tmp/kraft-combined-logs] Loading producer state till offset 0 (org.apache.kafka.storage.internals.log.UnifiedLog)
[2026-03-09 17:27:49,641] INFO Created log for partition baseline-auto-topic-0486-0 in /tmp/kraft-combined-logs/baseline-auto-topic-0486-0 with properties {} (kafka.log.LogManager)
[2026-03-09 17:27:49,641] INFO [Partition baseline-auto-topic-0486-0 broker=1] No checkpointed highwatermark is found for partition baseline-auto-topic-0486-0 (kafka.cluster.Partition)
[2026-03-09 17:27:49,641] INFO [Partition baseline-auto-topic-0486-0 broker=1] Log loaded for partition baseline-auto-topic-0486-0 with initial high watermark 0 (kafka.cluster.Partition)
[2026-03-09 17:27:49,843] INFO Sent auto-creation request for Set(baseline-auto-topic-0487) to the active controller. (kafka.server.DefaultAutoTopicCreationManager)
[2026-03-09 17:27:49,873] INFO [ReplicaFetcherManager on broker 1] Removed fetcher for partitions Set(baseline-auto-topic-0487-0) (kafka.server.ReplicaFetcherManager)
[2026-03-09 17:27:49,877] INFO [LogLoader partition=baseline-auto-topic-0487-0, dir=/tmp/kraft-combined-logs] Loading producer state till offset 0 (org.apache.kafka.storage.internals.log.UnifiedLog)
[2026-03-09 17:27:49,877] INFO Created log for partition baseline-auto-topic-0487-0 in /tmp/kraft-combined-logs/baseline-auto-topic-0487-0 with properties {} (kafka.log.LogManager)
[2026-03-09 17:27:49,877] INFO [Partition baseline-auto-topic-0487-0 broker=1] No checkpointed highwatermark is found for partition baseline-auto-topic-0487-0 (kafka.cluster.Partition)
[2026-03-09 17:27:49,877] INFO [Partition baseline-auto-topic-0487-0 broker=1] Log loaded for partition baseline-auto-topic-0487-0 with initial high watermark 0 (kafka.cluster.Partition)
[2026-03-09 17:27:50,061] INFO Sent auto-creation request for Set(baseline-auto-topic-0488) to the active controller. (kafka.server.DefaultAutoTopicCreationManager)
[2026-03-09 17:27:50,087] INFO [ReplicaFetcherManager on broker 1] Removed fetcher for partitions Set(baseline-auto-topic-0488-0) (kafka.server.ReplicaFetcherManager)
[2026-03-09 17:27:50,091] INFO [LogLoader partition=baseline-auto-topic-0488-0, dir=/tmp/kraft-combined-logs] Loading producer state till offset 0 (org.apache.kafka.storage.internals.log.UnifiedLog)
[2026-03-09 17:27:50,091] INFO Created log for partition baseline-auto-topic-0488-0 in /tmp/kraft-combined-logs/baseline-auto-topic-0488-0 with properties {} (kafka.log.LogManager)
[2026-03-09 17:27:50,092] INFO [Partition baseline-auto-topic-0488-0 broker=1] No checkpointed highwatermark is found for partition baseline-auto-topic-0488-0 (kafka.cluster.Partition)
[2026-03-09 17:27:50,092] INFO [Partition baseline-auto-topic-0488-0 broker=1] Log loaded for partition baseline-auto-topic-0488-0 with initial high watermark 0 (kafka.cluster.Partition)
[2026-03-09 17:27:50,284] INFO Sent auto-creation request for Set(baseline-auto-topic-0489) to the active controller. (kafka.server.DefaultAutoTopicCreationManager)
[2026-03-09 17:27:50,313] INFO [ReplicaFetcherManager on broker 1] Removed fetcher for partitions Set(baseline-auto-topic-0489-0) (kafka.server.ReplicaFetcherManager)
[2026-03-09 17:27:50,317] INFO [LogLoader partition=baseline-auto-topic-0489-0, dir=/tmp/kraft-combined-logs] Loading producer state till offset 0 (org.apache.kafka.storage.internals.log.UnifiedLog)
[2026-03-09 17:27:50,317] INFO Created log for partition baseline-auto-topic-0489-0 in /tmp/kraft-combined-logs/baseline-auto-topic-0489-0 with properties {} (kafka.log.LogManager)
[2026-03-09 17:27:50,317] INFO [Partition baseline-auto-topic-0489-0 broker=1] No checkpointed highwatermark is found for partition baseline-auto-topic-0489-0 (kafka.cluster.Partition)
[2026-03-09 17:27:50,317] INFO [Partition baseline-auto-topic-0489-0 broker=1] Log loaded for partition baseline-auto-topic-0489-0 with initial high watermark 0 (kafka.cluster.Partition)
[2026-03-09 17:27:50,500] INFO Sent auto-creation request for Set(baseline-auto-topic-0490) to the active controller. (kafka.server.DefaultAutoTopicCreationManager)
[2026-03-09 17:27:50,531] INFO [ReplicaFetcherManager on broker 1] Removed fetcher for partitions Set(baseline-auto-topic-0490-0) (kafka.server.ReplicaFetcherManager)
[2026-03-09 17:27:50,535] INFO [LogLoader partition=baseline-auto-topic-0490-0, dir=/tmp/kraft-combined-logs] Loading producer state till offset 0 (org.apache.kafka.storage.internals.log.UnifiedLog)
[2026-03-09 17:27:50,535] INFO Created log for partition baseline-auto-topic-0490-0 in /tmp/kraft-combined-logs/baseline-auto-topic-0490-0 with properties {} (kafka.log.LogManager)
[2026-03-09 17:27:50,535] INFO [Partition baseline-auto-topic-0490-0 broker=1] No checkpointed highwatermark is found for partition baseline-auto-topic-0490-0 (kafka.cluster.Partition)
[2026-03-09 17:27:50,535] INFO [Partition baseline-auto-topic-0490-0 broker=1] Log loaded for partition baseline-auto-topic-0490-0 with initial high watermark 0 (kafka.cluster.Partition)
[2026-03-09 17:27:50,714] INFO Sent auto-creation request for Set(baseline-auto-topic-0491) to the active controller. (kafka.server.DefaultAutoTopicCreationManager)
[2026-03-09 17:27:50,741] INFO [ReplicaFetcherManager on broker 1] Removed fetcher for partitions Set(baseline-auto-topic-0491-0) (kafka.server.ReplicaFetcherManager)
[2026-03-09 17:27:50,745] INFO [LogLoader partition=baseline-auto-topic-0491-0, dir=/tmp/kraft-combined-logs] Loading producer state till offset 0 (org.apache.kafka.storage.internals.log.UnifiedLog)
[2026-03-09 17:27:50,745] INFO Created log for partition baseline-auto-topic-0491-0 in /tmp/kraft-combined-logs/baseline-auto-topic-0491-0 with properties {} (kafka.log.LogManager)
[2026-03-09 17:27:50,745] INFO [Partition baseline-auto-topic-0491-0 broker=1] No checkpointed highwatermark is found for partition baseline-auto-topic-0491-0 (kafka.cluster.Partition)
[2026-03-09 17:27:50,745] INFO [Partition baseline-auto-topic-0491-0 broker=1] Log loaded for partition baseline-auto-topic-0491-0 with initial high watermark 0 (kafka.cluster.Partition)
[2026-03-09 17:27:50,932] INFO Sent auto-creation request for Set(baseline-auto-topic-0492) to the active controller. (kafka.server.DefaultAutoTopicCreationManager)
[2026-03-09 17:27:50,963] INFO [ReplicaFetcherManager on broker 1] Removed fetcher for partitions Set(baseline-auto-topic-0492-0) (kafka.server.ReplicaFetcherManager)
[2026-03-09 17:27:50,968] INFO [LogLoader partition=baseline-auto-topic-0492-0, dir=/tmp/kraft-combined-logs] Loading producer state till offset 0 (org.apache.kafka.storage.internals.log.UnifiedLog)
[2026-03-09 17:27:50,968] INFO Created log for partition baseline-auto-topic-0492-0 in /tmp/kraft-combined-logs/baseline-auto-topic-0492-0 with properties {} (kafka.log.LogManager)
[2026-03-09 17:27:50,968] INFO [Partition baseline-auto-topic-0492-0 broker=1] No checkpointed highwatermark is found for partition baseline-auto-topic-0492-0 (kafka.cluster.Partition)
[2026-03-09 17:27:50,968] INFO [Partition baseline-auto-topic-0492-0 broker=1] Log loaded for partition baseline-auto-topic-0492-0 with initial high watermark 0 (kafka.cluster.Partition)
[2026-03-09 17:27:51,163] INFO Sent auto-creation request for Set(baseline-auto-topic-0493) to the active controller. (kafka.server.DefaultAutoTopicCreationManager)
[2026-03-09 17:27:51,195] INFO [ReplicaFetcherManager on broker 1] Removed fetcher for partitions Set(baseline-auto-topic-0493-0) (kafka.server.ReplicaFetcherManager)
[2026-03-09 17:27:51,199] INFO [LogLoader partition=baseline-auto-topic-0493-0, dir=/tmp/kraft-combined-logs] Loading producer state till offset 0 (org.apache.kafka.storage.internals.log.UnifiedLog)
[2026-03-09 17:27:51,199] INFO Created log for partition baseline-auto-topic-0493-0 in /tmp/kraft-combined-logs/baseline-auto-topic-0493-0 with properties {} (kafka.log.LogManager)
[2026-03-09 17:27:51,200] INFO [Partition baseline-auto-topic-0493-0 broker=1] No checkpointed highwatermark is found for partition baseline-auto-topic-0493-0 (kafka.cluster.Partition)
[2026-03-09 17:27:51,200] INFO [Partition baseline-auto-topic-0493-0 broker=1] Log loaded for partition baseline-auto-topic-0493-0 with initial high watermark 0 (kafka.cluster.Partition)
[2026-03-09 17:27:51,401] INFO Sent auto-creation request for Set(baseline-auto-topic-0494) to the active controller. (kafka.server.DefaultAutoTopicCreationManager)
[2026-03-09 17:27:51,432] INFO [ReplicaFetcherManager on broker 1] Removed fetcher for partitions Set(baseline-auto-topic-0494-0) (kafka.server.ReplicaFetcherManager)
[2026-03-09 17:27:51,436] INFO [LogLoader partition=baseline-auto-topic-0494-0, dir=/tmp/kraft-combined-logs] Loading producer state till offset 0 (org.apache.kafka.storage.internals.log.UnifiedLog)
[2026-03-09 17:27:51,436] INFO Created log for partition baseline-auto-topic-0494-0 in /tmp/kraft-combined-logs/baseline-auto-topic-0494-0 with properties {} (kafka.log.LogManager)
[2026-03-09 17:27:51,437] INFO [Partition baseline-auto-topic-0494-0 broker=1] No checkpointed highwatermark is found for partition baseline-auto-topic-0494-0 (kafka.cluster.Partition)
[2026-03-09 17:27:51,437] INFO [Partition baseline-auto-topic-0494-0 broker=1] Log loaded for partition baseline-auto-topic-0494-0 with initial high watermark 0 (kafka.cluster.Partition)
[2026-03-09 17:27:51,634] INFO Sent auto-creation request for Set(baseline-auto-topic-0495) to the active controller. (kafka.server.DefaultAutoTopicCreationManager)
[2026-03-09 17:27:51,666] INFO [ReplicaFetcherManager on broker 1] Removed fetcher for partitions Set(baseline-auto-topic-0495-0) (kafka.server.ReplicaFetcherManager)
[2026-03-09 17:27:51,671] INFO [LogLoader partition=baseline-auto-topic-0495-0, dir=/tmp/kraft-combined-logs] Loading producer state till offset 0 (org.apache.kafka.storage.internals.log.UnifiedLog)
[2026-03-09 17:27:51,672] INFO Created log for partition baseline-auto-topic-0495-0 in /tmp/kraft-combined-logs/baseline-auto-topic-0495-0 with properties {} (kafka.log.LogManager)
[2026-03-09 17:27:51,672] INFO [Partition baseline-auto-topic-0495-0 broker=1] No checkpointed highwatermark is found for partition baseline-auto-topic-0495-0 (kafka.cluster.Partition)
[2026-03-09 17:27:51,672] INFO [Partition baseline-auto-topic-0495-0 broker=1] Log loaded for partition baseline-auto-topic-0495-0 with initial high watermark 0 (kafka.cluster.Partition)
[2026-03-09 17:27:51,863] INFO Sent auto-creation request for Set(baseline-auto-topic-0496) to the active controller. (kafka.server.DefaultAutoTopicCreationManager)
[2026-03-09 17:27:51,894] INFO [ReplicaFetcherManager on broker 1] Removed fetcher for partitions Set(baseline-auto-topic-0496-0) (kafka.server.ReplicaFetcherManager)
[2026-03-09 17:27:51,901] INFO [LogLoader partition=baseline-auto-topic-0496-0, dir=/tmp/kraft-combined-logs] Loading producer state till offset 0 (org.apache.kafka.storage.internals.log.UnifiedLog)
[2026-03-09 17:27:51,901] INFO Created log for partition baseline-auto-topic-0496-0 in /tmp/kraft-combined-logs/baseline-auto-topic-0496-0 with properties {} (kafka.log.LogManager)
[2026-03-09 17:27:51,901] INFO [Partition baseline-auto-topic-0496-0 broker=1] No checkpointed highwatermark is found for partition baseline-auto-topic-0496-0 (kafka.cluster.Partition)
[2026-03-09 17:27:51,901] INFO [Partition baseline-auto-topic-0496-0 broker=1] Log loaded for partition baseline-auto-topic-0496-0 with initial high watermark 0 (kafka.cluster.Partition)
[2026-03-09 17:27:52,082] INFO Sent auto-creation request for Set(baseline-auto-topic-0497) to the active controller. (kafka.server.DefaultAutoTopicCreationManager)
[2026-03-09 17:27:52,113] INFO [ReplicaFetcherManager on broker 1] Removed fetcher for partitions Set(baseline-auto-topic-0497-0) (kafka.server.ReplicaFetcherManager)
[2026-03-09 17:27:52,117] INFO [LogLoader partition=baseline-auto-topic-0497-0, dir=/tmp/kraft-combined-logs] Loading producer state till offset 0 (org.apache.kafka.storage.internals.log.UnifiedLog)
[2026-03-09 17:27:52,117] INFO Created log for partition baseline-auto-topic-0497-0 in /tmp/kraft-combined-logs/baseline-auto-topic-0497-0 with properties {} (kafka.log.LogManager)
[2026-03-09 17:27:52,118] INFO [Partition baseline-auto-topic-0497-0 broker=1] No checkpointed highwatermark is found for partition baseline-auto-topic-0497-0 (kafka.cluster.Partition)
[2026-03-09 17:27:52,118] INFO [Partition baseline-auto-topic-0497-0 broker=1] Log loaded for partition baseline-auto-topic-0497-0 with initial high watermark 0 (kafka.cluster.Partition)
[2026-03-09 17:27:52,319] INFO Sent auto-creation request for Set(baseline-auto-topic-0498) to the active controller. (kafka.server.DefaultAutoTopicCreationManager)
[2026-03-09 17:27:52,351] INFO [ReplicaFetcherManager on broker 1] Removed fetcher for partitions Set(baseline-auto-topic-0498-0) (kafka.server.ReplicaFetcherManager)
[2026-03-09 17:27:52,356] INFO [LogLoader partition=baseline-auto-topic-0498-0, dir=/tmp/kraft-combined-logs] Loading producer state till offset 0 (org.apache.kafka.storage.internals.log.UnifiedLog)
[2026-03-09 17:27:52,357] INFO Created log for partition baseline-auto-topic-0498-0 in /tmp/kraft-combined-logs/baseline-auto-topic-0498-0 with properties {} (kafka.log.LogManager)
[2026-03-09 17:27:52,357] INFO [Partition baseline-auto-topic-0498-0 broker=1] No checkpointed highwatermark is found for partition baseline-auto-topic-0498-0 (kafka.cluster.Partition)
[2026-03-09 17:27:52,357] INFO [Partition baseline-auto-topic-0498-0 broker=1] Log loaded for partition baseline-auto-topic-0498-0 with initial high watermark 0 (kafka.cluster.Partition)
[2026-03-09 17:27:52,560] INFO Sent auto-creation request for Set(baseline-auto-topic-0499) to the active controller. (kafka.server.DefaultAutoTopicCreationManager)
[2026-03-09 17:27:52,589] INFO [ReplicaFetcherManager on broker 1] Removed fetcher for partitions Set(baseline-auto-topic-0499-0) (kafka.server.ReplicaFetcherManager)
[2026-03-09 17:27:52,595] INFO [LogLoader partition=baseline-auto-topic-0499-0, dir=/tmp/kraft-combined-logs] Loading producer state till offset 0 (org.apache.kafka.storage.internals.log.UnifiedLog)
[2026-03-09 17:27:52,595] INFO Created log for partition baseline-auto-topic-0499-0 in /tmp/kraft-combined-logs/baseline-auto-topic-0499-0 with properties {} (kafka.log.LogManager)
[2026-03-09 17:27:52,595] INFO [Partition baseline-auto-topic-0499-0 broker=1] No checkpointed highwatermark is found for partition baseline-auto-topic-0499-0 (kafka.cluster.Partition)
[2026-03-09 17:27:52,596] INFO [Partition baseline-auto-topic-0499-0 broker=1] Log loaded for partition baseline-auto-topic-0499-0 with initial high watermark 0 (kafka.cluster.Partition)
[2026-03-09 17:27:52,796] INFO Sent auto-creation request for Set(baseline-auto-topic-0500) to the active controller. (kafka.server.DefaultAutoTopicCreationManager)
[2026-03-09 17:27:52,827] INFO [ReplicaFetcherManager on broker 1] Removed fetcher for partitions Set(baseline-auto-topic-0500-0) (kafka.server.ReplicaFetcherManager)
[2026-03-09 17:27:52,832] INFO [LogLoader partition=baseline-auto-topic-0500-0, dir=/tmp/kraft-combined-logs] Loading producer state till offset 0 (org.apache.kafka.storage.internals.log.UnifiedLog)
[2026-03-09 17:27:52,832] INFO Created log for partition baseline-auto-topic-0500-0 in /tmp/kraft-combined-logs/baseline-auto-topic-0500-0 with properties {} (kafka.log.LogManager)
[2026-03-09 17:27:52,833] INFO [Partition baseline-auto-topic-0500-0 broker=1] No checkpointed highwatermark is found for partition baseline-auto-topic-0500-0 (kafka.cluster.Partition)
[2026-03-09 17:27:52,833] INFO [Partition baseline-auto-topic-0500-0 broker=1] Log loaded for partition baseline-auto-topic-0500-0 with initial high watermark 0 (kafka.cluster.Partition)
